{"cam_eye": [0.2855612019784898, -0.045468006783008635, 0.5478076270269542], "target_pos": [0.5, 0.0, 0.2], "class_id": 11}