{"cam_eye": [0.715419835049428, 0.05871954084202076, 0.24410585676241836], "target_pos": [0.5, 0.0, 0.2], "class_id": 11}