{"cam_eye": [0.09850451999489329, 0.13599506114418783, 0.24632801699176665], "target_pos": [0.5, 0.0, 0.2], "class_id": 11}