{"cam_eye": [0.6612830408442424, 0.1969398924174406, 0.47131595591880376], "target_pos": [0.5, 0.0, 0.2], "class_id": 11}