{"cam_eye": [0.08626161319022813, 0.08216646037351606, 0.3420788126050385], "target_pos": [0.5, 0.0, 0.2], "class_id": 11}