{"cam_eye": [0.47293656980539706, -0.049889076990514425, 0.527824684204869], "target_pos": [0.5, 0.0, 0.2], "class_id": 11}