{"cam_eye": [0.6229589416948793, 0.15687005795330167, 0.612518720237769], "target_pos": [0.5, 0.0, 0.2], "class_id": 11}