{"cam_eye": [0.5365620948459363, -0.14108035442927958, 0.5587023518433067], "target_pos": [0.5, 0.0, 0.2], "class_id": 11}