{"cam_eye": [0.24930525295328726, 0.04403035106867428, 0.33809974993201686], "target_pos": [0.5, 0.0, 0.2], "class_id": 11}