{"cam_eye": [0.4749281998327795, -0.01867046258854941, 0.49211674855705667], "target_pos": [0.5, 0.0, 0.2], "class_id": 11}