{"cam_eye": [0.5172506354430567, -0.05082126093512834, 0.48881040264610714], "target_pos": [0.5, 0.0, 0.2], "class_id": 11}