{"cam_eye": [0.5530625234558104, 0.08887754505077904, 0.514882551698185], "target_pos": [0.5, 0.0, 0.2], "class_id": 11}