{"cam_eye": [0.208054908923895, 0.07819296948429104, 0.39564204768463757], "target_pos": [0.5, 0.0, 0.2], "class_id": 11}