{"cam_eye": [0.48698879568264475, 0.07803545138614498, 0.6373389073191746], "target_pos": [0.5, 0.0, 0.2], "class_id": 11}