{"cam_eye": [0.42097528975807397, 0.24581622701982744, 0.40657182907240413], "target_pos": [0.5, 0.0, 0.2], "class_id": 11}