{"cam_eye": [0.2543338868258044, -0.06696268208348809, 0.32281369837652035], "target_pos": [0.5, 0.0, 0.2], "class_id": 11}