{"cam_eye": [0.7473809150400167, 0.16775507898835074, 0.2699859944460979], "target_pos": [0.5, 0.0, 0.2], "class_id": 11}