{"cam_eye": [0.061088542442313765, -0.14882313462344005, 0.3854775486722535], "target_pos": [0.5, 0.0, 0.2], "class_id": 11}