{"cam_eye": [0.4903219807834084, 0.26594610327237017, 0.5136623716429097], "target_pos": [0.5, 0.0, 0.2], "class_id": 11}