{"cam_eye": [0.2086767034600635, -0.04561318840370013, 0.4566825502121241], "target_pos": [0.5, 0.0, 0.2], "class_id": 11}