{"cam_eye": [0.43975543289459085, 0.1932791939652386, 0.31891017257355], "target_pos": [0.5, 0.0, 0.2], "class_id": 11}