{"cam_eye": [0.8833013505769305, 0.0484221448435722, 0.47935245990348374], "target_pos": [0.5, 0.0, 0.2], "class_id": 11}