{"cam_eye": [0.514519325036692, 0.08359924437787733, 0.5448913519783151], "target_pos": [0.5, 0.0, 0.2], "class_id": 11}