{"cam_eye": [0.4928004253905466, 0.22653677321553436, 0.3537813829389983], "target_pos": [0.5, 0.0, 0.2], "class_id": 11}