{"cam_eye": [0.507542833334926, 0.06601822388134501, 0.4706918840420248], "target_pos": [0.5, 0.0, 0.2], "class_id": 11}