{"cam_eye": [0.5242860588266242, 0.13928105183450043, 0.5805007934222131], "target_pos": [0.5, 0.0, 0.2], "class_id": 11}