{"cam_eye": [0.5071889813479259, 0.06231261544155416, 0.5643100256528876], "target_pos": [0.5, 0.0, 0.2], "class_id": 11}