{"cam_eye": [0.6080677799127211, 0.22301447103531521, 0.41614662469398556], "target_pos": [0.5, 0.0, 0.2], "class_id": 11}