{"cam_eye": [0.3913521110923849, 0.04610344399745133, 0.4656609590941682], "target_pos": [0.5, 0.0, 0.2], "class_id": 11}