{"cam_eye": [0.21750961433991384, -0.05011436278711124, 0.44502174577779147], "target_pos": [0.5, 0.0, 0.2], "class_id": 11}