{"cam_eye": [0.6444958311804799, 0.06128580020401106, 0.45974179684163047], "target_pos": [0.5, 0.0, 0.2], "class_id": 11}