{"cam_eye": [0.5507804236296555, -0.049268007143920725, 0.4191742406541573], "target_pos": [0.5, 0.0, 0.2], "class_id": 11}