{"cam_eye": [0.34321495009444547, -0.3168465775164668, 0.29036282320998597], "target_pos": [0.5, 0.0, 0.2], "class_id": 11}