{"cam_eye": [0.5179154309432322, 0.22840522316375944, 0.5061325860584529], "target_pos": [0.5, 0.0, 0.2], "class_id": 11}