{"cam_eye": [0.8286059400108163, 0.2191814068686741, 0.2746402604944086], "target_pos": [0.5, 0.0, 0.2], "class_id": 11}