{"cam_eye": [0.45909443744838974, -0.16165540497432096, 0.44752886897615995], "target_pos": [0.5, 0.0, 0.2], "class_id": 11}