{"cam_eye": [0.3344470811750633, 0.021198630272245306, 0.37334957738150687], "target_pos": [0.5, 0.0, 0.2], "class_id": 11}