{"cam_eye": [0.5510505598735749, 0.053767613036322826, 0.6798067140677426], "target_pos": [0.5, 0.0, 0.2], "class_id": 11}