{"cam_eye": [0.18789740023243262, 0.17153427094187854, 0.304975446035825], "target_pos": [0.5, 0.0, 0.2], "class_id": 11}