{"cam_eye": [0.5417120780111766, -0.22810605446351692, 0.439530108946399], "target_pos": [0.5, 0.0, 0.2], "class_id": 11}