{"cam_eye": [0.47471226362575153, -0.06393351856645219, 0.3922833600612617], "target_pos": [0.5, 0.0, 0.2], "class_id": 11}