{"cam_eye": [0.6912114725245102, -0.15500028168896904, 0.48931938344324993], "target_pos": [0.5, 0.0, 0.2], "class_id": 11}