{"cam_eye": [0.6088289369279671, 0.17623464159928207, 0.34674138442187974], "target_pos": [0.5, 0.0, 0.2], "class_id": 11}