{"cam_eye": [0.424899450162466, -0.04687541089982566, 0.4338125562581154], "target_pos": [0.5, 0.0, 0.2], "class_id": 11}