{"cam_eye": [0.61505229054728, 0.061828782518079876, 0.40899363515444753], "target_pos": [0.5, 0.0, 0.2], "class_id": 11}