{"cam_eye": [0.5296312634277764, 0.09692082895337648, 0.6518333710023334], "target_pos": [0.5, 0.0, 0.2], "class_id": 11}