{"cam_eye": [0.8112874675774984, 0.16436894577986041, 0.38887915346336877], "target_pos": [0.5, 0.0, 0.2], "class_id": 11}