{"cam_eye": [0.5859574423731632, 0.010000133472392097, 0.6859528041488364], "target_pos": [0.5, 0.0, 0.2], "class_id": 11}