{"cam_eye": [0.4041592290868257, -0.2011015658581202, 0.3022078266867939], "target_pos": [0.5, 0.0, 0.2], "class_id": 11}