{"cam_eye": [0.33118321479645757, -0.04408952248189495, 0.37144023321786634], "target_pos": [0.5, 0.0, 0.2], "class_id": 11}