{"cam_eye": [0.35155553018608154, 0.2770758377212412, 0.4842474318408061], "target_pos": [0.5, 0.0, 0.2], "class_id": 11}