{"cam_eye": [0.4521352959124107, -0.34165941367809044, 0.38697312950901086], "target_pos": [0.5, 0.0, 0.2], "class_id": 11}