{"cam_eye": [0.9403006476318763, 0.09160334409168047, 0.4111532361258579], "target_pos": [0.5, 0.0, 0.2], "class_id": 11}