{"cam_eye": [0.8890610015073164, -0.0398128794410935, 0.4017163691758868], "target_pos": [0.5, 0.0, 0.2], "class_id": 11}