{"cam_eye": [0.5271437622289197, 0.17131198709341489, 0.40901168813751154], "target_pos": [0.5, 0.0, 0.2], "class_id": 11}