{"cam_eye": [0.38926966969290044, -0.08059827744462035, 0.41885794510064134], "target_pos": [0.5, 0.0, 0.2], "class_id": 11}