{"cam_eye": [0.24892238465284655, 0.16784824967623382, 0.3289784424942633], "target_pos": [0.5, 0.0, 0.2], "class_id": 11}