{"cam_eye": [0.5760182681919279, 0.059276850521009644, 0.4999765061747508], "target_pos": [0.5, 0.0, 0.2], "class_id": 11}