{"cam_eye": [0.8112717332008048, -0.009756173279925841, 0.36352037485428645], "target_pos": [0.5, 0.0, 0.2], "class_id": 11}