{"cam_eye": [0.34527833009828135, -0.44176313043821336, 0.24824516878065667], "target_pos": [0.5, 0.0, 0.2], "class_id": 11}