{"cam_eye": [0.44610221633719366, 0.3420487908404492, 0.48739266323888436], "target_pos": [0.5, 0.0, 0.2], "class_id": 11}