{"cam_eye": [0.4623941821109084, -0.06757765797593711, 0.6386058450454928], "target_pos": [0.5, 0.0, 0.2], "class_id": 11}