{"cam_eye": [0.3666758832828587, 0.117856603898053, 0.44558688856807727], "target_pos": [0.5, 0.0, 0.2], "class_id": 11}