{"cam_eye": [0.6950477413331532, 0.3453886926243652, 0.28454108756158153], "target_pos": [0.5, 0.0, 0.2], "class_id": 11}