{"cam_eye": [0.7396444013265524, 0.31325848336698314, 0.3346509951463631], "target_pos": [0.5, 0.0, 0.2], "class_id": 11}