{"cam_eye": [0.6565538863028904, -0.1927589787559856, 0.5699378569900988], "target_pos": [0.5, 0.0, 0.2], "class_id": 11}