{"cam_eye": [0.35203267087674817, -0.10451394649236716, 0.3290615070814456], "target_pos": [0.5, 0.0, 0.2], "class_id": 11}