{"cam_eye": [0.2223052486956651, -0.06524057696780956, 0.38694408155039633], "target_pos": [0.5, 0.0, 0.2], "class_id": 11}