{"cam_eye": [0.15066282419417615, 0.019777849524202498, 0.36630539999367845], "target_pos": [0.5, 0.0, 0.2], "class_id": 11}