{"cam_eye": [0.28804920346038765, 0.20023874375435616, 0.294589790494449], "target_pos": [0.5, 0.0, 0.2], "class_id": 11}