{"cam_eye": [0.3972248188938635, -0.21534117577507206, 0.35001605534367025], "target_pos": [0.5, 0.0, 0.2], "class_id": 11}