{"cam_eye": [0.1470923303414151, 0.14924062763530355, 0.38182206228406435], "target_pos": [0.5, 0.0, 0.2], "class_id": 11}