{"cam_eye": [0.5971497872226919, 0.007155806875921288, 0.388716046103695], "target_pos": [0.5, 0.0, 0.2], "class_id": 11}