{"cam_eye": [0.5206034041863759, -0.15104349290676783, 0.3341061149611124], "target_pos": [0.5, 0.0, 0.2], "class_id": 11}