{"cam_eye": [0.6930861613697319, -0.022425397998687, 0.26873777461085924], "target_pos": [0.5, 0.0, 0.2], "class_id": 11}