{"cam_eye": [0.5660932427930275, 0.0068955675592983785, 0.47858254199129296], "target_pos": [0.5, 0.0, 0.2], "class_id": 11}