{"cam_eye": [0.4094091671152712, 0.19638804056269404, 0.6041839359180815], "target_pos": [0.5, 0.0, 0.2], "class_id": 11}