{"cam_eye": [0.7420278220704176, -0.27827659121455367, 0.24912053272699558], "target_pos": [0.5, 0.0, 0.2], "class_id": 11}