{"cam_eye": [0.7954331532817882, -0.00019853477471791075, 0.4540077199282424], "target_pos": [0.5, 0.0, 0.2], "class_id": 11}