{"cam_eye": [0.4270347127821227, 0.025956007047468546, 0.6199596996768411], "target_pos": [0.5, 0.0, 0.2], "class_id": 11}