{"cam_eye": [0.3369662593881044, 0.1699085751117048, 0.37835771096546755], "target_pos": [0.5, 0.0, 0.2], "class_id": 11}