{"cam_eye": [0.669881984305126, 0.41685623750746187, 0.2581296280035951], "target_pos": [0.5, 0.0, 0.2], "class_id": 11}