{"cam_eye": [0.5134104467255146, -0.21037652886262512, 0.3391540702144976], "target_pos": [0.5, 0.0, 0.2], "class_id": 11}