{"cam_eye": [0.5388062912263588, -0.19011063234536124, 0.37135455679756757], "target_pos": [0.5, 0.0, 0.2], "class_id": 11}