{"cam_eye": [0.19469222525139568, -0.10158570627552815, 0.3252261123090833], "target_pos": [0.5, 0.0, 0.2], "class_id": 11}