{"cam_eye": [0.39603982337534344, -0.015121221694439078, 0.45835265497318356], "target_pos": [0.5, 0.0, 0.2], "class_id": 11}