{"cam_eye": [0.5110239938977987, 0.05663490560657641, 0.44507998895214207], "target_pos": [0.5, 0.0, 0.2], "class_id": 11}