{"cam_eye": [0.5306928674012904, -0.03152381861486819, 0.439262883573052], "target_pos": [0.5, 0.0, 0.2], "class_id": 11}