{"cam_eye": [0.5414261015003706, 0.1263290089783554, 0.3931636094157312], "target_pos": [0.5, 0.0, 0.2], "class_id": 11}