{"cam_eye": [0.43509145156865797, -0.012467829583312535, 0.5149928495583327], "target_pos": [0.5, 0.0, 0.2], "class_id": 11}