{"cam_eye": [0.7669426474752616, -0.01346359571019219, 0.3179115670432833], "target_pos": [0.5, 0.0, 0.2], "class_id": 11}