{"cam_eye": [0.6940617362462516, 0.09840334222419159, 0.612298897868633], "target_pos": [0.5, 0.0, 0.2], "class_id": 11}