{"cam_eye": [0.8966062803669799, -0.05222388802982282, 0.4659028724474018], "target_pos": [0.5, 0.0, 0.2], "class_id": 11}