{"cam_eye": [0.6502615428868771, -0.07976667885108109, 0.31524715763034056], "target_pos": [0.5, 0.0, 0.2], "class_id": 11}