{"cam_eye": [0.13463536044367197, 0.09663374635662657, 0.37454551569843786], "target_pos": [0.5, 0.0, 0.2], "class_id": 11}