{"cam_eye": [0.4209949069085932, 0.09379234979588667, 0.6018536727455179], "target_pos": [0.5, 0.0, 0.2], "class_id": 11}