{"cam_eye": [0.38709041946492084, -0.12451103969424712, 0.3630716267193065], "target_pos": [0.5, 0.0, 0.2], "class_id": 11}