{"cam_eye": [0.6936973433685059, 0.1358432009531243, 0.3623774875579442], "target_pos": [0.5, 0.0, 0.2], "class_id": 11}