{"cam_eye": [0.1754324952752752, 0.14922563063697405, 0.5425662365656931], "target_pos": [0.5, 0.0, 0.2], "class_id": 11}