{"cam_eye": [0.3417598067055657, -0.16872885212495542, 0.3768275134570915], "target_pos": [0.5, 0.0, 0.2], "class_id": 11}