{"cam_eye": [0.16243997741723093, 0.06144358329220251, 0.29349622985861734], "target_pos": [0.5, 0.0, 0.2], "class_id": 10}