{"cam_eye": [0.46540157308250774, -0.1045052253199056, 0.4826375634425777], "target_pos": [0.5, 0.0, 0.2], "class_id": 10}