{"cam_eye": [0.544473790781863, 0.007687996897256611, 0.4542273869513562], "target_pos": [0.5, 0.0, 0.2], "class_id": 10}