{"cam_eye": [0.41832017728400517, 0.18278451253489625, 0.4542353592629382], "target_pos": [0.5, 0.0, 0.2], "class_id": 10}