{"cam_eye": [0.6164721444854613, -0.2588018613800633, 0.5652918606489039], "target_pos": [0.5, 0.0, 0.2], "class_id": 10}