{"cam_eye": [0.38084729904848097, 0.08742666250950554, 0.4451710943069945], "target_pos": [0.5, 0.0, 0.2], "class_id": 10}