{"cam_eye": [0.3078660312452652, 0.2285674657216462, 0.39230770004867327], "target_pos": [0.5, 0.0, 0.2], "class_id": 10}