{"cam_eye": [0.45913880864634077, -0.10606637430410633, 0.5944456345848572], "target_pos": [0.5, 0.0, 0.2], "class_id": 10}