{"cam_eye": [0.47779421276120315, -0.2242555584462609, 0.4018712459835823], "target_pos": [0.5, 0.0, 0.2], "class_id": 10}