{"cam_eye": [0.5825681212242547, 0.38633649936755493, 0.28558521733103864], "target_pos": [0.5, 0.0, 0.2], "class_id": 10}