{"cam_eye": [0.548756307757811, 0.07020393468407005, 0.453124231865468], "target_pos": [0.5, 0.0, 0.2], "class_id": 10}