{"cam_eye": [0.7677390585520905, 0.1939021906544747, 0.5308709341927033], "target_pos": [0.5, 0.0, 0.2], "class_id": 10}