{"cam_eye": [0.5542566322272392, -0.14045427110068057, 0.4121735049239253], "target_pos": [0.5, 0.0, 0.2], "class_id": 10}