{"cam_eye": [0.7737886287561706, 0.372147869139598, 0.2768440384608899], "target_pos": [0.5, 0.0, 0.2], "class_id": 10}