{"cam_eye": [0.3266737423187881, -0.044939142899078174, 0.5036056769084617], "target_pos": [0.5, 0.0, 0.2], "class_id": 10}