{"cam_eye": [0.5307477650696204, 0.11595244675413639, 0.4227139713614746], "target_pos": [0.5, 0.0, 0.2], "class_id": 10}