{"cam_eye": [0.4288143534762233, -0.26537167331280537, 0.4392138363033411], "target_pos": [0.5, 0.0, 0.2], "class_id": 10}