{"cam_eye": [0.6293283412488444, -0.43028092828426157, 0.3247912568790739], "target_pos": [0.5, 0.0, 0.2], "class_id": 10}