{"cam_eye": [0.6358150568102676, -0.08800764729577572, 0.524835950413148], "target_pos": [0.5, 0.0, 0.2], "class_id": 10}