{"cam_eye": [0.3102199051272676, 0.19342812951720664, 0.28281266374926284], "target_pos": [0.5, 0.0, 0.2], "class_id": 10}