{"cam_eye": [0.5500862481929658, -0.06596447737807726, 0.6059734115064803], "target_pos": [0.5, 0.0, 0.2], "class_id": 10}