{"cam_eye": [0.5969388074495651, -0.2832068482109603, 0.46257188322244364], "target_pos": [0.5, 0.0, 0.2], "class_id": 10}