{"cam_eye": [0.5625790885572575, -0.030144159265927145, 0.45740268457890254], "target_pos": [0.5, 0.0, 0.2], "class_id": 10}