{"cam_eye": [0.5334562302991155, -0.08183254091783869, 0.453058282276747], "target_pos": [0.5, 0.0, 0.2], "class_id": 10}