{"cam_eye": [0.4838672693553723, -0.16321868110783105, 0.35462582248408353], "target_pos": [0.5, 0.0, 0.2], "class_id": 10}