{"cam_eye": [0.4711671731338057, -0.1405069497790953, 0.38623473196731906], "target_pos": [0.5, 0.0, 0.2], "class_id": 10}