{"cam_eye": [0.43562199500028487, -0.04836463224283151, 0.5065664363268001], "target_pos": [0.5, 0.0, 0.2], "class_id": 10}