{"cam_eye": [0.41996950375123554, -0.021304896532174974, 0.47871715430079914], "target_pos": [0.5, 0.0, 0.2], "class_id": 10}