{"cam_eye": [0.5623286437997592, -0.3913308489365095, 0.39560620857998685], "target_pos": [0.5, 0.0, 0.2], "class_id": 10}