{"cam_eye": [0.5453676323291754, 0.08314278166272936, 0.6609606792966294], "target_pos": [0.5, 0.0, 0.2], "class_id": 10}