{"cam_eye": [0.3960536803363618, -0.10315284307210026, 0.5388376833590038], "target_pos": [0.5, 0.0, 0.2], "class_id": 10}