{"cam_eye": [0.3585024135270718, 0.08194379390450911, 0.41748022135458773], "target_pos": [0.5, 0.0, 0.2], "class_id": 10}