{"cam_eye": [0.5539630711543448, -0.07414443743234621, 0.45546029243196967], "target_pos": [0.5, 0.0, 0.2], "class_id": 10}