{"cam_eye": [0.5014330965601189, 0.15393694917946707, 0.6568514050375465], "target_pos": [0.5, 0.0, 0.2], "class_id": 10}