{"cam_eye": [0.5664780935587332, 0.14123112954239112, 0.5240119628709439], "target_pos": [0.5, 0.0, 0.2], "class_id": 10}