{"cam_eye": [0.5123351986653194, 0.24815372074679537, 0.519156308447178], "target_pos": [0.5, 0.0, 0.2], "class_id": 10}