{"cam_eye": [0.46613928442933594, 0.19760486245151546, 0.23758015621493578], "target_pos": [0.5, 0.0, 0.2], "class_id": 10}