{"cam_eye": [0.3272644885539465, 0.07848204086176944, 0.483285085800949], "target_pos": [0.5, 0.0, 0.2], "class_id": 10}