{"cam_eye": [0.6126194599618671, -0.020277966987381022, 0.4076935785768464], "target_pos": [0.5, 0.0, 0.2], "class_id": 10}