{"cam_eye": [0.2841527897439042, -0.20847728575591845, 0.2612106337177885], "target_pos": [0.5, 0.0, 0.2], "class_id": 10}