{"cam_eye": [0.46349528052390687, 0.045847547358019373, 0.5509743365984152], "target_pos": [0.5, 0.0, 0.2], "class_id": 10}