{"cam_eye": [0.5569516164481785, -0.21123048973734224, 0.4376444442816638], "target_pos": [0.5, 0.0, 0.2], "class_id": 10}