{"cam_eye": [0.3631185475662728, 0.06982238527633458, 0.5726959891072201], "target_pos": [0.5, 0.0, 0.2], "class_id": 10}