{"cam_eye": [0.36256431376605114, 0.21268770398757011, 0.22702663818838667], "target_pos": [0.5, 0.0, 0.2], "class_id": 10}