{"cam_eye": [0.8663029465866248, 0.24359711104110215, 0.31232321793592044], "target_pos": [0.5, 0.0, 0.2], "class_id": 10}