{"cam_eye": [0.36940900753129385, -0.29715614777766125, 0.5728832535047064], "target_pos": [0.5, 0.0, 0.2], "class_id": 10}