{"cam_eye": [0.2911537625062296, 0.06717516862090232, 0.2606794377888784], "target_pos": [0.5, 0.0, 0.2], "class_id": 10}