{"cam_eye": [0.3415709228826915, 0.017551568390295067, 0.432686114073214], "target_pos": [0.5, 0.0, 0.2], "class_id": 10}