{"cam_eye": [0.3753443064334065, 0.009014733146416395, 0.4005636952600991], "target_pos": [0.5, 0.0, 0.2], "class_id": 10}