{"cam_eye": [0.7240414675345668, -0.040866490513412165, 0.3684022360839808], "target_pos": [0.5, 0.0, 0.2], "class_id": 10}