{"cam_eye": [0.4398373257112512, -0.03402550387005361, 0.6286861180303556], "target_pos": [0.5, 0.0, 0.2], "class_id": 10}