{"cam_eye": [0.6592393949081337, 0.407928856377871, 0.32830183521159134], "target_pos": [0.5, 0.0, 0.2], "class_id": 10}