{"cam_eye": [0.6563813219683929, 0.20884215469157516, 0.467688591990549], "target_pos": [0.5, 0.0, 0.2], "class_id": 10}