{"cam_eye": [0.7510572429028479, 0.007262296941804625, 0.3431395935481718], "target_pos": [0.5, 0.0, 0.2], "class_id": 10}