{"cam_eye": [0.7440099757820324, 0.13242315275512848, 0.5860608891632006], "target_pos": [0.5, 0.0, 0.2], "class_id": 10}