{"cam_eye": [0.4756783905579176, -0.014676116792725319, 0.4218307758946035], "target_pos": [0.5, 0.0, 0.2], "class_id": 10}