{"cam_eye": [0.6124446226866831, 0.22801435813846876, 0.5524543999711855], "target_pos": [0.5, 0.0, 0.2], "class_id": 10}