{"cam_eye": [0.6513405481698444, -0.31625701904929554, 0.41591254548724926], "target_pos": [0.5, 0.0, 0.2], "class_id": 10}