{"cam_eye": [0.5267791605558828, -0.013409488710565418, 0.43561238294652205], "target_pos": [0.5, 0.0, 0.2], "class_id": 10}