{"cam_eye": [0.718097656956917, -0.11481214401226214, 0.3668233082000033], "target_pos": [0.5, 0.0, 0.2], "class_id": 10}