{"cam_eye": [0.5851403043431216, -0.14222007635218276, 0.3765862747613207], "target_pos": [0.5, 0.0, 0.2], "class_id": 10}