{"cam_eye": [0.4184248545713383, -0.28072270100995794, 0.3057378640316922], "target_pos": [0.5, 0.0, 0.2], "class_id": 10}