{"cam_eye": [0.2417216109655128, -0.19215437371481817, 0.26787700769530653], "target_pos": [0.5, 0.0, 0.2], "class_id": 10}