{"cam_eye": [0.5265294474502195, 0.013912555696402816, 0.44041537429880906], "target_pos": [0.5, 0.0, 0.2], "class_id": 10}