{"cam_eye": [0.5980731618827948, -0.08551580827811729, 0.6043417527098105], "target_pos": [0.5, 0.0, 0.2], "class_id": 10}