{"cam_eye": [0.3994551615057965, -0.39723566077816436, 0.2677526628852953], "target_pos": [0.5, 0.0, 0.2], "class_id": 10}