{"cam_eye": [0.19221069268586582, -0.20943772567307253, 0.2545314784798506], "target_pos": [0.5, 0.0, 0.2], "class_id": 10}