{"cam_eye": [0.5408768946883709, -0.17313942291360238, 0.3167277921327116], "target_pos": [0.5, 0.0, 0.2], "class_id": 10}