{"cam_eye": [0.7181350395311468, -0.09252598116061722, 0.3364543015730215], "target_pos": [0.5, 0.0, 0.2], "class_id": 10}