{"cam_eye": [0.5346260919757623, -0.022638417205373896, 0.4850975486759684], "target_pos": [0.5, 0.0, 0.2], "class_id": 10}