{"cam_eye": [0.8466761406388628, -0.07108312629401939, 0.28723601454175013], "target_pos": [0.5, 0.0, 0.2], "class_id": 10}