{"cam_eye": [0.6912132459812801, -0.07325339371946399, 0.44728831032292776], "target_pos": [0.5, 0.0, 0.2], "class_id": 10}