{"cam_eye": [0.6954899823301434, 0.10616603387600339, 0.3179673938676746], "target_pos": [0.5, 0.0, 0.2], "class_id": 10}