{"cam_eye": [0.42293503791979026, -0.06254751587508325, 0.4977979461075554], "target_pos": [0.5, 0.0, 0.2], "class_id": 10}