{"cam_eye": [0.16243561124866868, 0.20871769577989435, 0.41799294585947444], "target_pos": [0.5, 0.0, 0.2], "class_id": 10}