{"cam_eye": [0.454626050457231, -0.22227300609949557, 0.3512849924722138], "target_pos": [0.5, 0.0, 0.2], "class_id": 10}