{"cam_eye": [0.4698944408561382, -0.1209260688870043, 0.3823910952738186], "target_pos": [0.5, 0.0, 0.2], "class_id": 10}