{"cam_eye": [0.6034336051504984, -0.016325359494690005, 0.4446833619848213], "target_pos": [0.5, 0.0, 0.2], "class_id": 10}