{"cam_eye": [0.335601205893876, 0.07562959128241369, 0.3018841519757285], "target_pos": [0.5, 0.0, 0.2], "class_id": 10}