{"cam_eye": [0.424181072669095, 0.3545648908912735, 0.5362739075931622], "target_pos": [0.5, 0.0, 0.2], "class_id": 10}