{"cam_eye": [0.6886185247419914, 0.1450646131524349, 0.4768199738866536], "target_pos": [0.5, 0.0, 0.2], "class_id": 10}