{"cam_eye": [0.8261273047861377, 0.06284156141828925, 0.33112097071161534], "target_pos": [0.5, 0.0, 0.2], "class_id": 10}