{"cam_eye": [0.3959778250155165, -0.026961389038894373, 0.5608308459921014], "target_pos": [0.5, 0.0, 0.2], "class_id": 10}