{"cam_eye": [0.8569445201324271, -0.06524378279883129, 0.4096375929892476], "target_pos": [0.5, 0.0, 0.2], "class_id": 10}