{"cam_eye": [0.25881910375454087, 0.2487854578112603, 0.4993107630792941], "target_pos": [0.5, 0.0, 0.2], "class_id": 10}