{"cam_eye": [0.9369557860716791, -0.1218196737090487, 0.3743576769456063], "target_pos": [0.5, 0.0, 0.2], "class_id": 10}