{"cam_eye": [0.3478756769351794, 0.12705104985297622, 0.4176829915496434], "target_pos": [0.5, 0.0, 0.2], "class_id": 10}