{"cam_eye": [0.22719570256955218, -0.37993261352544444, 0.25895656564186553], "target_pos": [0.5, 0.0, 0.2], "class_id": 10}