{"cam_eye": [0.6981457925627637, 0.08528270275968618, 0.2267815102426723], "target_pos": [0.5, 0.0, 0.2], "class_id": 10}