{"cam_eye": [0.15999232639978805, -0.07974371137776215, 0.40626637184145065], "target_pos": [0.5, 0.0, 0.2], "class_id": 10}