{"cam_eye": [0.7287259909697921, 0.26287918377217634, 0.49048975610640194], "target_pos": [0.5, 0.0, 0.2], "class_id": 10}