{"cam_eye": [0.5860581808697136, -0.07291743641961392, 0.3835601081385115], "target_pos": [0.5, 0.0, 0.2], "class_id": 10}