{"cam_eye": [0.7236839541851344, -0.012119886221415965, 0.6395536149457244], "target_pos": [0.5, 0.0, 0.2], "class_id": 10}