{"cam_eye": [0.2523280796071897, -0.167146978786947, 0.26779854285036986], "target_pos": [0.5, 0.0, 0.2], "class_id": 10}