{"cam_eye": [0.8236585706645735, -0.02421157030914484, 0.2916894769415138], "target_pos": [0.5, 0.0, 0.2], "class_id": 10}