{"cam_eye": [0.39415853061572287, 0.07761863926446672, 0.4694636448802041], "target_pos": [0.5, 0.0, 0.2], "class_id": 10}