{"cam_eye": [0.7738552195219939, 0.08524762717991956, 0.3472236906784023], "target_pos": [0.5, 0.0, 0.2], "class_id": 10}