{"cam_eye": [0.7482414835946823, -0.0101574488329122, 0.37740894481554743], "target_pos": [0.5, 0.0, 0.2], "class_id": 10}