{"cam_eye": [0.5164466290436365, 0.13201953298833996, 0.6816469771748186], "target_pos": [0.5, 0.0, 0.2], "class_id": 10}