{"cam_eye": [0.37712996625724493, -0.10869576923991854, 0.45051918040560013], "target_pos": [0.5, 0.0, 0.2], "class_id": 10}