{"cam_eye": [0.49680314534527376, 0.4008062802713752, 0.4323311102635542], "target_pos": [0.5, 0.0, 0.2], "class_id": 5}