{"cam_eye": [0.4420133061345562, -0.02905545598457665, 0.4113177191872917], "target_pos": [0.5, 0.0, 0.2], "class_id": 5}