{"cam_eye": [0.6562503983498973, -0.0037626802381918087, 0.35295564873016205], "target_pos": [0.5, 0.0, 0.2], "class_id": 5}