{"cam_eye": [0.6912737770665938, 0.3042511130092139, 0.3748326558289413], "target_pos": [0.5, 0.0, 0.2], "class_id": 5}