{"cam_eye": [0.5418759626011218, 0.31984675460967116, 0.28220969368315824], "target_pos": [0.5, 0.0, 0.2], "class_id": 5}