{"cam_eye": [0.6944370219776028, 0.1018303176585804, 0.28961053855058305], "target_pos": [0.5, 0.0, 0.2], "class_id": 5}