{"cam_eye": [0.5617764703438056, 0.1459765890960155, 0.6422680009787372], "target_pos": [0.5, 0.0, 0.2], "class_id": 5}