{"cam_eye": [0.0636115871463045, -0.07394260231874303, 0.3033821709840706], "target_pos": [0.5, 0.0, 0.2], "class_id": 5}