{"cam_eye": [0.26974171072899333, 0.12911620995709783, 0.24817660865997765], "target_pos": [0.5, 0.0, 0.2], "class_id": 5}