{"cam_eye": [0.5553336921043172, 0.35192192502779024, 0.41022368309025986], "target_pos": [0.5, 0.0, 0.2], "class_id": 5}