{"cam_eye": [0.48916993071138726, -0.08237030973920792, 0.41581740478154505], "target_pos": [0.5, 0.0, 0.2], "class_id": 5}