{"cam_eye": [0.7745169722129606, 0.29671748322871233, 0.452296248884355], "target_pos": [0.5, 0.0, 0.2], "class_id": 5}