{"cam_eye": [0.7511292225925029, -0.1705681793484823, 0.39551948020076505], "target_pos": [0.5, 0.0, 0.2], "class_id": 5}