{"cam_eye": [0.6579868911391331, -0.12586852942952537, 0.6277246123367992], "target_pos": [0.5, 0.0, 0.2], "class_id": 5}