{"cam_eye": [0.4427477694558195, 0.08889566924489542, 0.41108400531914185], "target_pos": [0.5, 0.0, 0.2], "class_id": 5}