{"cam_eye": [0.3367250339742581, 0.1825102963557004, 0.4111203731801276], "target_pos": [0.5, 0.0, 0.2], "class_id": 5}