{"cam_eye": [0.6034334121558109, -0.264064568718241, 0.2306659074824436], "target_pos": [0.5, 0.0, 0.2], "class_id": 5}