{"cam_eye": [0.8833254734640068, -0.29010869905412595, 0.30476275054425245], "target_pos": [0.5, 0.0, 0.2], "class_id": 5}