{"cam_eye": [0.6528428061693834, -0.337140464992375, 0.46555278135008116], "target_pos": [0.5, 0.0, 0.2], "class_id": 5}