{"cam_eye": [0.26891003730963225, 0.1506347267384059, 0.23478747941632674], "target_pos": [0.5, 0.0, 0.2], "class_id": 5}