{"cam_eye": [0.5020494118608655, 0.33601568376646423, 0.3841754907472807], "target_pos": [0.5, 0.0, 0.2], "class_id": 5}