{"cam_eye": [0.4259026768484754, -0.191119270094027, 0.26291683041154035], "target_pos": [0.5, 0.0, 0.2], "class_id": 5}