{"cam_eye": [0.6880076164955065, -0.17230525915110467, 0.5964131945752518], "target_pos": [0.5, 0.0, 0.2], "class_id": 5}