{"cam_eye": [0.5869255539409743, -0.13322348998981826, 0.41978924207847024], "target_pos": [0.5, 0.0, 0.2], "class_id": 5}