{"cam_eye": [0.5755184671468112, -0.023007002014552042, 0.6842922175730193], "target_pos": [0.5, 0.0, 0.2], "class_id": 5}