{"cam_eye": [0.3818506779148316, 0.22516264365018981, 0.24390826723270229], "target_pos": [0.5, 0.0, 0.2], "class_id": 5}