{"cam_eye": [0.32570181491190153, 0.02050575496512722, 0.4213815136911042], "target_pos": [0.5, 0.0, 0.2], "class_id": 5}