{"cam_eye": [0.6920325027060426, 0.18419713330468365, 0.39080569629485573], "target_pos": [0.5, 0.0, 0.2], "class_id": 5}