{"cam_eye": [0.45239900142249423, 0.3273310534267256, 0.4888363317877028], "target_pos": [0.5, 0.0, 0.2], "class_id": 5}