{"cam_eye": [0.4902505358855194, -0.22501889296913025, 0.25498843379853475], "target_pos": [0.5, 0.0, 0.2], "class_id": 5}