{"cam_eye": [0.31465351522267015, -0.014469895110705127, 0.3384927467472234], "target_pos": [0.5, 0.0, 0.2], "class_id": 5}