{"cam_eye": [0.17935879865509674, -0.016090780235928838, 0.2492053561325894], "target_pos": [0.5, 0.0, 0.2], "class_id": 5}