{"cam_eye": [0.4278620691319345, -0.28036494841070203, 0.4726823833205665], "target_pos": [0.5, 0.0, 0.2], "class_id": 5}