{"cam_eye": [0.7048410059714771, -0.28271002036890597, 0.31648412938765624], "target_pos": [0.5, 0.0, 0.2], "class_id": 5}