{"cam_eye": [0.6838232972652045, 0.024901979752319104, 0.5570555665490475], "target_pos": [0.5, 0.0, 0.2], "class_id": 5}