{"cam_eye": [0.7158633630488288, -0.030844882705477743, 0.3044564190181141], "target_pos": [0.5, 0.0, 0.2], "class_id": 5}