{"cam_eye": [0.4537919446021328, 0.1777343429235323, 0.4163509455642296], "target_pos": [0.5, 0.0, 0.2], "class_id": 5}