{"cam_eye": [0.6072166751803864, 0.21699891262125168, 0.3814256904030817], "target_pos": [0.5, 0.0, 0.2], "class_id": 5}