{"cam_eye": [0.6789710610476795, -0.26508204122865353, 0.31135184403931276], "target_pos": [0.5, 0.0, 0.2], "class_id": 5}