{"cam_eye": [0.7295378501040076, -0.1715575886844944, 0.4772671218270238], "target_pos": [0.5, 0.0, 0.2], "class_id": 5}