{"cam_eye": [0.7880006071860762, -0.19373251427969607, 0.29260821372910484], "target_pos": [0.5, 0.0, 0.2], "class_id": 5}