{"cam_eye": [0.5944372483091465, -0.1337553021027815, 0.5218033944062567], "target_pos": [0.5, 0.0, 0.2], "class_id": 5}