{"cam_eye": [0.4773788841710183, 0.12501793054690094, 0.5626102351405876], "target_pos": [0.5, 0.0, 0.2], "class_id": 5}