{"cam_eye": [0.5311226037283936, -0.01124942890070704, 0.44416165894478676], "target_pos": [0.5, 0.0, 0.2], "class_id": 5}