{"cam_eye": [0.523566742044686, 0.3816812619302191, 0.4616015399141838], "target_pos": [0.5, 0.0, 0.2], "class_id": 5}