{"cam_eye": [0.6335412513992179, -0.13259392403503575, 0.5230976508665373], "target_pos": [0.5, 0.0, 0.2], "class_id": 5}