{"cam_eye": [0.46571563296649676, -0.06985710212394917, 0.4228589725339436], "target_pos": [0.5, 0.0, 0.2], "class_id": 5}