{"cam_eye": [0.27909139896410684, 0.047029139457489266, 0.4956396414281371], "target_pos": [0.5, 0.0, 0.2], "class_id": 5}