{"cam_eye": [0.8479051188972949, -0.0350186180998075, 0.4928384231645291], "target_pos": [0.5, 0.0, 0.2], "class_id": 5}