{"cam_eye": [0.5485144582463378, 0.2585437368170041, 0.4334808874286188], "target_pos": [0.5, 0.0, 0.2], "class_id": 5}