{"cam_eye": [0.5810392674082561, 0.019838609264542062, 0.5253955246129647], "target_pos": [0.5, 0.0, 0.2], "class_id": 5}