{"cam_eye": [0.7012113850919904, -0.004421490989756678, 0.28563786791942464], "target_pos": [0.5, 0.0, 0.2], "class_id": 5}