{"cam_eye": [0.5092269433704602, 0.0407148677951076, 0.46385758870701177], "target_pos": [0.5, 0.0, 0.2], "class_id": 5}