{"cam_eye": [0.8339970027159496, 0.06344917232175226, 0.29908940133999906], "target_pos": [0.5, 0.0, 0.2], "class_id": 5}