{"cam_eye": [0.1597000958216398, 0.012284108327026937, 0.4707036058075134], "target_pos": [0.5, 0.0, 0.2], "class_id": 5}