{"cam_eye": [0.31227112298023324, 0.3446105879733339, 0.32005228211887976], "target_pos": [0.5, 0.0, 0.2], "class_id": 5}