{"cam_eye": [0.3031035520271688, -0.30380620127363905, 0.457675921337731], "target_pos": [0.5, 0.0, 0.2], "class_id": 5}