{"cam_eye": [0.48572215812286723, -0.23318974656726602, 0.27296979249886294], "target_pos": [0.5, 0.0, 0.2], "class_id": 5}