{"cam_eye": [0.378410892017015, 0.02062130647776819, 0.4922584737372871], "target_pos": [0.5, 0.0, 0.2], "class_id": 5}