{"cam_eye": [0.6862877519803952, -0.14841943078303313, 0.34291761035192025], "target_pos": [0.5, 0.0, 0.2], "class_id": 5}