{"cam_eye": [0.5691530337162136, -0.16780680722056185, 0.36033992174568014], "target_pos": [0.5, 0.0, 0.2], "class_id": 5}