{"cam_eye": [0.7731027195287871, -0.05331404712905031, 0.32063566109356556], "target_pos": [0.5, 0.0, 0.2], "class_id": 5}