{"cam_eye": [0.37720143625989966, -0.14140845487851492, 0.5701363907473316], "target_pos": [0.5, 0.0, 0.2], "class_id": 5}