{"cam_eye": [0.7944119302436805, 0.10222455549958186, 0.4611628860944553], "target_pos": [0.5, 0.0, 0.2], "class_id": 5}