{"cam_eye": [0.31390630740203057, 0.21041989382577542, 0.390440916737826], "target_pos": [0.5, 0.0, 0.2], "class_id": 5}