{"cam_eye": [0.546315353676172, 0.4195310344518033, 0.42850499563519195], "target_pos": [0.5, 0.0, 0.2], "class_id": 5}