{"cam_eye": [0.8895023874556853, -0.2677331064614394, 0.27395289000096207], "target_pos": [0.5, 0.0, 0.2], "class_id": 5}