{"cam_eye": [0.6839166263327966, 0.3150608193743894, 0.37673459825963795], "target_pos": [0.5, 0.0, 0.2], "class_id": 5}