{"cam_eye": [0.49058199711738176, -0.04728033698430982, 0.4440345107942776], "target_pos": [0.5, 0.0, 0.2], "class_id": 5}