{"cam_eye": [0.6192736493404105, -0.14510880991935896, 0.4364612443169296], "target_pos": [0.5, 0.0, 0.2], "class_id": 5}