{"cam_eye": [0.36495759284001505, -0.22378280634590034, 0.2638826278902482], "target_pos": [0.5, 0.0, 0.2], "class_id": 5}