{"cam_eye": [0.31602547927268454, 0.22206298997255436, 0.5882351226642777], "target_pos": [0.5, 0.0, 0.2], "class_id": 5}