{"cam_eye": [0.6239629481213824, -0.041809893135011725, 0.6086086573523508], "target_pos": [0.5, 0.0, 0.2], "class_id": 5}