{"cam_eye": [0.6815302273772474, -0.20150712993811673, 0.4555061702378642], "target_pos": [0.5, 0.0, 0.2], "class_id": 5}