{"cam_eye": [0.5512048202918325, 0.07188252594086804, 0.5082307716687091], "target_pos": [0.5, 0.0, 0.2], "class_id": 5}