{"cam_eye": [0.22973850049708577, 0.3364889643075818, 0.303949678915728], "target_pos": [0.5, 0.0, 0.2], "class_id": 5}