{"cam_eye": [0.4400486726512072, -0.36047026808206006, 0.30534882962436777], "target_pos": [0.5, 0.0, 0.2], "class_id": 5}