{"cam_eye": [0.3768647248825528, 0.03066145685421619, 0.4596936525192904], "target_pos": [0.5, 0.0, 0.2], "class_id": 5}