{"cam_eye": [0.43274177722231116, 0.12641271291322084, 0.6058514107817559], "target_pos": [0.5, 0.0, 0.2], "class_id": 5}