{"cam_eye": [0.6930910592923394, 0.028905791149819504, 0.3014888024423649], "target_pos": [0.5, 0.0, 0.2], "class_id": 5}