{"cam_eye": [0.6764159878805291, -0.04400350983821528, 0.640583909557726], "target_pos": [0.5, 0.0, 0.2], "class_id": 5}