{"cam_eye": [0.4070205907682328, 0.16935812432856776, 0.44992580690951867], "target_pos": [0.5, 0.0, 0.2], "class_id": 5}