{"cam_eye": [0.3937497050117141, -0.056522297302007106, 0.6404203279702574], "target_pos": [0.5, 0.0, 0.2], "class_id": 5}