{"cam_eye": [0.7463127978480966, -0.40304754510781177, 0.3583601380204372], "target_pos": [0.5, 0.0, 0.2], "class_id": 5}