{"cam_eye": [0.6561106053219654, 0.211016684885392, 0.5048828851138811], "target_pos": [0.5, 0.0, 0.2], "class_id": 5}