{"cam_eye": [0.43843528686364297, 0.16358290366700995, 0.4085724851555008], "target_pos": [0.5, 0.0, 0.2], "class_id": 5}