{"cam_eye": [0.33690240583869735, -0.32725547829899837, 0.24626438302279147], "target_pos": [0.5, 0.0, 0.2], "class_id": 5}