{"cam_eye": [0.887783326329719, -0.23197628968867162, 0.28402455757592465], "target_pos": [0.5, 0.0, 0.2], "class_id": 5}