{"cam_eye": [0.36334799661574707, -0.20554716775587664, 0.22681372413745], "target_pos": [0.5, 0.0, 0.2], "class_id": 5}