{"cam_eye": [0.663228361938387, -0.15201373746876387, 0.2995036973262245], "target_pos": [0.5, 0.0, 0.2], "class_id": 5}