{"cam_eye": [0.5678759363871263, 0.11788147157172282, 0.3835224364108619], "target_pos": [0.5, 0.0, 0.2], "class_id": 5}