{"cam_eye": [0.35662668948300974, 0.16558959612256438, 0.5514744995001508], "target_pos": [0.5, 0.0, 0.2], "class_id": 5}