{"cam_eye": [0.43613139170978393, -0.17244675054276928, 0.3051190357945725], "target_pos": [0.5, 0.0, 0.2], "class_id": 5}