{"cam_eye": [0.650965284147303, 0.037564423842333126, 0.6547779123224932], "target_pos": [0.5, 0.0, 0.2], "class_id": 5}