{"cam_eye": [0.6870719206810507, -0.039481994625771615, 0.41010369376243405], "target_pos": [0.5, 0.0, 0.2], "class_id": 5}