{"cam_eye": [0.6488813884076492, -0.1942067922961641, 0.5837078037908974], "target_pos": [0.5, 0.0, 0.2], "class_id": 5}