{"cam_eye": [0.3515733725011399, 0.364084123278853, 0.34530325268454387], "target_pos": [0.5, 0.0, 0.2], "class_id": 5}