{"cam_eye": [0.3694075386378681, 0.30288010536256366, 0.45043023969091245], "target_pos": [0.5, 0.0, 0.2], "class_id": 5}