{"cam_eye": [0.558922536370976, 0.16009781373295237, 0.5351411544260873], "target_pos": [0.5, 0.0, 0.2], "class_id": 5}