{"cam_eye": [0.3971387710627002, -0.03152414635521759, 0.438728971139803], "target_pos": [0.5, 0.0, 0.2], "class_id": 5}