{"cam_eye": [0.592405602583745, -0.4208983746655956, 0.3777738388918388], "target_pos": [0.5, 0.0, 0.2], "class_id": 4}