{"cam_eye": [0.5169468234126605, 0.11240539259870391, 0.5176684983899191], "target_pos": [0.5, 0.0, 0.2], "class_id": 4}