{"cam_eye": [0.7970458739955754, 0.004885356095880701, 0.41252560110634384], "target_pos": [0.5, 0.0, 0.2], "class_id": 4}