{"cam_eye": [0.49542734985175024, -0.07669405701835401, 0.5607029204701834], "target_pos": [0.5, 0.0, 0.2], "class_id": 4}