{"cam_eye": [0.33823087122265033, -0.09516099171674368, 0.31057333154483024], "target_pos": [0.5, 0.0, 0.2], "class_id": 4}