{"cam_eye": [0.5728363435876589, -0.18783206872177993, 0.5885699284222361], "target_pos": [0.5, 0.0, 0.2], "class_id": 4}