{"cam_eye": [0.6679714021619689, -0.1320976346111674, 0.5297220065626016], "target_pos": [0.5, 0.0, 0.2], "class_id": 4}