{"cam_eye": [0.23464659715666325, -0.1032223892594678, 0.5323665797587913], "target_pos": [0.5, 0.0, 0.2], "class_id": 4}