{"cam_eye": [0.31514152003917434, -0.07840416526608478, 0.3291690218473697], "target_pos": [0.5, 0.0, 0.2], "class_id": 4}