{"cam_eye": [0.3791017299480332, 0.18714400389484376, 0.3038894521043255], "target_pos": [0.5, 0.0, 0.2], "class_id": 4}