{"cam_eye": [0.341048418188288, -0.09873115717295988, 0.4258942624441262], "target_pos": [0.5, 0.0, 0.2], "class_id": 4}