{"cam_eye": [0.6795437307149041, -0.06310381735616302, 0.5418842986960246], "target_pos": [0.5, 0.0, 0.2], "class_id": 4}