{"cam_eye": [0.4734050253263695, -0.013607505322393246, 0.4843202711441167], "target_pos": [0.5, 0.0, 0.2], "class_id": 4}