{"cam_eye": [0.4552690539296928, -0.10794315057687287, 0.3681559332676122], "target_pos": [0.5, 0.0, 0.2], "class_id": 4}