{"cam_eye": [0.6538552796210512, -0.1733860010609072, 0.33723204653303307], "target_pos": [0.5, 0.0, 0.2], "class_id": 4}