{"cam_eye": [0.29675210885157566, 0.24842093159676384, 0.29470920157383046], "target_pos": [0.5, 0.0, 0.2], "class_id": 4}