{"cam_eye": [0.18715240279624218, 0.09691199915823889, 0.44038006200286256], "target_pos": [0.5, 0.0, 0.2], "class_id": 4}