{"cam_eye": [0.45522996115331277, 0.08200902020744884, 0.3978545716225988], "target_pos": [0.5, 0.0, 0.2], "class_id": 4}