{"cam_eye": [0.2268867130924589, 0.04219428109410691, 0.2532353994646815], "target_pos": [0.5, 0.0, 0.2], "class_id": 4}