{"cam_eye": [0.36674124491440585, -0.04943012837892459, 0.5818776050299759], "target_pos": [0.5, 0.0, 0.2], "class_id": 4}