{"cam_eye": [0.5141872365983127, 0.2435016693261525, 0.4114014891933698], "target_pos": [0.5, 0.0, 0.2], "class_id": 4}