{"cam_eye": [0.6643534282944656, 0.21496767101777875, 0.4363739263288684], "target_pos": [0.5, 0.0, 0.2], "class_id": 4}