{"cam_eye": [0.43501601153332625, -0.3745563539257047, 0.24889584747180252], "target_pos": [0.5, 0.0, 0.2], "class_id": 4}