{"cam_eye": [0.6605594421914847, -0.31982222848479863, 0.3483368055281042], "target_pos": [0.5, 0.0, 0.2], "class_id": 4}