{"cam_eye": [0.4131761741116057, 0.2087774371473669, 0.27636529033475254], "target_pos": [0.5, 0.0, 0.2], "class_id": 4}