{"cam_eye": [0.03622541133093232, -0.11808041468784963, 0.2503994140871293], "target_pos": [0.5, 0.0, 0.2], "class_id": 4}