{"cam_eye": [0.4278236199166666, -0.22657254003207197, 0.2428719646506792], "target_pos": [0.5, 0.0, 0.2], "class_id": 4}