{"cam_eye": [0.8251688373267202, -0.0421356242853442, 0.2816443923921818], "target_pos": [0.5, 0.0, 0.2], "class_id": 4}