{"cam_eye": [0.17600347557548235, 0.21734678157345036, 0.4521595040328704], "target_pos": [0.5, 0.0, 0.2], "class_id": 4}