{"cam_eye": [0.3520445671949238, -0.09888075796955477, 0.38322242204717594], "target_pos": [0.5, 0.0, 0.2], "class_id": 4}