{"cam_eye": [0.8766742407941752, -0.11525311767397572, 0.34229106281561616], "target_pos": [0.5, 0.0, 0.2], "class_id": 4}