{"cam_eye": [0.37409126532920844, 0.23181939135083238, 0.38264776940116396], "target_pos": [0.5, 0.0, 0.2], "class_id": 4}