{"cam_eye": [0.7632979510792504, 0.07162590430171531, 0.5881719230733652], "target_pos": [0.5, 0.0, 0.2], "class_id": 4}