{"cam_eye": [0.37887675460335934, -0.13712613149875474, 0.3337725957884541], "target_pos": [0.5, 0.0, 0.2], "class_id": 4}