{"cam_eye": [0.8270819425972508, 0.16963798219308923, 0.43629240512489487], "target_pos": [0.5, 0.0, 0.2], "class_id": 4}