{"cam_eye": [0.5513799121170364, -0.1200478748360923, 0.6672316606476028], "target_pos": [0.5, 0.0, 0.2], "class_id": 4}