{"cam_eye": [0.44617355929022795, -0.011726629813187532, 0.48418506100098513], "target_pos": [0.5, 0.0, 0.2], "class_id": 4}