{"cam_eye": [0.5528424953756256, -0.12202116960428504, 0.35207534480664093], "target_pos": [0.5, 0.0, 0.2], "class_id": 4}