{"cam_eye": [0.5711739489658557, -0.2016917014784819, 0.3191768397000412], "target_pos": [0.5, 0.0, 0.2], "class_id": 4}