{"cam_eye": [0.6445830664645632, -0.22130803323822007, 0.30568114217463016], "target_pos": [0.5, 0.0, 0.2], "class_id": 4}