{"cam_eye": [0.1973198341042398, 0.022579688695185146, 0.5288816841815975], "target_pos": [0.5, 0.0, 0.2], "class_id": 4}