{"cam_eye": [0.49228760585925646, 0.08148345436122999, 0.5842461223881954], "target_pos": [0.5, 0.0, 0.2], "class_id": 4}