{"cam_eye": [0.408925880112396, 0.1575102874755017, 0.42044259556278263], "target_pos": [0.5, 0.0, 0.2], "class_id": 4}