{"cam_eye": [0.5108451598092834, -0.06603498862653531, 0.4168790999156782], "target_pos": [0.5, 0.0, 0.2], "class_id": 4}