{"cam_eye": [0.5354219689353086, -0.01742541867203845, 0.5787957257840446], "target_pos": [0.5, 0.0, 0.2], "class_id": 4}