{"cam_eye": [0.40681880543665194, 0.15493083270206467, 0.30254723199962247], "target_pos": [0.5, 0.0, 0.2], "class_id": 4}