{"cam_eye": [0.3312150158903175, -0.29587157562164, 0.48524334900408067], "target_pos": [0.5, 0.0, 0.2], "class_id": 4}