{"cam_eye": [0.31818956080096705, 0.07751094617308728, 0.29221425956674807], "target_pos": [0.5, 0.0, 0.2], "class_id": 4}