{"cam_eye": [0.6977776875901702, 0.033985652403352044, 0.5665977724662447], "target_pos": [0.5, 0.0, 0.2], "class_id": 4}