{"cam_eye": [0.08416715976664862, -0.056419588581385016, 0.2541871144607457], "target_pos": [0.5, 0.0, 0.2], "class_id": 4}