{"cam_eye": [0.47735623374391767, -0.17792727427160826, 0.4588666643908254], "target_pos": [0.5, 0.0, 0.2], "class_id": 4}