{"cam_eye": [0.5471266539144682, -0.008388680908918015, 0.5320701238011202], "target_pos": [0.5, 0.0, 0.2], "class_id": 4}