{"cam_eye": [0.407337943010573, -0.14979705000579077, 0.45792050178611443], "target_pos": [0.5, 0.0, 0.2], "class_id": 4}