{"cam_eye": [0.2915802188600426, 0.044746051630338714, 0.6159781954143457], "target_pos": [0.5, 0.0, 0.2], "class_id": 4}