{"cam_eye": [0.6052196651000865, -0.1093722739570674, 0.5919722706485494], "target_pos": [0.5, 0.0, 0.2], "class_id": 4}