{"cam_eye": [0.5181834972036917, -0.15470512187557028, 0.5565803250157297], "target_pos": [0.5, 0.0, 0.2], "class_id": 4}