{"cam_eye": [0.4191798990396378, 0.0824658844201108, 0.3968948227560043], "target_pos": [0.5, 0.0, 0.2], "class_id": 4}