{"cam_eye": [0.6878734442406125, -0.13688179507870857, 0.5141604339026032], "target_pos": [0.5, 0.0, 0.2], "class_id": 4}