{"cam_eye": [0.4409776578844187, -0.1710635870927107, 0.44992962898889444], "target_pos": [0.5, 0.0, 0.2], "class_id": 4}