{"cam_eye": [0.33920098597314996, 0.16220141501967394, 0.2831057289805329], "target_pos": [0.5, 0.0, 0.2], "class_id": 4}