{"cam_eye": [0.6926690939404814, -0.34982328352668746, 0.29980832140772756], "target_pos": [0.5, 0.0, 0.2], "class_id": 4}