{"cam_eye": [0.10428598625894675, 0.03375285498177308, 0.27917068398838335], "target_pos": [0.5, 0.0, 0.2], "class_id": 4}