{"cam_eye": [0.3007124892799922, 0.03344027143448565, 0.6041123156978765], "target_pos": [0.5, 0.0, 0.2], "class_id": 4}