{"cam_eye": [0.5880071146724758, -0.013680435465432463, 0.41845896906210467], "target_pos": [0.5, 0.0, 0.2], "class_id": 4}