{"cam_eye": [0.3480818753077196, 0.1611306704342848, 0.6142440630860657], "target_pos": [0.5, 0.0, 0.2], "class_id": 4}