{"cam_eye": [0.43466438310163713, -0.13324239796849632, 0.36808610086022925], "target_pos": [0.5, 0.0, 0.2], "class_id": 4}