{"cam_eye": [0.8415199644922701, 0.07100909210442122, 0.33727203071631295], "target_pos": [0.5, 0.0, 0.2], "class_id": 4}