{"cam_eye": [0.37784124060211005, 0.07711127618303452, 0.47718550434964757], "target_pos": [0.5, 0.0, 0.2], "class_id": 4}