{"cam_eye": [0.17086580978906118, -0.2444943172020956, 0.44134360454344956], "target_pos": [0.5, 0.0, 0.2], "class_id": 4}