{"cam_eye": [0.8701453261075023, 0.26361692247768487, 0.2950133868116144], "target_pos": [0.5, 0.0, 0.2], "class_id": 4}