{"cam_eye": [0.45226688108615665, 0.3135395411594942, 0.37867368604029794], "target_pos": [0.5, 0.0, 0.2], "class_id": 4}