{"cam_eye": [0.7277590278386581, 0.05039966952552448, 0.3342624603540161], "target_pos": [0.5, 0.0, 0.2], "class_id": 4}