{"cam_eye": [0.6042406919439435, -0.08138459760851206, 0.4644033045746048], "target_pos": [0.5, 0.0, 0.2], "class_id": 4}