{"cam_eye": [0.3915483982020028, -0.13199673251205488, 0.3364640187405479], "target_pos": [0.5, 0.0, 0.2], "class_id": 4}