{"cam_eye": [0.6863718955011551, 0.023673650353454544, 0.5980792763770947], "target_pos": [0.5, 0.0, 0.2], "class_id": 4}