{"cam_eye": [0.6189602835217118, -0.07289506281387441, 0.39598406658588536], "target_pos": [0.5, 0.0, 0.2], "class_id": 4}