{"cam_eye": [0.4543407998101771, 0.2741041034406339, 0.3846584719592625], "target_pos": [0.5, 0.0, 0.2], "class_id": 4}