{"cam_eye": [0.6205041645695722, -0.0631274222139389, 0.43938942173239326], "target_pos": [0.5, 0.0, 0.2], "class_id": 4}