{"cam_eye": [0.30148150246746797, 0.03443448792200099, 0.6086753460356955], "target_pos": [0.5, 0.0, 0.2], "class_id": 4}