{"cam_eye": [0.5233720363942052, 0.021768034782960542, 0.5147501916510099], "target_pos": [0.5, 0.0, 0.2], "class_id": 4}