{"cam_eye": [0.5001397720811329, -0.2991002643711131, 0.4446508642882133], "target_pos": [0.5, 0.0, 0.2], "class_id": 4}