{"cam_eye": [0.2852612716641185, 0.11563045729746826, 0.30005496511136565], "target_pos": [0.5, 0.0, 0.2], "class_id": 4}