{"cam_eye": [0.6873062802893606, -0.1831135025581021, 0.31452259400104665], "target_pos": [0.5, 0.0, 0.2], "class_id": 4}