{"cam_eye": [0.20650113891533017, 0.20195499420617116, 0.30276054950939385], "target_pos": [0.5, 0.0, 0.2], "class_id": 4}