{"cam_eye": [0.7165840325912998, -0.2787217136545426, 0.24928772348483827], "target_pos": [0.5, 0.0, 0.2], "class_id": 4}