{"cam_eye": [0.581127734130967, -0.13755789821691422, 0.3936094632337409], "target_pos": [0.5, 0.0, 0.2], "class_id": 4}