{"cam_eye": [0.9299889457271737, -0.12944644540518432, 0.2529715621987837], "target_pos": [0.5, 0.0, 0.2], "class_id": 4}