{"cam_eye": [0.6061689679856755, 0.02490539377813093, 0.3831500486801114], "target_pos": [0.5, 0.0, 0.2], "class_id": 4}