{"cam_eye": [0.4429814962006917, -0.22610288320181746, 0.25899627766544975], "target_pos": [0.5, 0.0, 0.2], "class_id": 4}