{"cam_eye": [0.7282006708113398, 0.37921669494353283, 0.42117196681356417], "target_pos": [0.5, 0.0, 0.2], "class_id": 4}