{"cam_eye": [0.4408760442650289, 0.18915666177089496, 0.23421740513595365], "target_pos": [0.5, 0.0, 0.2], "class_id": 4}