{"cam_eye": [0.654312137882438, 0.06131880666547571, 0.5179561203593225], "target_pos": [0.5, 0.0, 0.2], "class_id": 4}