{"cam_eye": [0.41648949301522853, -0.12444319837345688, 0.4868122242400593], "target_pos": [0.5, 0.0, 0.2], "class_id": 4}