{"cam_eye": [0.4767823511628402, -0.23303738357915027, 0.2787848734503414], "target_pos": [0.5, 0.0, 0.2], "class_id": 4}