{"cam_eye": [0.29679132286268184, 0.23679010627562186, 0.41842180731488837], "target_pos": [0.5, 0.0, 0.2], "class_id": 4}