{"cam_eye": [0.37126912265621714, 0.10171142698427849, 0.499858511126007], "target_pos": [0.5, 0.0, 0.2], "class_id": 4}