{"cam_eye": [0.2722781890808146, -0.10016150778347656, 0.2485547317113943], "target_pos": [0.5, 0.0, 0.2], "class_id": 4}