{"cam_eye": [0.4902328914606559, 0.03572651500307248, 0.5609691727364028], "target_pos": [0.5, 0.0, 0.2], "class_id": 4}