{"cam_eye": [0.2774286646410023, 0.08215816828090257, 0.45156254685798425], "target_pos": [0.5, 0.0, 0.2], "class_id": 4}