{"cam_eye": [0.3021129849402616, 0.3901098122185937, 0.3974413403203585], "target_pos": [0.5, 0.0, 0.2], "class_id": 4}