{"cam_eye": [0.0559212459671935, 0.043273402319210445, 0.25783484560362596], "target_pos": [0.5, 0.0, 0.2], "class_id": 13}