{"cam_eye": [0.6314402842594492, 0.0020436174099378135, 0.3912759411955229], "target_pos": [0.5, 0.0, 0.2], "class_id": 13}