{"cam_eye": [0.6850934648271368, -0.015893118327204563, 0.3081172414495612], "target_pos": [0.5, 0.0, 0.2], "class_id": 13}