{"cam_eye": [0.2598805512350457, -0.15491945009007876, 0.3846045358773467], "target_pos": [0.5, 0.0, 0.2], "class_id": 13}