{"cam_eye": [0.37715575109168653, -0.24861296377682587, 0.3535749862083667], "target_pos": [0.5, 0.0, 0.2], "class_id": 13}