{"cam_eye": [0.41911836602926517, 0.39980714219766605, 0.2874945230722503], "target_pos": [0.5, 0.0, 0.2], "class_id": 13}