{"cam_eye": [0.5992858308968546, -0.3041020107966666, 0.3111522610652604], "target_pos": [0.5, 0.0, 0.2], "class_id": 13}