{"cam_eye": [0.8178698226027756, 0.26209765351041914, 0.28610121145349254], "target_pos": [0.5, 0.0, 0.2], "class_id": 13}