{"cam_eye": [0.23286740409235207, 0.18585931938873929, 0.56309251485161], "target_pos": [0.5, 0.0, 0.2], "class_id": 13}