{"cam_eye": [0.42949277587881796, 0.05321216082858105, 0.500975882374801], "target_pos": [0.5, 0.0, 0.2], "class_id": 13}