{"cam_eye": [0.10839706450829589, -0.048215960181928016, 0.4064558852569805], "target_pos": [0.5, 0.0, 0.2], "class_id": 13}