{"cam_eye": [0.4042498032395678, -0.32446357064261794, 0.43391832058858415], "target_pos": [0.5, 0.0, 0.2], "class_id": 13}