{"cam_eye": [0.34437848909973445, 0.04817537561250895, 0.372609917159924], "target_pos": [0.5, 0.0, 0.2], "class_id": 13}