{"cam_eye": [0.5375570149165892, 0.1133649404610576, 0.3950791983978441], "target_pos": [0.5, 0.0, 0.2], "class_id": 13}