{"cam_eye": [0.43400583634465384, -0.2745514040951645, 0.6036799976145815], "target_pos": [0.5, 0.0, 0.2], "class_id": 13}