{"cam_eye": [0.3604049314249068, 0.013456251907144291, 0.6115432427820963], "target_pos": [0.5, 0.0, 0.2], "class_id": 13}