{"cam_eye": [0.37145419749438147, -0.027632016090785902, 0.5189904503619902], "target_pos": [0.5, 0.0, 0.2], "class_id": 13}