{"cam_eye": [0.3978000889642956, 0.23347721868821417, 0.3306597485957608], "target_pos": [0.5, 0.0, 0.2], "class_id": 13}