{"cam_eye": [0.5194335629394591, -0.037351670155768964, 0.4232594601147309], "target_pos": [0.5, 0.0, 0.2], "class_id": 13}