{"cam_eye": [0.593064707215068, 0.3790894215803887, 0.27372734690198025], "target_pos": [0.5, 0.0, 0.2], "class_id": 13}