{"cam_eye": [0.4454813034525258, 0.01893882931617987, 0.45637955997014257], "target_pos": [0.5, 0.0, 0.2], "class_id": 13}