{"cam_eye": [0.3754592873836487, 0.4237357127942987, 0.35390888091975736], "target_pos": [0.5, 0.0, 0.2], "class_id": 13}