{"cam_eye": [0.743589533184964, 0.2127947705231071, 0.39987252588658556], "target_pos": [0.5, 0.0, 0.2], "class_id": 13}