{"cam_eye": [0.42399315924247266, 0.0028207462030228523, 0.437414295312918], "target_pos": [0.5, 0.0, 0.2], "class_id": 13}