{"cam_eye": [0.37416690654979673, 0.10270019214531835, 0.3203369784338847], "target_pos": [0.5, 0.0, 0.2], "class_id": 13}