{"cam_eye": [0.5009526192040358, 0.1257733035572113, 0.5099041318190018], "target_pos": [0.5, 0.0, 0.2], "class_id": 13}