{"cam_eye": [0.7022695316923927, -0.07622305209411619, 0.260682808225487], "target_pos": [0.5, 0.0, 0.2], "class_id": 13}