{"cam_eye": [0.39657476693360894, 0.1895866610666108, 0.25536482623796564], "target_pos": [0.5, 0.0, 0.2], "class_id": 13}