{"cam_eye": [0.28645975220337877, 0.04704126188727873, 0.2605318988983145], "target_pos": [0.5, 0.0, 0.2], "class_id": 13}