{"cam_eye": [0.3758918581628246, -0.1739173366929755, 0.5865859211513988], "target_pos": [0.5, 0.0, 0.2], "class_id": 13}