{"cam_eye": [0.5524337001755105, 0.1698217443241857, 0.5779314871871835], "target_pos": [0.5, 0.0, 0.2], "class_id": 13}