{"cam_eye": [0.26658574975724286, 0.053073360172029495, 0.3755109485002419], "target_pos": [0.5, 0.0, 0.2], "class_id": 13}