{"cam_eye": [0.558428028140884, 0.1962390387631231, 0.2750032717901106], "target_pos": [0.5, 0.0, 0.2], "class_id": 13}