{"cam_eye": [0.5099415412515056, -0.22013173617597961, 0.2572432547747559], "target_pos": [0.5, 0.0, 0.2], "class_id": 13}