{"cam_eye": [0.26077377829649934, 0.09503218875494888, 0.4564556057965804], "target_pos": [0.5, 0.0, 0.2], "class_id": 13}