{"cam_eye": [0.44131359909931456, -0.004293434897710413, 0.47352187202743107], "target_pos": [0.5, 0.0, 0.2], "class_id": 13}