{"cam_eye": [0.4235209258873419, 0.026362996139309463, 0.6365950003447662], "target_pos": [0.5, 0.0, 0.2], "class_id": 13}