{"cam_eye": [0.2789999616211166, 0.16185468649829468, 0.6173461391628785], "target_pos": [0.5, 0.0, 0.2], "class_id": 13}