{"cam_eye": [0.6191104702189543, -0.336130216478268, 0.3631440461726422], "target_pos": [0.5, 0.0, 0.2], "class_id": 13}