{"cam_eye": [0.5709016678685714, 0.3536646417430925, 0.3338336025272983], "target_pos": [0.5, 0.0, 0.2], "class_id": 13}