{"cam_eye": [0.4591531599943981, -0.008483388708988161, 0.5001912365098221], "target_pos": [0.5, 0.0, 0.2], "class_id": 13}