{"cam_eye": [0.8557475437130504, 0.018694139490637255, 0.29552201969151737], "target_pos": [0.5, 0.0, 0.2], "class_id": 13}