{"cam_eye": [0.7779100863411506, -0.3591892539182776, 0.295043869350731], "target_pos": [0.5, 0.0, 0.2], "class_id": 13}