{"cam_eye": [0.6905352905652881, 0.11081653099457442, 0.5398428294798292], "target_pos": [0.5, 0.0, 0.2], "class_id": 13}