{"cam_eye": [0.4294460181157919, 0.029273776371918633, 0.6589403775536775], "target_pos": [0.5, 0.0, 0.2], "class_id": 13}