{"cam_eye": [0.40219019803526623, -0.05705292661734088, 0.39855748938085267], "target_pos": [0.5, 0.0, 0.2], "class_id": 13}