{"cam_eye": [0.5613125328865131, 0.07422065243260477, 0.49370431314931384], "target_pos": [0.5, 0.0, 0.2], "class_id": 13}