{"cam_eye": [0.3370557802829906, -0.13665682464306636, 0.3224763905240157], "target_pos": [0.5, 0.0, 0.2], "class_id": 13}