{"cam_eye": [0.7323696482127806, 0.023971375784732376, 0.2550254061195419], "target_pos": [0.5, 0.0, 0.2], "class_id": 13}