{"cam_eye": [0.33146555366153585, -0.04518947664270468, 0.5826413510223947], "target_pos": [0.5, 0.0, 0.2], "class_id": 13}