{"cam_eye": [0.3165367566155999, 0.28088597275593424, 0.36190688534726756], "target_pos": [0.5, 0.0, 0.2], "class_id": 13}