{"cam_eye": [0.29788437785718525, -0.04808199994733294, 0.3805629227334901], "target_pos": [0.5, 0.0, 0.2], "class_id": 13}