{"cam_eye": [0.3043054393665062, 0.16310815659706548, 0.5797396540196735], "target_pos": [0.5, 0.0, 0.2], "class_id": 13}