{"cam_eye": [0.6349571655038976, -0.2057304860053673, 0.45429107903315785], "target_pos": [0.5, 0.0, 0.2], "class_id": 13}