{"cam_eye": [0.7514837837612375, -0.04211027462433327, 0.47603781050975047], "target_pos": [0.5, 0.0, 0.2], "class_id": 13}