{"cam_eye": [0.5254630638749278, 0.07058051928536542, 0.44305603702669194], "target_pos": [0.5, 0.0, 0.2], "class_id": 13}