{"cam_eye": [0.731601508972621, -0.005929715182589175, 0.3700231522200548], "target_pos": [0.5, 0.0, 0.2], "class_id": 13}