{"cam_eye": [0.33155044984939425, -0.1504162119532386, 0.3234554970322874], "target_pos": [0.5, 0.0, 0.2], "class_id": 13}