{"cam_eye": [0.6012631586961187, -0.31791416254871047, 0.48667267844733275], "target_pos": [0.5, 0.0, 0.2], "class_id": 13}