{"cam_eye": [0.27599613943842316, -0.07711355036974754, 0.42929873255122875], "target_pos": [0.5, 0.0, 0.2], "class_id": 13}