{"cam_eye": [0.8787187609927625, -0.24580278856386298, 0.29566025670689133], "target_pos": [0.5, 0.0, 0.2], "class_id": 13}