{"cam_eye": [0.17879230761771675, 0.24547408746107105, 0.43074894801520414], "target_pos": [0.5, 0.0, 0.2], "class_id": 13}