{"cam_eye": [0.45283945123464514, -0.4588279421809225, 0.3434833783558833], "target_pos": [0.5, 0.0, 0.2], "class_id": 13}