{"cam_eye": [0.0666375497956006, -0.0377079925202213, 0.34823987258864064], "target_pos": [0.5, 0.0, 0.2], "class_id": 13}