{"cam_eye": [0.3714911135495066, 0.17474270014922844, 0.2241309271825424], "target_pos": [0.5, 0.0, 0.2], "class_id": 13}