{"cam_eye": [0.52782838244208, -0.05345889734798725, 0.40664756540352553], "target_pos": [0.5, 0.0, 0.2], "class_id": 13}