{"cam_eye": [0.3730680599652345, 0.15960655495545506, 0.40829106114028857], "target_pos": [0.5, 0.0, 0.2], "class_id": 13}