{"cam_eye": [0.7224135920943209, 0.04410956403645315, 0.29658657377803865], "target_pos": [0.5, 0.0, 0.2], "class_id": 13}