{"cam_eye": [0.6643631355821878, -0.12383889105372396, 0.3078709809020675], "target_pos": [0.5, 0.0, 0.2], "class_id": 13}