{"cam_eye": [0.39196909762398674, 0.06721636818768005, 0.3766295932471244], "target_pos": [0.5, 0.0, 0.2], "class_id": 13}