{"cam_eye": [0.4137221278751718, -0.2622222946739213, 0.5727870307831217], "target_pos": [0.5, 0.0, 0.2], "class_id": 13}