{"cam_eye": [0.6011376171114625, 0.1788999468452706, 0.5893885678766324], "target_pos": [0.5, 0.0, 0.2], "class_id": 13}