{"cam_eye": [0.37590830960822597, -0.034603304789267327, 0.6823044061859544], "target_pos": [0.5, 0.0, 0.2], "class_id": 13}