{"cam_eye": [0.7052871258221349, -0.04400579427131206, 0.5966223593926027], "target_pos": [0.5, 0.0, 0.2], "class_id": 13}