{"cam_eye": [0.32531864434240265, 0.2922232284767068, 0.3227754884210697], "target_pos": [0.5, 0.0, 0.2], "class_id": 13}