{"cam_eye": [0.2941201215645164, 0.026767709145421988, 0.4986545629445741], "target_pos": [0.5, 0.0, 0.2], "class_id": 13}