{"cam_eye": [0.23563322410458643, 0.11719012886105572, 0.5165538609618925], "target_pos": [0.5, 0.0, 0.2], "class_id": 13}