{"cam_eye": [0.5887042805619809, 0.08019986690392293, 0.38494739155954133], "target_pos": [0.5, 0.0, 0.2], "class_id": 13}