{"cam_eye": [0.8269225954144307, 0.21778236297849415, 0.259282512271236], "target_pos": [0.5, 0.0, 0.2], "class_id": 13}