{"cam_eye": [0.670293813397772, -0.06706419750767258, 0.2923233500481002], "target_pos": [0.5, 0.0, 0.2], "class_id": 13}