{"cam_eye": [0.7120977136430605, -0.3468038009849562, 0.3976984378830248], "target_pos": [0.5, 0.0, 0.2], "class_id": 13}