{"cam_eye": [0.3536876604797323, 0.23745621858961166, 0.3118431055966957], "target_pos": [0.5, 0.0, 0.2], "class_id": 13}