{"cam_eye": [0.5178539353647175, 0.04162518196809273, 0.5432423412696259], "target_pos": [0.5, 0.0, 0.2], "class_id": 13}