{"cam_eye": [0.39416189127230444, 0.20953870909833286, 0.32562978098428763], "target_pos": [0.5, 0.0, 0.2], "class_id": 13}