{"cam_eye": [0.579827940713926, 0.12661644494200097, 0.5421162313119545], "target_pos": [0.5, 0.0, 0.2], "class_id": 13}