{"cam_eye": [0.5608676856930105, 0.17967855168142363, 0.4030205411633717], "target_pos": [0.5, 0.0, 0.2], "class_id": 13}