{"cam_eye": [0.26253035708351136, -0.04560159195178115, 0.55796107005216], "target_pos": [0.5, 0.0, 0.2], "class_id": 13}