{"cam_eye": [0.3130269458081521, 0.09333007847840183, 0.4550792854122611], "target_pos": [0.5, 0.0, 0.2], "class_id": 13}