{"cam_eye": [0.22976007342688637, -0.047763088475928174, 0.2807003535254721], "target_pos": [0.5, 0.0, 0.2], "class_id": 13}