{"cam_eye": [0.31184856510479514, -0.13641260030729838, 0.5509496769112012], "target_pos": [0.5, 0.0, 0.2], "class_id": 13}