{"cam_eye": [0.4106090521803317, -0.04131379624864503, 0.5871716898851991], "target_pos": [0.5, 0.0, 0.2], "class_id": 13}