{"cam_eye": [0.5688116582234493, -0.11935131921388044, 0.4253581332016879], "target_pos": [0.5, 0.0, 0.2], "class_id": 13}