{"cam_eye": [0.8234493842679794, -0.21032115731774814, 0.29079873577799825], "target_pos": [0.5, 0.0, 0.2], "class_id": 13}