{"cam_eye": [0.4594269949197435, 0.061203429630085134, 0.52755193451801], "target_pos": [0.5, 0.0, 0.2], "class_id": 13}