{"cam_eye": [0.453599563134206, 0.0229181510562425, 0.4602333620707587], "target_pos": [0.5, 0.0, 0.2], "class_id": 13}