{"cam_eye": [0.7764017177747784, -0.02465422289498423, 0.26438607710085293], "target_pos": [0.5, 0.0, 0.2], "class_id": 13}