{"cam_eye": [0.5008599345627621, -0.2029210191719508, 0.49095051506861526], "target_pos": [0.5, 0.0, 0.2], "class_id": 13}