{"cam_eye": [0.48296225031068885, 0.118590397475758, 0.5220877833143751], "target_pos": [0.5, 0.0, 0.2], "class_id": 13}