{"cam_eye": [0.5416329044865217, -0.36908746035701473, 0.4469126212102225], "target_pos": [0.5, 0.0, 0.2], "class_id": 13}