{"cam_eye": [0.545147559869469, -0.07956429861682532, 0.5834515087467418], "target_pos": [0.5, 0.0, 0.2], "class_id": 13}