{"cam_eye": [0.7637531681141909, -0.22262973144151274, 0.2875635830937707], "target_pos": [0.5, 0.0, 0.2], "class_id": 6}