{"cam_eye": [0.6193250843761904, -0.3167362247897145, 0.3545166719112056], "target_pos": [0.5, 0.0, 0.2], "class_id": 6}