{"cam_eye": [0.3431912081750863, -0.017224768895066366, 0.559444726721913], "target_pos": [0.5, 0.0, 0.2], "class_id": 6}