{"cam_eye": [0.7044572759290135, -0.36240360531290344, 0.28760070555675243], "target_pos": [0.5, 0.0, 0.2], "class_id": 6}