{"cam_eye": [0.14351879966948555, 0.11662151731584215, 0.4526345019294048], "target_pos": [0.5, 0.0, 0.2], "class_id": 6}