{"cam_eye": [0.6601060403293766, -0.06210151139079527, 0.49289590876124645], "target_pos": [0.5, 0.0, 0.2], "class_id": 6}