{"cam_eye": [0.17544033510597368, -0.14194789311367662, 0.46608635644323343], "target_pos": [0.5, 0.0, 0.2], "class_id": 6}