{"cam_eye": [0.28931177334421354, -0.025856882588475027, 0.6225811588845702], "target_pos": [0.5, 0.0, 0.2], "class_id": 6}