{"cam_eye": [0.20159267779710832, -0.002283501276337384, 0.2747692686970812], "target_pos": [0.5, 0.0, 0.2], "class_id": 6}