{"cam_eye": [0.7685010098813367, -0.02633739853095706, 0.5417021079071251], "target_pos": [0.5, 0.0, 0.2], "class_id": 6}