{"cam_eye": [0.8770161570714864, -0.051715931984984795, 0.3679102127183583], "target_pos": [0.5, 0.0, 0.2], "class_id": 6}