{"cam_eye": [0.5671258121851422, -0.1988920540866493, 0.5693314662441971], "target_pos": [0.5, 0.0, 0.2], "class_id": 6}