{"cam_eye": [0.26226008550209456, 0.012399355382309978, 0.5033293406698144], "target_pos": [0.5, 0.0, 0.2], "class_id": 6}