{"cam_eye": [0.5262803626631871, -0.10885200932558015, 0.37955757268975676], "target_pos": [0.5, 0.0, 0.2], "class_id": 6}