{"cam_eye": [0.25728192895912483, 0.038966816816204716, 0.35517385813288976], "target_pos": [0.5, 0.0, 0.2], "class_id": 6}