{"cam_eye": [0.45982800039867217, 0.04120339868145343, 0.4376087239819275], "target_pos": [0.5, 0.0, 0.2], "class_id": 6}