{"cam_eye": [0.2273598769664088, -0.04415579446380412, 0.5555994978672656], "target_pos": [0.5, 0.0, 0.2], "class_id": 6}