{"cam_eye": [0.6774723546751713, -0.10118297705230885, 0.2266190782657812], "target_pos": [0.5, 0.0, 0.2], "class_id": 6}