{"cam_eye": [0.43627982347335237, 0.15122040694496094, 0.3519641311800036], "target_pos": [0.5, 0.0, 0.2], "class_id": 6}