{"cam_eye": [0.6715575636484243, 0.05142630902358091, 0.29188516524378827], "target_pos": [0.5, 0.0, 0.2], "class_id": 6}