{"cam_eye": [0.7844895054507866, 0.18169450942732202, 0.45023062834622707], "target_pos": [0.5, 0.0, 0.2], "class_id": 6}