{"cam_eye": [0.663135326944296, 0.27048359611938355, 0.3661551161410099], "target_pos": [0.5, 0.0, 0.2], "class_id": 6}