{"cam_eye": [0.5712127161711629, -0.1713744709610511, 0.3500496487173752], "target_pos": [0.5, 0.0, 0.2], "class_id": 6}