{"cam_eye": [0.584183690571639, -0.09777492898235998, 0.6280942315260168], "target_pos": [0.5, 0.0, 0.2], "class_id": 6}