{"cam_eye": [0.18028220531801026, -0.030646875428777073, 0.2716436553735408], "target_pos": [0.5, 0.0, 0.2], "class_id": 6}