{"cam_eye": [0.5411817492892447, -0.013176380012227483, 0.6264607299389151], "target_pos": [0.5, 0.0, 0.2], "class_id": 6}