{"cam_eye": [0.6786614520344467, 0.25333839171673195, 0.5602378523405802], "target_pos": [0.5, 0.0, 0.2], "class_id": 6}