{"cam_eye": [0.6453502677545784, -0.22410578696901634, 0.285648993621245], "target_pos": [0.5, 0.0, 0.2], "class_id": 6}