{"cam_eye": [0.7318962071770244, 0.05106751789272818, 0.24368078711605284], "target_pos": [0.5, 0.0, 0.2], "class_id": 6}