{"cam_eye": [0.35516538417701093, 0.12389597007191566, 0.4100522960884502], "target_pos": [0.5, 0.0, 0.2], "class_id": 6}