{"cam_eye": [0.64746589360237, 0.06703432226921087, 0.47345227197532536], "target_pos": [0.5, 0.0, 0.2], "class_id": 6}