{"cam_eye": [0.2460935306692829, -0.06640666345275141, 0.3682539336891999], "target_pos": [0.5, 0.0, 0.2], "class_id": 6}