{"cam_eye": [0.41105242845682455, -0.038972244801194544, 0.4600228775375925], "target_pos": [0.5, 0.0, 0.2], "class_id": 6}