{"cam_eye": [0.22560736632024808, -0.3040963096132785, 0.3362297625982167], "target_pos": [0.5, 0.0, 0.2], "class_id": 6}