{"cam_eye": [0.12248737863337444, -0.19608773800045184, 0.45350529762310504], "target_pos": [0.5, 0.0, 0.2], "class_id": 6}