{"cam_eye": [0.5643776277582806, -0.21311111969734392, 0.32263988293224954], "target_pos": [0.5, 0.0, 0.2], "class_id": 6}