{"cam_eye": [0.6159114265770647, 0.2771027414366975, 0.49720841494723245], "target_pos": [0.5, 0.0, 0.2], "class_id": 6}