{"cam_eye": [0.26594125617821357, -0.046200036228934, 0.5435145203489343], "target_pos": [0.5, 0.0, 0.2], "class_id": 6}