{"cam_eye": [0.5024670926613515, 0.1390567712734859, 0.4690332149058056], "target_pos": [0.5, 0.0, 0.2], "class_id": 6}