{"cam_eye": [0.7341488712811407, -0.32585375805087397, 0.4288605033198779], "target_pos": [0.5, 0.0, 0.2], "class_id": 6}