{"cam_eye": [0.7421200262493336, -0.07660951955563318, 0.23273949793449378], "target_pos": [0.5, 0.0, 0.2], "class_id": 6}