{"cam_eye": [0.6663408679788853, 0.2093573727036227, 0.373420885433626], "target_pos": [0.5, 0.0, 0.2], "class_id": 6}