{"cam_eye": [0.7629111253136205, 0.017590507848614243, 0.6030255638314951], "target_pos": [0.5, 0.0, 0.2], "class_id": 6}