{"cam_eye": [0.41900216177337407, 0.12219559873218509, 0.5131575162287778], "target_pos": [0.5, 0.0, 0.2], "class_id": 6}