{"cam_eye": [0.5228875292184567, -0.2323336096521342, 0.297291450869439], "target_pos": [0.5, 0.0, 0.2], "class_id": 6}