{"cam_eye": [0.8756383530928625, 0.1114261852898445, 0.3091531440358576], "target_pos": [0.5, 0.0, 0.2], "class_id": 6}