{"cam_eye": [0.7682417605743895, -0.2330728815005973, 0.4514766291265664], "target_pos": [0.5, 0.0, 0.2], "class_id": 6}