{"cam_eye": [0.3443274695362646, -0.12619128465081178, 0.5856303789149393], "target_pos": [0.5, 0.0, 0.2], "class_id": 6}