{"cam_eye": [0.9769310737162028, 0.027081593776368405, 0.31123703644702166], "target_pos": [0.5, 0.0, 0.2], "class_id": 6}