{"cam_eye": [0.595031162129366, -0.2900720430777529, 0.2921773237526052], "target_pos": [0.5, 0.0, 0.2], "class_id": 6}