{"cam_eye": [0.12259083079312388, 0.2628042372843726, 0.37560920584709534], "target_pos": [0.5, 0.0, 0.2], "class_id": 6}