{"cam_eye": [0.46832614448257365, -0.07594765397236418, 0.432911583748229], "target_pos": [0.5, 0.0, 0.2], "class_id": 6}