{"cam_eye": [0.7095812352819462, -0.09925924134239879, 0.39454015198521886], "target_pos": [0.5, 0.0, 0.2], "class_id": 6}