{"cam_eye": [0.518391164643006, -0.17056970188314854, 0.364638904898917], "target_pos": [0.5, 0.0, 0.2], "class_id": 6}