{"cam_eye": [0.5589171522074097, 0.3168519355453025, 0.355955693607942], "target_pos": [0.5, 0.0, 0.2], "class_id": 6}