{"cam_eye": [0.6634145207381474, 0.2552979151843967, 0.47243057532907445], "target_pos": [0.5, 0.0, 0.2], "class_id": 6}