{"cam_eye": [0.6486560854316245, 0.4524242842493958, 0.31915951505452056], "target_pos": [0.5, 0.0, 0.2], "class_id": 6}