{"cam_eye": [0.49427417524493733, -0.07880550330010125, 0.6529301190349417], "target_pos": [0.5, 0.0, 0.2], "class_id": 6}