{"cam_eye": [0.7168676460854181, -0.13972546159093122, 0.5768024430582779], "target_pos": [0.5, 0.0, 0.2], "class_id": 6}