{"cam_eye": [0.1877344420811144, 0.13595687975361567, 0.3075090376156006], "target_pos": [0.5, 0.0, 0.2], "class_id": 6}