{"cam_eye": [0.31764815190082235, 0.089707767556235, 0.26352596528324607], "target_pos": [0.5, 0.0, 0.2], "class_id": 6}