{"cam_eye": [0.4600300498719801, 0.12749687550359742, 0.37967994883178213], "target_pos": [0.5, 0.0, 0.2], "class_id": 6}