{"cam_eye": [0.7998345880918005, -0.08032307342123096, 0.5059548737160798], "target_pos": [0.5, 0.0, 0.2], "class_id": 6}