{"cam_eye": [0.4673438268132051, -0.29900726947460826, 0.37550586579773404], "target_pos": [0.5, 0.0, 0.2], "class_id": 6}