{"cam_eye": [0.5270196984744764, -0.05372326606511824, 0.5706477219170021], "target_pos": [0.5, 0.0, 0.2], "class_id": 6}