{"cam_eye": [0.5360640123554247, -0.07451236198007515, 0.6096119099723618], "target_pos": [0.5, 0.0, 0.2], "class_id": 6}