{"cam_eye": [0.7283617337150482, 0.1659675995065261, 0.2879664086218704], "target_pos": [0.5, 0.0, 0.2], "class_id": 6}