{"cam_eye": [0.46660608052348074, -0.07512618713332408, 0.38308323341429484], "target_pos": [0.5, 0.0, 0.2], "class_id": 6}