{"cam_eye": [0.43400844633105623, 0.06584491337675202, 0.40577800793947993], "target_pos": [0.5, 0.0, 0.2], "class_id": 6}