{"cam_eye": [0.5115803156201026, 0.17994577804125605, 0.35997353839364044], "target_pos": [0.5, 0.0, 0.2], "class_id": 6}