{"cam_eye": [0.4290625441974706, 0.2143001117098919, 0.4327763446260062], "target_pos": [0.5, 0.0, 0.2], "class_id": 6}