{"cam_eye": [0.6463931697042853, 0.015511320485604347, 0.5074352415486744], "target_pos": [0.5, 0.0, 0.2], "class_id": 6}