{"cam_eye": [0.4511828084272507, 0.2586638035403667, 0.5435286694195945], "target_pos": [0.5, 0.0, 0.2], "class_id": 6}