{"cam_eye": [0.16052759388522952, 0.16241515510733154, 0.3591589724654083], "target_pos": [0.5, 0.0, 0.2], "class_id": 6}