{"cam_eye": [0.7197555201730078, 0.05056435358383083, 0.24401776782110898], "target_pos": [0.5, 0.0, 0.2], "class_id": 6}