{"cam_eye": [0.28809955214615335, -0.16671105766884098, 0.35440417051000517], "target_pos": [0.5, 0.0, 0.2], "class_id": 6}