{"cam_eye": [0.47468392806862564, -0.10086079244547796, 0.4315435372156321], "target_pos": [0.5, 0.0, 0.2], "class_id": 6}