{"cam_eye": [0.29965824156829324, -0.14787568016162408, 0.3723073716859545], "target_pos": [0.5, 0.0, 0.2], "class_id": 6}