{"cam_eye": [0.36108243359628694, 0.2121010612241924, 0.35104612248591527], "target_pos": [0.5, 0.0, 0.2], "class_id": 6}