{"cam_eye": [0.48169483489585463, 0.09650811104827882, 0.4249111301377946], "target_pos": [0.5, 0.0, 0.2], "class_id": 6}