{"cam_eye": [0.6594589857475711, 0.3503173846048637, 0.27065253257015476], "target_pos": [0.5, 0.0, 0.2], "class_id": 6}