{"cam_eye": [0.57797712220134, -0.20074866520593831, 0.4812162311403151], "target_pos": [0.5, 0.0, 0.2], "class_id": 6}