{"cam_eye": [0.3823813919941536, 0.023176304649077214, 0.6677497339097938], "target_pos": [0.5, 0.0, 0.2], "class_id": 6}