{"cam_eye": [0.8509522247882224, 0.10920661338070586, 0.36343586201109757], "target_pos": [0.5, 0.0, 0.2], "class_id": 6}