{"cam_eye": [0.8130838922722672, -0.12356591679984226, 0.4968021650187902], "target_pos": [0.5, 0.0, 0.2], "class_id": 6}