{"cam_eye": [0.4393794045592275, -0.14903794302542037, 0.49031517549685777], "target_pos": [0.5, 0.0, 0.2], "class_id": 6}