{"cam_eye": [0.5367960150424091, 0.3511631306019666, 0.2811487261044711], "target_pos": [0.5, 0.0, 0.2], "class_id": 6}