{"cam_eye": [0.3630350138764855, 0.1499379964732956, 0.6350234502991638], "target_pos": [0.5, 0.0, 0.2], "class_id": 6}