{"cam_eye": [0.7335852225380958, -0.22550064776406184, 0.32838349272464007], "target_pos": [0.5, 0.0, 0.2], "class_id": 6}