{"cam_eye": [0.6626615595756458, -0.14096513452166037, 0.539643460676271], "target_pos": [0.5, 0.0, 0.2], "class_id": 6}