{"cam_eye": [0.3313813769766545, 0.10561952290734807, 0.314330409847639], "target_pos": [0.5, 0.0, 0.2], "class_id": 6}