{"cam_eye": [0.6348002684525937, -0.18573376967841612, 0.37423475974372516], "target_pos": [0.5, 0.0, 0.2], "class_id": 6}