{"cam_eye": [0.5356961230190865, 0.019411961332551624, 0.4005588074516857], "target_pos": [0.5, 0.0, 0.2], "class_id": 6}