{"cam_eye": [0.48681629583018315, 0.28545661601056943, 0.4236406616338737], "target_pos": [0.5, 0.0, 0.2], "class_id": 6}