{"cam_eye": [0.6902658691056475, -0.21646618865572806, 0.39545947035404444], "target_pos": [0.5, 0.0, 0.2], "class_id": 6}