{"cam_eye": [0.7901260349365211, -0.0680554721208135, 0.3874251506122541], "target_pos": [0.5, 0.0, 0.2], "class_id": 6}