{"cam_eye": [0.28108340174015456, 0.38705450539193714, 0.3863285067855444], "target_pos": [0.5, 0.0, 0.2], "class_id": 6}