{"cam_eye": [0.3935744467083778, -0.2066890553329397, 0.26457237456584015], "target_pos": [0.5, 0.0, 0.2], "class_id": 6}