{"cam_eye": [0.48300954664800155, 0.059361817573877255, 0.6239385674267507], "target_pos": [0.5, 0.0, 0.2], "class_id": 6}