{"cam_eye": [0.5972903260169096, 0.0709072099690083, 0.430558397023841], "target_pos": [0.5, 0.0, 0.2], "class_id": 6}