{"cam_eye": [0.5896456827691967, 0.05595764879902385, 0.3807098446369154], "target_pos": [0.5, 0.0, 0.2], "class_id": 12}