{"cam_eye": [0.5735788041846297, -0.2452890299918947, 0.37297720087248454], "target_pos": [0.5, 0.0, 0.2], "class_id": 12}