{"cam_eye": [0.647697702007724, 0.1822864713666739, 0.36985944195390674], "target_pos": [0.5, 0.0, 0.2], "class_id": 12}