{"cam_eye": [0.30630622352670533, -0.20675935067563597, 0.5284677446892441], "target_pos": [0.5, 0.0, 0.2], "class_id": 12}