{"cam_eye": [0.5514790138350361, 0.09736191609298188, 0.4078847378392493], "target_pos": [0.5, 0.0, 0.2], "class_id": 12}