{"cam_eye": [0.469588574126574, 0.4215500194102671, 0.3766715485747256], "target_pos": [0.5, 0.0, 0.2], "class_id": 12}