{"cam_eye": [0.5335980804218612, 0.2611453767234412, 0.4681297309203628], "target_pos": [0.5, 0.0, 0.2], "class_id": 12}