{"cam_eye": [0.5451855548585937, -0.04915598897736865, 0.4205673944374091], "target_pos": [0.5, 0.0, 0.2], "class_id": 12}