{"cam_eye": [0.2397506229818186, 0.03744377178487141, 0.3029075887881408], "target_pos": [0.5, 0.0, 0.2], "class_id": 12}