{"cam_eye": [0.6278011044157312, 0.042113216210199575, 0.4508562285825078], "target_pos": [0.5, 0.0, 0.2], "class_id": 12}