{"cam_eye": [0.5348327843226887, -0.10902349534758708, 0.4012667519100229], "target_pos": [0.5, 0.0, 0.2], "class_id": 12}