{"cam_eye": [0.6897621008145146, 0.21976952299882643, 0.2295531454701931], "target_pos": [0.5, 0.0, 0.2], "class_id": 12}