{"cam_eye": [0.5252321199259727, -0.06096959550660423, 0.48474094705270476], "target_pos": [0.5, 0.0, 0.2], "class_id": 12}