{"cam_eye": [0.3589937738206335, 0.21115640380873277, 0.3048460600109788], "target_pos": [0.5, 0.0, 0.2], "class_id": 12}