{"cam_eye": [0.532192845973317, -0.006878955962684214, 0.4572252141306799], "target_pos": [0.5, 0.0, 0.2], "class_id": 12}