{"cam_eye": [0.767431376312793, 0.14129060999985113, 0.36560494823932455], "target_pos": [0.5, 0.0, 0.2], "class_id": 12}