{"cam_eye": [0.49173681284534326, 0.15441237419139517, 0.5058207638528078], "target_pos": [0.5, 0.0, 0.2], "class_id": 12}