{"cam_eye": [0.16464831416758868, -0.03230249354461614, 0.39944837157847646], "target_pos": [0.5, 0.0, 0.2], "class_id": 12}