{"cam_eye": [0.1759744499753188, 0.3587181162602995, 0.30776306729545055], "target_pos": [0.5, 0.0, 0.2], "class_id": 12}