{"cam_eye": [0.33010442880225843, -0.21464480621494864, 0.48105217930602373], "target_pos": [0.5, 0.0, 0.2], "class_id": 12}