{"cam_eye": [0.41439966030182723, -0.0055599897873096745, 0.3930421325435096], "target_pos": [0.5, 0.0, 0.2], "class_id": 12}