{"cam_eye": [0.8853219038286944, -0.12740819296871717, 0.4204746873040961], "target_pos": [0.5, 0.0, 0.2], "class_id": 12}