{"cam_eye": [0.33024209432033047, 0.13259006218087427, 0.551706374532487], "target_pos": [0.5, 0.0, 0.2], "class_id": 12}