{"cam_eye": [0.3362402355884122, -0.07870455296338101, 0.5647478161820194], "target_pos": [0.5, 0.0, 0.2], "class_id": 12}