{"cam_eye": [0.20519696942008803, 0.17004592326838724, 0.33420682789845824], "target_pos": [0.5, 0.0, 0.2], "class_id": 12}