{"cam_eye": [0.35037252928269536, -0.17798892376957967, 0.5541682993740726], "target_pos": [0.5, 0.0, 0.2], "class_id": 12}