{"cam_eye": [0.5246060597895358, 0.09421980212332044, 0.4765149301829268], "target_pos": [0.5, 0.0, 0.2], "class_id": 12}