{"cam_eye": [0.6498841467580915, -0.3083377183134408, 0.37053367024767103], "target_pos": [0.5, 0.0, 0.2], "class_id": 12}