{"cam_eye": [0.6330924328914393, -0.1826768083794938, 0.3850114700682246], "target_pos": [0.5, 0.0, 0.2], "class_id": 12}