{"cam_eye": [0.3868237327794994, 0.09382870463859265, 0.4474576622034296], "target_pos": [0.5, 0.0, 0.2], "class_id": 12}