{"cam_eye": [0.4603320243061507, -0.03941185380483871, 0.42951503997641993], "target_pos": [0.5, 0.0, 0.2], "class_id": 12}