{"cam_eye": [0.22867061766854035, -0.08724153942376796, 0.32544483260100776], "target_pos": [0.5, 0.0, 0.2], "class_id": 12}