{"cam_eye": [0.4359835967892076, 0.15093897649343116, 0.4651261814272246], "target_pos": [0.5, 0.0, 0.2], "class_id": 12}