{"cam_eye": [0.7808154753564325, -0.07354348910582238, 0.5868453567079774], "target_pos": [0.5, 0.0, 0.2], "class_id": 12}