{"cam_eye": [0.4062192545349712, -0.39996764251641453, 0.4433361005064297], "target_pos": [0.5, 0.0, 0.2], "class_id": 12}