{"cam_eye": [0.5071807848117226, 0.23104611927547095, 0.36502063237810733], "target_pos": [0.5, 0.0, 0.2], "class_id": 12}