{"cam_eye": [0.5181425888062898, -0.220257136199224, 0.396438435917018], "target_pos": [0.5, 0.0, 0.2], "class_id": 12}