{"cam_eye": [0.6006678094809295, 0.3339432935702914, 0.23813915082917725], "target_pos": [0.5, 0.0, 0.2], "class_id": 12}