{"cam_eye": [0.5556203427842027, -0.055119668047823346, 0.4021581211264636], "target_pos": [0.5, 0.0, 0.2], "class_id": 12}