{"cam_eye": [0.05540778222532955, -0.041476683494407654, 0.4205806539610684], "target_pos": [0.5, 0.0, 0.2], "class_id": 12}