{"cam_eye": [0.22277562493725261, 0.11848743325336335, 0.25511590867126843], "target_pos": [0.5, 0.0, 0.2], "class_id": 12}