{"cam_eye": [0.3983394400375551, 0.04626268318141621, 0.6368107374377234], "target_pos": [0.5, 0.0, 0.2], "class_id": 12}