{"cam_eye": [0.5734503210217579, 0.12618775468069113, 0.5865153731242441], "target_pos": [0.5, 0.0, 0.2], "class_id": 12}