{"cam_eye": [0.4084042656244804, 0.05546855400255545, 0.6525345615846841], "target_pos": [0.5, 0.0, 0.2], "class_id": 12}