{"cam_eye": [0.6516279936182332, 0.029798729256155995, 0.36227559082676986], "target_pos": [0.5, 0.0, 0.2], "class_id": 12}