{"cam_eye": [0.10208756841367411, 0.12324307878552228, 0.4059074933043956], "target_pos": [0.5, 0.0, 0.2], "class_id": 12}