{"cam_eye": [0.6167694839455603, 0.14729488255738873, 0.46640776122083055], "target_pos": [0.5, 0.0, 0.2], "class_id": 12}