{"cam_eye": [0.3602431300765191, -0.12940149000629894, 0.5971949733861157], "target_pos": [0.5, 0.0, 0.2], "class_id": 12}