{"cam_eye": [0.25436045365667526, -0.11778820744909901, 0.438979801617273], "target_pos": [0.5, 0.0, 0.2], "class_id": 12}