{"cam_eye": [0.3823686938466901, -0.007882033615937055, 0.6103315871941188], "target_pos": [0.5, 0.0, 0.2], "class_id": 12}