{"cam_eye": [0.836446901345982, 0.050894900398573806, 0.5340304730775189], "target_pos": [0.5, 0.0, 0.2], "class_id": 12}