{"cam_eye": [0.36085553509802143, 0.13054870048919956, 0.3106529999724724], "target_pos": [0.5, 0.0, 0.2], "class_id": 12}