{"cam_eye": [0.48778663325539245, 0.021925744821862343, 0.4464397749406181], "target_pos": [0.5, 0.0, 0.2], "class_id": 12}