{"cam_eye": [0.7106488976318287, -0.1434181596634434, 0.28080620718769844], "target_pos": [0.5, 0.0, 0.2], "class_id": 12}