{"cam_eye": [0.4080528659356253, -0.09054965868269255, 0.3654684098547511], "target_pos": [0.5, 0.0, 0.2], "class_id": 12}