{"cam_eye": [0.5747921497536257, 0.014090977177842693, 0.5110597305817483], "target_pos": [0.5, 0.0, 0.2], "class_id": 12}