{"cam_eye": [0.38539624687767826, -0.11085703465516551, 0.514030941608147], "target_pos": [0.5, 0.0, 0.2], "class_id": 12}