{"cam_eye": [0.5674866681791605, -0.16055741209968502, 0.6160373597152884], "target_pos": [0.5, 0.0, 0.2], "class_id": 12}