{"cam_eye": [0.4669516614849968, -0.19647824204981865, 0.5068718775953747], "target_pos": [0.5, 0.0, 0.2], "class_id": 12}