{"cam_eye": [0.17313315562481946, -0.02734653524105403, 0.3675608699074082], "target_pos": [0.5, 0.0, 0.2], "class_id": 12}