{"cam_eye": [0.5804290323011995, -0.19369031817648716, 0.43225285149937653], "target_pos": [0.5, 0.0, 0.2], "class_id": 12}