{"cam_eye": [0.34753479296457646, 0.26814574225735355, 0.48753052912452877], "target_pos": [0.5, 0.0, 0.2], "class_id": 12}