{"cam_eye": [0.6024197762929707, 0.1441931704945247, 0.5857366687232253], "target_pos": [0.5, 0.0, 0.2], "class_id": 12}