{"cam_eye": [0.45609381720662284, 0.39196630850428743, 0.4574955668049029], "target_pos": [0.5, 0.0, 0.2], "class_id": 12}