{"cam_eye": [0.742927530653923, -0.16098524182782914, 0.4258993932648241], "target_pos": [0.5, 0.0, 0.2], "class_id": 12}