{"cam_eye": [0.5029823836604671, -0.04059318533644383, 0.4877986458350793], "target_pos": [0.5, 0.0, 0.2], "class_id": 12}