{"cam_eye": [0.4009405079258925, 0.11019476176460574, 0.3514448173377454], "target_pos": [0.5, 0.0, 0.2], "class_id": 12}