{"cam_eye": [0.42014922632368507, 0.2146799105148833, 0.5646631769524897], "target_pos": [0.5, 0.0, 0.2], "class_id": 12}