{"cam_eye": [0.4519484047702079, -0.003552115248082685, 0.5225993772140596], "target_pos": [0.5, 0.0, 0.2], "class_id": 12}