{"cam_eye": [0.5786299468362496, -0.01931693477035974, 0.49656970927756816], "target_pos": [0.5, 0.0, 0.2], "class_id": 12}