{"cam_eye": [0.688700354641367, -0.07438527250068017, 0.33328830693988176], "target_pos": [0.5, 0.0, 0.2], "class_id": 12}