{"cam_eye": [0.424448478607534, -0.2519578940074291, 0.275464203907675], "target_pos": [0.5, 0.0, 0.2], "class_id": 12}