{"cam_eye": [0.6988544002504132, 0.35487639773503143, 0.3634427043576337], "target_pos": [0.5, 0.0, 0.2], "class_id": 12}