{"cam_eye": [0.4671997831982651, 0.15822001896801513, 0.4965050214564147], "target_pos": [0.5, 0.0, 0.2], "class_id": 12}