{"cam_eye": [0.16917801365506885, -0.09334597557388993, 0.41884878375987944], "target_pos": [0.5, 0.0, 0.2], "class_id": 12}