{"cam_eye": [0.792133967491202, -0.15180168990758808, 0.35770391213880687], "target_pos": [0.5, 0.0, 0.2], "class_id": 12}