{"cam_eye": [0.7534873194017758, 0.0327980706183101, 0.237726611889311], "target_pos": [0.5, 0.0, 0.2], "class_id": 12}