{"cam_eye": [0.45576709295841855, 0.04660202665209414, 0.4106064274518716], "target_pos": [0.5, 0.0, 0.2], "class_id": 12}