{"cam_eye": [0.5910292201625411, 0.1532519442525523, 0.48951382534409305], "target_pos": [0.5, 0.0, 0.2], "class_id": 12}