{"cam_eye": [0.41240884044535836, 0.17150764088866358, 0.4149811150599547], "target_pos": [0.5, 0.0, 0.2], "class_id": 12}