{"cam_eye": [0.567515022069504, -0.43889177500963267, 0.29482604032445836], "target_pos": [0.5, 0.0, 0.2], "class_id": 12}