{"cam_eye": [0.33218732565593684, -0.2492316197969412, 0.28780148799851357], "target_pos": [0.5, 0.0, 0.2], "class_id": 12}