{"cam_eye": [0.4346825217369846, -0.13364826876139102, 0.3954143920838719], "target_pos": [0.5, 0.0, 0.2], "class_id": 12}