{"cam_eye": [0.36269641429032484, 0.05481352974983182, 0.6215330632568106], "target_pos": [0.5, 0.0, 0.2], "class_id": 12}