{"cam_eye": [0.323603779857732, -0.010396263996617302, 0.47335234998787645], "target_pos": [0.5, 0.0, 0.2], "class_id": 12}