{"cam_eye": [0.4516435501559198, 0.07418296881422791, 0.4920948666325151], "target_pos": [0.5, 0.0, 0.2], "class_id": 12}