{"cam_eye": [0.5570709494894938, 0.03450102082151999, 0.628807128757434], "target_pos": [0.5, 0.0, 0.2], "class_id": 12}