{"cam_eye": [0.377053173439399, -0.34855173972633535, 0.38857269185313154], "target_pos": [0.5, 0.0, 0.2], "class_id": 12}