{"cam_eye": [0.5315514611337258, 0.09989784567949456, 0.3757090673006846], "target_pos": [0.5, 0.0, 0.2], "class_id": 12}