{"cam_eye": [0.7131712584340282, 0.3539225229579343, 0.34593828104326446], "target_pos": [0.5, 0.0, 0.2], "class_id": 12}