{"cam_eye": [0.507180175154927, 0.2386929686496224, 0.5881946818396078], "target_pos": [0.5, 0.0, 0.2], "class_id": 12}