{"cam_eye": [0.7572866310140771, 0.0041320873336833115, 0.3530640008704926], "target_pos": [0.5, 0.0, 0.2], "class_id": 12}