{"cam_eye": [0.5047626958954322, -0.20164025743130407, 0.3249322982516494], "target_pos": [0.5, 0.0, 0.2], "class_id": 12}