{"cam_eye": [0.43341262689143056, -0.4070550367409285, 0.42958275297505466], "target_pos": [0.5, 0.0, 0.2], "class_id": 12}