{"cam_eye": [0.4036135317243274, -0.2398505825027223, 0.4956990324502401], "target_pos": [0.5, 0.0, 0.2], "class_id": 12}