{"cam_eye": [0.3150166195574128, 0.2998288007768026, 0.5302441411934706], "target_pos": [0.5, 0.0, 0.2], "class_id": 12}