{"cam_eye": [0.518584735390388, -0.028721028582705223, 0.4875959410912586], "target_pos": [0.5, 0.0, 0.2], "class_id": 12}