{"cam_eye": [0.47704149320148637, -0.03452899932183287, 0.5581788376816046], "target_pos": [0.5, 0.0, 0.2], "class_id": 12}