{"cam_eye": [0.47269142883159126, 0.28947587544677866, 0.4854112635148681], "target_pos": [0.5, 0.0, 0.2], "class_id": 12}