{"cam_eye": [0.4641455636064807, 0.09214418415757264, 0.5188855571535528], "target_pos": [0.5, 0.0, 0.2], "class_id": 12}