{"cam_eye": [0.6462593008601566, 0.3433702142981232, 0.48262760326073306], "target_pos": [0.5, 0.0, 0.2], "class_id": 8}