{"cam_eye": [0.7794523343179438, -0.013206237769765176, 0.4156172993240329], "target_pos": [0.5, 0.0, 0.2], "class_id": 8}