{"cam_eye": [0.613293533785127, 0.16532208643729276, 0.31004671512616977], "target_pos": [0.5, 0.0, 0.2], "class_id": 8}