{"cam_eye": [0.7027666283547047, -0.1094095037581917, 0.49032144288920726], "target_pos": [0.5, 0.0, 0.2], "class_id": 8}