{"cam_eye": [0.5495792683629919, 0.2130491528077829, 0.46909332081643146], "target_pos": [0.5, 0.0, 0.2], "class_id": 8}