{"cam_eye": [0.6522486515293398, 0.12171554233141278, 0.27666154117597874], "target_pos": [0.5, 0.0, 0.2], "class_id": 8}