{"cam_eye": [0.31977270941114033, 0.10754376715718027, 0.2541011235188092], "target_pos": [0.5, 0.0, 0.2], "class_id": 8}