{"cam_eye": [0.18107300350422612, -0.19237482825648453, 0.25861231745532876], "target_pos": [0.5, 0.0, 0.2], "class_id": 8}