{"cam_eye": [0.8179506062180668, 0.10979545169359897, 0.5226574528254168], "target_pos": [0.5, 0.0, 0.2], "class_id": 8}