{"cam_eye": [0.8425095010322514, -0.09683234931365522, 0.3712749979918709], "target_pos": [0.5, 0.0, 0.2], "class_id": 8}