{"cam_eye": [0.6624246136888625, -0.19865458705413347, 0.3188008095264099], "target_pos": [0.5, 0.0, 0.2], "class_id": 8}