{"cam_eye": [0.3544335088223307, -0.14554163416038188, 0.248739430331948], "target_pos": [0.5, 0.0, 0.2], "class_id": 8}