{"cam_eye": [0.5341782123589107, 0.023374053851569123, 0.5209927928404673], "target_pos": [0.5, 0.0, 0.2], "class_id": 8}