{"cam_eye": [0.4467028253200246, 0.014327194741049161, 0.5892693721953582], "target_pos": [0.5, 0.0, 0.2], "class_id": 8}