{"cam_eye": [0.7832948309021379, 0.023116349689781036, 0.28177533998853954], "target_pos": [0.5, 0.0, 0.2], "class_id": 8}