{"cam_eye": [0.7829430921823499, 0.25332227188561063, 0.32676723361552823], "target_pos": [0.5, 0.0, 0.2], "class_id": 8}