{"cam_eye": [0.7145494739081526, 0.15949182623746613, 0.4815679752959464], "target_pos": [0.5, 0.0, 0.2], "class_id": 8}