{"cam_eye": [0.5468991406831192, 0.2640868572297571, 0.5773645538691738], "target_pos": [0.5, 0.0, 0.2], "class_id": 8}