{"cam_eye": [0.5872492286442144, -0.2804597897329048, 0.57710253888581], "target_pos": [0.5, 0.0, 0.2], "class_id": 8}