{"cam_eye": [0.4813810361238681, -0.09144486222469608, 0.5189160888207525], "target_pos": [0.5, 0.0, 0.2], "class_id": 8}