{"cam_eye": [0.7790872087011664, -0.1355008279462164, 0.45359169712002434], "target_pos": [0.5, 0.0, 0.2], "class_id": 8}