{"cam_eye": [0.5955727149671702, 0.21947234519387301, 0.6202625266632698], "target_pos": [0.5, 0.0, 0.2], "class_id": 8}