{"cam_eye": [0.4976017177931907, 0.14668088030578003, 0.47978353979684846], "target_pos": [0.5, 0.0, 0.2], "class_id": 8}