{"cam_eye": [0.6017109917906914, 0.4041407258632912, 0.2642140049207896], "target_pos": [0.5, 0.0, 0.2], "class_id": 8}