{"cam_eye": [0.3378800148998623, 0.28346046405451003, 0.5064960329669901], "target_pos": [0.5, 0.0, 0.2], "class_id": 8}