{"cam_eye": [0.6052568613953858, -0.019585952569254127, 0.4488047572588797], "target_pos": [0.5, 0.0, 0.2], "class_id": 8}