{"cam_eye": [0.5976854614623526, -0.15391431974918884, 0.4853884613728343], "target_pos": [0.5, 0.0, 0.2], "class_id": 8}