{"cam_eye": [0.3780264593231667, -0.04994655353425456, 0.5624806036114849], "target_pos": [0.5, 0.0, 0.2], "class_id": 8}