{"cam_eye": [0.6423345533138927, 0.06678302116533678, 0.36495327508305986], "target_pos": [0.5, 0.0, 0.2], "class_id": 8}