{"cam_eye": [0.43034839069280545, -0.05358821272905826, 0.40300249727228027], "target_pos": [0.5, 0.0, 0.2], "class_id": 8}