{"cam_eye": [0.4960789705640975, -0.13746473696318187, 0.668863829490077], "target_pos": [0.5, 0.0, 0.2], "class_id": 8}