{"cam_eye": [0.5559188201888303, 0.2689616376473273, 0.2826419513277725], "target_pos": [0.5, 0.0, 0.2], "class_id": 8}