{"cam_eye": [0.6467228749056638, 0.10559208440236206, 0.3391339468953847], "target_pos": [0.5, 0.0, 0.2], "class_id": 8}