{"cam_eye": [0.3584709325076427, 0.17902977332260386, 0.3839760341400932], "target_pos": [0.5, 0.0, 0.2], "class_id": 8}