{"cam_eye": [0.5891315825073824, -0.09568250361817224, 0.5376185366716935], "target_pos": [0.5, 0.0, 0.2], "class_id": 8}