{"cam_eye": [0.921545883152644, -0.06741790651327079, 0.37542940821405163], "target_pos": [0.5, 0.0, 0.2], "class_id": 8}