{"cam_eye": [0.6347045344098797, 0.09604163115824617, 0.41378778450627324], "target_pos": [0.5, 0.0, 0.2], "class_id": 8}