{"cam_eye": [0.6880258082267834, -0.073106052359537, 0.2592209380407885], "target_pos": [0.5, 0.0, 0.2], "class_id": 8}