{"cam_eye": [0.7059114661730796, -0.1996384614555998, 0.3800897256935309], "target_pos": [0.5, 0.0, 0.2], "class_id": 8}