{"cam_eye": [0.4860437054043824, -0.08385870993870308, 0.4842302557713745], "target_pos": [0.5, 0.0, 0.2], "class_id": 8}