{"cam_eye": [0.56664411348589, 0.21746685493906925, 0.5669596446639948], "target_pos": [0.5, 0.0, 0.2], "class_id": 8}