{"cam_eye": [0.610072692160719, -0.02558763161960273, 0.41841823879205087], "target_pos": [0.5, 0.0, 0.2], "class_id": 8}