{"cam_eye": [0.34040055675423786, 0.07453445493033488, 0.40582219552707977], "target_pos": [0.5, 0.0, 0.2], "class_id": 8}