{"cam_eye": [0.19622272182186556, -0.34218680304548965, 0.32121033744363103], "target_pos": [0.5, 0.0, 0.2], "class_id": 8}