{"cam_eye": [0.3222033027108522, 0.07459597289720184, 0.3598761493264093], "target_pos": [0.5, 0.0, 0.2], "class_id": 8}