{"cam_eye": [0.6584565902143377, 0.08070457502858269, 0.32949228565199556], "target_pos": [0.5, 0.0, 0.2], "class_id": 8}