{"cam_eye": [0.37827876417132217, 0.18034222519074358, 0.35221763419547547], "target_pos": [0.5, 0.0, 0.2], "class_id": 8}