{"cam_eye": [0.6086868608583843, -0.07663243817475435, 0.35165894929785135], "target_pos": [0.5, 0.0, 0.2], "class_id": 8}