{"cam_eye": [0.5765742061532428, -0.03490179611288532, 0.38570156248514387], "target_pos": [0.5, 0.0, 0.2], "class_id": 8}