{"cam_eye": [0.3428306913402098, 0.0858101424130514, 0.32773890971859615], "target_pos": [0.5, 0.0, 0.2], "class_id": 8}