{"cam_eye": [0.8564605683435654, -0.21707792898070305, 0.4410027315520412], "target_pos": [0.5, 0.0, 0.2], "class_id": 8}