{"cam_eye": [0.30196176373926165, -0.04469956549028762, 0.58589021024965], "target_pos": [0.5, 0.0, 0.2], "class_id": 8}