{"cam_eye": [0.6263502528423002, -0.16161661543242165, 0.37996544443499464], "target_pos": [0.5, 0.0, 0.2], "class_id": 8}