{"cam_eye": [0.570488284977689, 0.09447215000388808, 0.5894124473509104], "target_pos": [0.5, 0.0, 0.2], "class_id": 8}