{"cam_eye": [0.6325641153062536, -0.03546243354135191, 0.4749301427242132], "target_pos": [0.5, 0.0, 0.2], "class_id": 8}