{"cam_eye": [0.39438299027262835, 0.0027351077868743635, 0.6778776158404942], "target_pos": [0.5, 0.0, 0.2], "class_id": 8}