{"cam_eye": [0.3933859813009761, -0.04502582568190953, 0.434508660579786], "target_pos": [0.5, 0.0, 0.2], "class_id": 8}