{"cam_eye": [0.884078283633869, 0.18745803538230282, 0.27279111791575106], "target_pos": [0.5, 0.0, 0.2], "class_id": 8}