{"cam_eye": [0.7106048765880424, -0.28734839074194, 0.24765367731870006], "target_pos": [0.5, 0.0, 0.2], "class_id": 8}