{"cam_eye": [0.4117291068061206, -0.13784377384685229, 0.3485591637963033], "target_pos": [0.5, 0.0, 0.2], "class_id": 8}