{"cam_eye": [0.5537538554363006, -0.04482408698843683, 0.5479782408686007], "target_pos": [0.5, 0.0, 0.2], "class_id": 8}