{"cam_eye": [0.187320808059535, 0.07775001318906516, 0.41982404364043535], "target_pos": [0.5, 0.0, 0.2], "class_id": 8}