{"cam_eye": [0.5952444949449598, -0.025458102043145248, 0.6407090000626083], "target_pos": [0.5, 0.0, 0.2], "class_id": 8}