{"cam_eye": [0.7758184097903347, 0.016598170948744374, 0.5286028032033223], "target_pos": [0.5, 0.0, 0.2], "class_id": 8}