{"cam_eye": [0.7407219974105334, 0.17226970721885135, 0.46336886135746963], "target_pos": [0.5, 0.0, 0.2], "class_id": 8}