{"cam_eye": [0.8011405463191722, 0.1323218726760407, 0.510620048952044], "target_pos": [0.5, 0.0, 0.2], "class_id": 8}