{"cam_eye": [0.627987202485397, 0.27229963404508045, 0.39956546688496064], "target_pos": [0.5, 0.0, 0.2], "class_id": 8}