{"cam_eye": [0.44322602659177124, 0.1663738991130476, 0.3595415902093877], "target_pos": [0.5, 0.0, 0.2], "class_id": 8}