{"cam_eye": [0.6170937012107025, -0.14019932600409105, 0.3010601058692351], "target_pos": [0.5, 0.0, 0.2], "class_id": 8}