{"cam_eye": [0.5846310489183738, 0.23694758561018803, 0.5892222682109517], "target_pos": [0.5, 0.0, 0.2], "class_id": 8}