{"cam_eye": [0.4720386606884623, 0.02828229394482625, 0.49336000374450806], "target_pos": [0.5, 0.0, 0.2], "class_id": 8}