{"cam_eye": [0.28910119941839996, 0.042732547109939595, 0.3693631489794316], "target_pos": [0.5, 0.0, 0.2], "class_id": 8}