{"cam_eye": [0.5626406421276636, 0.21383778080646415, 0.23537219795119796], "target_pos": [0.5, 0.0, 0.2], "class_id": 8}