{"cam_eye": [0.6938355228645511, 0.35616750009508263, 0.27231855295479723], "target_pos": [0.5, 0.0, 0.2], "class_id": 8}