{"cam_eye": [0.42097934584339786, -0.2599957668513711, 0.46061200904708904], "target_pos": [0.5, 0.0, 0.2], "class_id": 8}