{"cam_eye": [0.5970266818888108, 0.0683928230775817, 0.408449835074666], "target_pos": [0.5, 0.0, 0.2], "class_id": 8}