{"cam_eye": [0.5264990768173408, -0.01533076929036788, 0.47449156518915314], "target_pos": [0.5, 0.0, 0.2], "class_id": 8}