{"cam_eye": [0.6386472223459504, -0.11529834059124981, 0.479925303912319], "target_pos": [0.5, 0.0, 0.2], "class_id": 8}