{"cam_eye": [0.8023391896861677, -0.11970538467281608, 0.3426274473366485], "target_pos": [0.5, 0.0, 0.2], "class_id": 8}