{"cam_eye": [0.49509582008211084, -0.11813731136102947, 0.5136830928205893], "target_pos": [0.5, 0.0, 0.2], "class_id": 8}