{"cam_eye": [0.6419025505558196, 0.1012177484098999, 0.42695903426539483], "target_pos": [0.5, 0.0, 0.2], "class_id": 8}