{"cam_eye": [0.7802792235291673, 0.23006165108322582, 0.29098121729892307], "target_pos": [0.5, 0.0, 0.2], "class_id": 8}