{"cam_eye": [0.37920312552586183, -0.0907469681527022, 0.5131124668200084], "target_pos": [0.5, 0.0, 0.2], "class_id": 8}