{"cam_eye": [0.20156776373465812, -0.08872759126172886, 0.5782541547911585], "target_pos": [0.5, 0.0, 0.2], "class_id": 8}