{"cam_eye": [0.1364136171430883, -0.1054954578006579, 0.37254330629138466], "target_pos": [0.5, 0.0, 0.2], "class_id": 8}