{"cam_eye": [0.8251794257614645, -0.1595670827530742, 0.4833733431748375], "target_pos": [0.5, 0.0, 0.2], "class_id": 8}