{"cam_eye": [0.4847916933874442, -0.16447736548104452, 0.35488629030835583], "target_pos": [0.5, 0.0, 0.2], "class_id": 8}