{"cam_eye": [0.6732074809138684, -0.12598351405946645, 0.46090164398861233], "target_pos": [0.5, 0.0, 0.2], "class_id": 8}