{"cam_eye": [0.5691473790096498, 0.03425902325607167, 0.48350174532741536], "target_pos": [0.5, 0.0, 0.2], "class_id": 8}