{"cam_eye": [0.43416713839000026, 0.039781694449952595, 0.4896565635007571], "target_pos": [0.5, 0.0, 0.2], "class_id": 8}