{"cam_eye": [0.3436264262332007, -0.12356855710315251, 0.23882151983330205], "target_pos": [0.5, 0.0, 0.2], "class_id": 8}