{"cam_eye": [0.3845479817975275, 0.40364926329504447, 0.31005243351937617], "target_pos": [0.5, 0.0, 0.2], "class_id": 8}