{"cam_eye": [0.5742096680113689, -0.10475646481279709, 0.3617320149533867], "target_pos": [0.5, 0.0, 0.2], "class_id": 8}