{"cam_eye": [0.49015345289898, 0.16580385805872166, 0.5843002602019574], "target_pos": [0.5, 0.0, 0.2], "class_id": 8}