{"cam_eye": [0.2380995681875651, 0.3613298538021758, 0.34396424959276223], "target_pos": [0.5, 0.0, 0.2], "class_id": 8}