{"cam_eye": [0.43980697196164764, 0.028135434953849577, 0.39169614242923695], "target_pos": [0.5, 0.0, 0.2], "class_id": 8}