{"cam_eye": [0.7818800953766565, 0.18369257225383723, 0.26904953847967106], "target_pos": [0.5, 0.0, 0.2], "class_id": 8}