{"cam_eye": [0.2817255122775332, -0.19661322482525323, 0.546038623929809], "target_pos": [0.5, 0.0, 0.2], "class_id": 8}