{"cam_eye": [0.5587212998467087, -0.08326061457016677, 0.5628681266751447], "target_pos": [0.5, 0.0, 0.2], "class_id": 8}