{"cam_eye": [0.5316135098040915, 0.14703201161791124, 0.4492821615690411], "target_pos": [0.5, 0.0, 0.2], "class_id": 8}