step,episode,ep_reward,ep_steps,success,p_hidden,critic_loss,actor_loss,coverage_loss,alpha
5,1,33.0000,5,0,0.0024,0.0000,0.0000,6.1974,0.2000
10,2,38.0000,5,0,0.0033,0.0000,0.0000,5.9920,0.2000
15,3,69.0000,5,0,0.0036,0.0000,0.0000,5.7033,0.2000
20,4,-3.0000,5,0,0.0072,0.0000,0.0000,5.0544,0.2000
25,5,33.0000,5,0,0.0075,0.0000,0.0000,4.7957,0.2000
30,6,105.0000,5,0,0.0152,0.0000,0.0000,4.3958,0.2000
35,7,-29.0000,5,0,0.0190,0.0000,0.0000,4.2045,0.2000
40,8,33.0000,5,0,0.0267,0.0000,0.0000,3.7850,0.2000
45,9,33.0000,5,0,0.0343,0.0000,0.0000,3.5706,0.2000
50,10,1.5141,5,0,0.0693,0.0000,0.0000,2.7762,0.2000
55,11,28.8949,5,0,0.0525,0.0000,0.0000,0.0499,0.2000
60,12,2.0000,5,0,0.0540,0.0000,0.0000,3.0507,0.2000
65,13,-11.4116,5,0,0.0817,0.0000,0.0000,2.6230,0.2000
70,14,-39.5211,5,0,0.1633,0.0000,0.0000,1.9929,0.2000
75,15,-34.4950,5,0,0.1369,0.0000,0.0000,2.0776,0.2000
80,16,19.9819,5,0,0.2489,0.0000,0.0000,0.6813,0.2000
85,17,0.3231,5,0,0.2416,0.0000,0.0000,1.5526,0.2000
90,18,11.7565,5,0,0.2513,0.0000,0.0000,1.1356,0.2000
95,19,-40.3754,5,0,0.3808,0.0000,0.0000,1.0485,0.2000
100,20,-30.7648,5,0,0.4792,0.0000,0.0000,0.8080,0.2000
105,21,-1.8049,5,0,0.5033,0.0000,0.0000,0.7319,0.2000
110,22,42.6868,5,0,0.5514,0.0000,0.0000,0.6943,0.2000
115,23,-31.4646,5,0,0.6507,0.0000,0.0000,0.4690,0.2000
120,24,-8.3337,5,0,0.5850,0.0000,0.0000,0.4004,0.2000
125,25,18.7530,5,0,0.5557,0.0000,0.0000,0.5965,0.2000
130,26,-38.6206,5,0,0.8103,0.0000,0.0000,0.2381,0.2000
135,27,-3.3845,5,0,0.6916,0.0000,0.0000,0.4044,0.2000
140,28,40.9797,5,0,0.7698,0.0000,0.0000,0.9420,0.2000
145,29,-41.7445,5,0,0.7125,0.0000,0.0000,0.3903,0.2000
150,30,-37.2779,5,0,0.8268,0.0000,0.0000,0.2073,0.2000
155,31,-20.6810,5,0,0.7316,0.0000,0.0000,0.2740,0.2000
160,32,-20.6793,5,0,0.8249,0.0000,0.0000,0.2416,0.2000
165,33,-58.6697,5,0,0.8117,0.0000,0.0000,0.2078,0.2000
170,34,-48.8101,5,0,0.9097,0.0000,0.0000,0.1002,0.2000
175,35,57.0357,5,0,0.7630,0.0000,0.0000,0.6466,0.2000
180,36,-58.8204,5,0,0.9102,0.0000,0.0000,0.0977,0.2000
185,37,-42.0000,5,0,0.8083,0.0000,0.0000,0.2529,0.2000
190,38,5.7646,5,0,0.9268,0.0000,0.0000,0.0795,0.2000
195,39,-21.4226,5,0,0.8999,0.0000,0.0000,0.1111,0.2000
200,40,-58.7283,5,0,0.8788,0.0000,0.0000,0.1502,0.2000
205,41,-65.0000,5,0,0.8185,0.0000,0.0000,0.2019,0.2000
210,42,-5.4512,5,0,0.9300,0.0000,0.0000,0.0733,0.2000
215,43,-37.3702,5,0,0.8001,0.0000,0.0000,0.1677,0.2000
220,44,-21.1860,5,0,0.8612,0.0000,0.0000,0.1405,0.2000
225,45,-5.3474,5,0,0.9301,0.0000,0.0000,0.0864,0.2000
230,46,-42.5226,5,0,0.8784,0.0000,0.0000,0.1189,0.2000
235,47,-53.8064,5,0,0.9181,0.0000,0.0000,0.0955,0.2000
240,48,-26.0084,5,0,0.8474,0.0000,0.0000,0.1790,0.2000
245,49,39.7656,5,0,0.8907,0.0000,0.0000,1.8923,0.2000
250,50,-5.5839,5,0,0.9411,0.0000,0.0000,0.0598,0.2000
255,51,40.4031,5,0,0.7423,0.0000,0.0000,0.5988,0.2000
260,52,-5.1991,5,0,0.9077,0.0000,0.0000,0.0927,0.2000
265,53,-37.6525,5,0,0.8969,0.0000,0.0000,0.0802,0.2000
270,54,-5.5061,5,0,0.9460,0.0000,0.0000,0.0628,0.2000
275,55,-20.9799,5,0,0.8185,0.0000,0.0000,0.1985,0.2000
280,56,-42.5817,5,0,0.8778,0.0000,0.0000,0.1177,0.2000
285,57,-37.8075,5,0,0.9542,0.0000,0.0000,0.0464,0.2000
290,58,7.2698,5,0,0.9375,0.0000,0.0000,2.6681,0.2000
295,59,-5.3325,5,0,0.9079,0.0000,0.0000,0.0828,0.2000
300,60,-26.7296,5,0,0.9543,0.0000,0.0000,0.0462,0.2000
305,61,-10.0558,5,0,0.9041,0.0000,0.0000,0.1207,0.2000
310,62,-5.4208,5,0,0.9344,0.0000,0.0000,0.0773,0.2000
315,63,-53.9238,5,0,0.9498,0.0000,0.0000,0.0507,0.2000
320,64,-25.9080,5,0,0.8583,0.0000,0.0000,0.2093,0.2000
325,65,-16.5406,5,0,0.9484,0.0000,0.0000,0.0712,0.2000
330,66,-21.5658,5,0,0.9368,0.0000,0.0000,0.0728,0.2000
335,67,5.6334,5,0,0.9470,0.0000,0.0000,0.0655,0.2000
340,68,-16.7644,5,0,0.9625,0.0000,0.0000,0.0414,0.2000
345,69,-21.6335,5,0,0.9465,0.0000,0.0000,0.0621,0.2000
350,70,-16.8093,5,0,0.9682,0.0000,0.0000,0.0332,0.2000
355,71,-58.8384,5,0,0.9155,0.0000,0.0000,0.0966,0.2000
360,72,-10.5677,5,0,0.9464,0.0000,0.0000,0.0590,0.2000
365,73,-21.8459,5,0,0.9755,0.0000,0.0000,0.0262,0.2000
370,74,12.5016,5,0,0.8887,0.0000,0.0000,0.0792,0.2000
375,75,-21.6406,5,0,0.9467,0.0000,0.0000,0.0655,0.2000
380,76,-42.2475,5,0,0.8241,0.0000,0.0000,0.1490,0.2000
385,77,-37.8545,5,0,0.9673,0.0000,0.0000,0.0402,0.2000
390,78,-10.6404,5,0,0.9594,0.0000,0.0000,0.0449,0.2000
395,79,17.1653,5,0,0.9658,0.0000,0.0000,3.1882,0.2000
400,80,-26.2389,5,0,0.8446,0.0000,0.0000,0.1665,0.2000
405,81,-10.5818,5,0,0.9451,0.0000,0.0000,0.0543,0.2000
410,82,5.8045,5,0,0.9413,0.0000,0.0000,0.0841,0.2000
415,83,5.6292,5,0,0.9288,0.0000,0.0000,0.0650,0.2000
420,84,-5.6131,5,0,0.9533,0.0000,0.0000,0.0485,0.2000
425,85,-5.5643,5,0,0.9553,0.0000,0.0000,0.0591,0.2000
430,86,55.7141,5,0,0.9213,0.0000,0.0000,2.0187,0.2000
435,87,-26.5605,5,0,0.9247,0.0000,0.0000,0.0747,0.2000
440,88,45.1899,5,0,0.8303,0.0000,0.0000,1.4275,0.2000
445,89,-26.4213,5,0,0.9063,0.0000,0.0000,0.0999,0.2000
450,90,-10.3673,5,0,0.9219,0.0000,0.0000,0.0781,0.2000
455,91,-5.3759,5,0,0.9287,0.0000,0.0000,0.0807,0.2000
460,92,-16.3498,5,0,0.8672,0.0000,0.0000,0.1247,0.2000
465,93,-5.3260,5,0,0.9094,0.0000,0.0000,0.0856,0.2000
470,94,5.8595,5,0,0.9151,0.0000,0.0000,0.0900,0.2000
475,95,-21.7259,5,0,0.9568,0.0000,0.0000,0.0461,0.2000
480,96,-4.9091,5,0,0.8854,0.0000,0.0000,0.1570,0.2000
485,97,-43.8551,5,0,0.9425,0.0000,0.0000,0.0611,0.2000
490,98,-37.3939,5,0,0.8727,0.0000,0.0000,0.1536,0.2000
495,99,-58.9064,5,0,0.9614,0.0000,0.0000,0.0457,0.2000
500,100,-38.7645,5,0,0.8304,0.0000,0.0000,0.1832,0.2000
505,101,-16.1924,5,0,0.8972,0.0000,0.0000,0.1477,0.2000
510,102,-10.0249,5,0,0.8832,0.0000,0.0000,0.1290,0.2000
515,103,-5.0909,5,0,0.8480,0.0000,0.0000,0.1298,0.2000
520,104,-32.9037,5,0,0.9755,0.0000,0.0000,0.0255,0.2000
525,105,-42.7634,5,0,0.9339,0.0000,0.0000,0.0644,0.2000
530,106,-53.9494,5,0,0.9768,0.0000,0.0000,0.0256,0.2000
535,107,-10.4076,5,0,0.9293,0.0000,0.0000,0.0744,0.2000
540,108,-5.6912,5,0,0.9689,0.0000,0.0000,0.0390,0.2000
545,109,-37.8060,5,0,0.9518,0.0000,0.0000,0.0537,0.2000
550,110,-10.5983,5,0,0.9515,0.0000,0.0000,0.0546,0.2000
555,111,-10.7810,5,0,0.9751,0.0000,0.0000,0.0287,0.2000
560,112,-10.6960,5,0,0.9702,0.0000,0.0000,0.0428,0.2000
565,113,-27.8894,5,0,0.9510,0.0000,0.0000,0.0417,0.2000
570,114,5.1431,5,0,0.9822,0.0000,0.0000,0.0144,0.2000
575,115,-42.9112,5,0,0.9821,0.0000,0.0000,0.0220,0.2000
580,116,55.1674,5,0,0.9660,0.0000,0.0000,0.6865,0.2000
585,117,-26.7411,5,0,0.9512,0.0000,0.0000,0.0440,0.2000
590,118,-58.8654,5,0,0.9297,0.0000,0.0000,0.0750,0.2000
595,119,44.6320,5,0,0.8635,0.0000,0.0000,0.4590,0.2000
600,120,-21.8870,5,0,0.9840,0.0000,0.0000,0.0185,0.2000
605,121,-37.6137,5,0,0.8445,0.0000,0.0000,0.0953,0.2000
610,122,-53.9144,5,0,0.9592,0.0000,0.0000,0.0445,0.2000
615,123,-21.8312,5,0,0.9704,0.0000,0.0000,0.0277,0.2000
620,124,-58.9155,5,0,0.9631,0.0000,0.0000,0.0454,0.2000
625,125,-32.9208,5,0,0.9872,0.0000,0.0000,0.0161,0.2000
630,126,-5.6354,5,0,0.9596,0.0000,0.0000,0.0470,0.2000
635,127,-26.7386,5,0,0.9609,0.0000,0.0000,0.0402,0.2000
640,128,-21.6915,5,0,0.9522,0.0000,0.0000,0.0578,0.2000
645,129,5.1836,5,0,0.9847,0.0000,0.0000,0.0185,0.2000
650,130,-37.8609,5,0,0.9606,0.0000,0.0000,0.0331,0.2000
655,131,5.1684,5,0,0.9847,0.0000,0.0000,0.0170,0.2000
660,132,5.0860,5,0,0.9921,0.0000,0.0000,0.0086,0.2000
665,133,-42.8817,5,0,0.9809,0.0000,0.0000,0.0284,0.2000
670,134,-37.8569,5,0,0.9732,0.0000,0.0000,0.0326,0.2000
675,135,5.0714,5,0,0.9931,0.0000,0.0000,0.0072,0.2000
680,136,-42.8160,5,0,0.9584,0.0000,0.0000,0.0430,0.2000
685,137,-37.8122,5,0,0.9609,0.0000,0.0000,0.0350,0.2000
690,138,-26.9210,5,0,0.9884,0.0000,0.0000,0.0135,0.2000
695,139,-21.8499,5,0,0.9758,0.0000,0.0000,0.0254,0.2000
700,140,-5.9382,5,0,0.9925,0.0000,0.0000,0.0077,0.2000
705,141,-32.9213,5,0,0.9828,0.0000,0.0000,0.0204,0.2000
710,142,-26.8658,5,0,0.9789,0.0000,0.0000,0.0229,0.2000
715,143,5.0891,5,0,0.9929,0.0000,0.0000,0.0090,0.2000
720,144,-27.9736,5,0,0.9929,0.0000,0.0000,0.0071,0.2000
725,145,-26.9051,5,0,0.9838,0.0000,0.0000,0.0158,0.2000
730,146,-10.7274,5,0,0.9652,0.0000,0.0000,0.0388,0.2000
735,147,-10.9490,5,0,0.9940,0.0000,0.0000,0.0063,0.2000
740,148,-32.8245,5,0,0.9772,0.0000,0.0000,0.0431,0.2000
745,149,-48.9691,5,0,0.9844,0.0000,0.0000,0.0169,0.2000
750,150,23.4002,5,0,0.8956,0.0000,0.0000,0.5059,0.2000
755,151,-10.9159,5,0,0.9908,0.0000,0.0000,0.0105,0.2000
760,152,-16.9659,5,0,0.9941,0.0000,0.0000,0.0063,0.2000
765,153,-21.9682,5,0,0.9949,0.0000,0.0000,0.0052,0.2000
770,154,5.2002,5,0,0.9845,0.0000,0.0000,0.0202,0.2000
775,155,-5.9083,5,0,0.9895,0.0000,0.0000,0.0120,0.2000
780,156,-10.8785,5,0,0.9887,0.0000,0.0000,0.0145,0.2000
785,157,-37.7238,5,0,0.9416,0.0000,0.0000,0.0448,0.2000
790,158,5.0557,5,0,0.9946,0.0000,0.0000,0.0056,0.2000
795,159,-32.9424,5,0,0.9891,0.0000,0.0000,0.0137,0.2000
800,160,-5.8957,5,0,0.9892,0.0000,0.0000,0.0126,0.2000
805,161,-10.8375,5,0,0.9830,0.0000,0.0000,0.0210,0.2000
810,162,-5.9570,5,0,0.9943,0.0000,0.0000,0.0054,0.2000
815,163,-42.9483,5,0,0.9828,0.0000,0.0000,0.0183,0.2000
820,164,55.2005,5,0,0.9702,0.0000,0.0000,0.7167,0.2000
825,165,-21.9739,5,0,0.9958,0.0000,0.0000,0.0043,0.2000
830,166,55.1107,5,0,0.9884,0.0000,0.0000,4.5075,0.2000
835,167,-10.8161,5,0,0.9809,0.0000,0.0000,0.0224,0.2000
840,168,-27.8887,5,0,0.9694,0.0000,0.0000,0.0313,0.2000
845,169,-16.9195,5,0,0.9861,0.0000,0.0000,0.0134,0.2000
850,170,-5.8714,5,0,0.9820,0.0000,0.0000,0.0158,0.2000
855,171,-53.9233,5,0,0.9620,0.0000,0.0000,0.0315,0.2000
860,172,5.2248,5,0,0.9568,0.0000,0.0000,0.0228,0.2000
865,173,-21.7778,5,0,0.9661,0.0000,0.0000,0.0361,0.2000
870,174,-53.9258,5,0,0.9676,0.0000,0.0000,0.0426,0.2000
875,175,-5.7340,5,0,0.9613,0.0000,0.0000,0.0364,0.2000
880,176,5.1578,5,0,0.9862,0.0000,0.0000,0.0159,0.2000
885,177,-5.6196,5,0,0.9345,0.0000,0.0000,0.0450,0.2000
890,178,-32.8029,5,0,0.9616,0.0000,0.0000,0.0482,0.2000
895,179,-21.8027,5,0,0.9649,0.0000,0.0000,0.0373,0.2000
900,180,-58.8636,5,0,0.9478,0.0000,0.0000,0.0583,0.2000
905,181,33.1108,5,0,0.9759,0.0000,0.0000,0.7567,0.2000
910,182,-26.8128,5,0,0.9703,0.0000,0.0000,0.0332,0.2000
915,183,-53.9768,5,0,0.9700,0.0000,0.0000,0.0181,0.2000
920,184,-43.9479,5,0,0.9811,0.0000,0.0000,0.0254,0.2000
925,185,-10.7763,5,0,0.9783,0.0000,0.0000,0.0271,0.2000
930,186,-5.3214,5,0,0.9390,0.0000,0.0000,0.0836,0.2000
935,187,-10.9063,5,0,0.9891,0.0000,0.0000,0.0120,0.2000
940,188,55.1325,5,0,0.9883,0.0000,0.0000,0.0133,0.2000
945,189,-32.9267,5,0,0.9714,0.0000,0.0000,0.7260,0.2000
950,190,-10.5376,5,0,0.9277,0.0000,0.0000,0.0543,0.2000
955,191,-42.9273,5,0,0.9822,0.0000,0.0000,0.0174,0.2000
960,192,55.1168,5,0,0.9881,0.0000,0.0000,2.6891,0.2000
965,193,-48.9617,5,0,0.8957,0.0000,0.0000,0.0464,0.2000
970,194,-5.8069,5,0,0.9768,0.0000,0.0000,0.0242,0.2000
975,195,-42.7056,5,0,0.9163,0.0000,0.0000,0.0891,0.2000
980,196,-26.6877,5,0,0.9513,0.0000,0.0000,0.0532,0.2000
985,197,-16.8487,5,0,0.9760,0.0000,0.0000,0.0251,0.2000
990,198,-37.8075,5,0,0.9543,0.0000,0.0000,0.0524,0.2000
995,199,-21.8461,5,0,0.9738,0.0000,0.0000,0.0257,0.2000
1000,200,-26.4061,5,0,0.9156,208.7158,-1.5790,0.0818,0.2000
1005,201,44.1846,5,0,0.9752,279.7936,-1.3474,1.4879,0.1999
1010,202,-70.0000,5,0,0.9326,220.2422,-1.0718,0.0840,0.1998
1015,203,-58.9379,5,0,0.9693,249.8163,-0.7288,0.0317,0.1997
1020,204,-10.5256,5,0,0.9523,262.6546,-0.3600,0.0604,0.1996
1025,205,-10.6399,5,0,0.9589,277.4059,-0.0565,0.0476,0.1995
1030,206,-21.7485,5,0,0.9613,309.4039,-0.0076,0.0436,0.1994
1035,207,-32.8600,5,0,0.9537,322.0734,0.2251,0.0370,0.1993
1040,208,-42.8337,5,0,0.9530,328.6676,0.4220,0.0422,0.1992
1045,209,-26.8146,5,0,0.9720,248.8043,0.3989,0.0323,0.1991
1050,210,-21.8683,5,0,0.9786,313.9189,0.3906,0.0228,0.1990
1055,211,-26.6396,5,0,0.9341,223.6981,0.4911,0.0611,0.1989
1060,212,-26.8378,5,0,0.9762,201.4077,1.0343,0.0273,0.1988
1065,213,-5.6764,5,0,0.9691,233.5661,0.8319,0.0410,0.1987
1070,214,-26.7861,5,0,0.9681,267.4662,0.6182,0.0372,0.1986
1075,215,-10.8004,5,0,0.9786,205.7602,0.8705,0.0250,0.1985
1080,216,-42.8605,5,0,0.9689,167.1091,1.5838,0.0327,0.1984
1085,217,-21.8269,5,0,0.9758,192.7409,1.2544,0.0283,0.1983
1090,218,-10.8248,5,0,0.9731,185.1097,1.3584,0.0212,0.1982
1095,219,-26.8430,5,0,0.9777,261.4925,1.4862,0.0293,0.1981
1100,220,-10.7795,5,0,0.9803,165.6296,1.1099,0.0274,0.1980
1105,221,39.2141,5,0,0.9709,212.3836,2.5605,3.6106,0.1979
1110,222,-42.8978,5,0,0.9729,204.4634,1.9106,0.0260,0.1978
1115,223,-5.6374,5,0,0.9610,213.4464,1.5982,0.0459,0.1977
1120,224,-37.6966,5,0,0.9282,230.1270,3.0674,0.0671,0.1976
1125,225,-21.6667,5,0,0.9488,138.9593,1.3906,0.0549,0.1975
1130,226,-16.7321,5,0,0.9565,293.6614,1.9852,0.0468,0.1974
1135,227,-5.7518,5,0,0.9707,209.6522,1.2121,0.0318,0.1973
1140,228,-42.8668,5,0,0.9683,179.0043,2.1850,0.0346,0.1972
1145,229,-37.8831,5,0,0.9682,266.4132,2.4981,0.0296,0.1971
1150,230,-5.6741,5,0,0.9639,138.8449,2.5812,0.0403,0.1970
1155,231,-10.7809,5,0,0.9750,212.4355,3.0492,0.0273,0.1969
1160,232,23.1986,5,0,0.9608,258.1268,1.8343,1.9351,0.1968
1165,233,5.3781,5,0,0.9635,123.3541,2.4099,0.0385,0.1967
1170,234,-21.6799,5,0,0.9500,122.0041,2.8742,0.0571,0.1966
1175,235,28.4751,5,0,0.9034,258.2659,1.1293,0.5139,0.1965
1180,236,-16.5002,5,0,0.9115,191.5150,4.6054,0.0861,0.1964
1185,237,-5.6715,5,0,0.9596,157.2628,2.1238,0.0416,0.1963
1190,238,-43.8943,5,0,0.9390,180.4438,2.5877,0.0594,0.1962
1195,239,-10.6654,5,0,0.9616,217.9587,4.2093,0.0427,0.1961
1200,240,-26.5622,5,0,0.9247,314.1970,2.2839,0.0695,0.1960
1205,241,-42.8084,5,0,0.9461,175.5548,3.4413,0.0531,0.1959
1210,242,-53.8835,5,0,0.9418,197.0471,4.3772,0.0490,0.1958
1215,243,-10.6469,5,0,0.9578,316.5686,2.5823,0.0438,0.1957
1220,244,-58.7440,5,0,0.8720,235.9953,2.5390,0.1413,0.1956
1225,245,-10.7207,5,0,0.9666,219.4303,4.1294,0.0352,0.1955
1230,246,-42.8831,5,0,0.9733,225.7675,3.1978,0.0288,0.1954
1235,247,-5.7901,5,0,0.9726,256.9112,2.3296,0.0268,0.1953
1240,248,-37.7389,5,0,0.9345,255.8683,2.9893,0.0680,0.1952
1245,249,-58.9368,5,0,0.9648,196.8426,3.4725,0.0324,0.1951
1250,250,-10.6363,5,0,0.9587,158.9449,3.3908,0.0457,0.1950
1255,251,-16.8809,5,0,0.9797,177.0833,4.9523,0.0207,0.1949
1260,252,28.2625,5,0,0.9377,125.9605,2.9155,2.3357,0.1948
1265,253,-21.7545,5,0,0.9575,178.0466,3.4376,0.0409,0.1947
1270,254,-5.6676,5,0,0.9594,203.6065,2.2728,0.0433,0.1946
1275,255,-32.7380,5,0,0.9365,229.5903,2.6804,0.0708,0.1945
1280,256,-37.8704,5,0,0.9692,171.1563,4.0902,0.0327,0.1944
1285,257,-26.6786,5,0,0.9462,287.0995,2.5078,0.0558,0.1943
1290,258,-26.7064,5,0,0.9306,191.5803,3.5114,0.0572,0.1943
1295,259,-37.6774,5,0,0.9308,186.5883,2.8928,0.0792,0.1942
1300,260,-16.8156,5,0,0.9718,181.6810,3.4167,0.0305,0.1941
1305,261,-37.6759,5,0,0.9299,219.3983,6.0218,0.0702,0.1940
1310,262,-26.6667,5,0,0.9496,166.5426,4.9099,0.0556,0.1939
1315,263,-5.7546,5,0,0.9716,196.2141,4.7371,0.0315,0.1938
1320,264,-16.8522,5,0,0.9747,161.8272,2.6802,0.0249,0.1937
1325,265,23.6629,5,0,0.8749,114.6317,4.3769,0.8583,0.1936
1330,266,33.1664,5,0,0.9673,205.5361,3.2018,0.7055,0.1935
1335,267,-48.9056,5,0,0.9582,188.9662,3.7846,0.0468,0.1934
1340,268,-16.8516,5,0,0.9759,175.8906,4.7590,0.0251,0.1933
1345,269,-10.3114,5,0,0.9360,259.0524,3.5959,0.0896,0.1932
1350,270,-21.6883,5,0,0.9245,247.0478,4.4693,0.0584,0.1931
1355,271,-10.7360,5,0,0.9710,216.8647,5.8878,0.0340,0.1930
1360,272,-5.5498,5,0,0.9496,178.7790,4.7458,0.0583,0.1929
1365,273,-26.6918,5,0,0.9557,190.4831,4.8765,0.0507,0.1928
1370,274,-48.8477,5,0,0.9142,193.5032,3.5249,0.0782,0.1927
1375,275,-27.9165,5,0,0.9791,217.2082,6.7535,0.0212,0.1926
1380,276,-10.6072,5,0,0.9567,159.1837,2.8891,0.0502,0.1925
1385,277,-5.3718,5,0,0.9268,242.6591,4.4589,0.0803,0.1924
1390,278,-21.7483,5,0,0.9678,201.3016,5.9752,0.0410,0.1923
1395,279,-37.7641,5,0,0.9421,195.7118,4.6380,0.0614,0.1922
1400,280,-32.8672,5,0,0.9582,355.5021,4.6815,0.0389,0.1921
1405,281,28.1941,5,0,0.9647,176.4686,4.7213,3.4345,0.1920
1410,282,-10.7210,5,0,0.9687,201.7382,4.1896,0.0358,0.1919
1415,283,-10.7086,5,0,0.9622,202.6376,5.8672,0.0371,0.1918
1420,284,-10.1922,5,0,0.8858,191.5074,4.1350,0.1024,0.1917
1425,285,-37.4873,5,0,0.8387,228.2850,5.5927,0.1243,0.1916
1430,286,-10.6326,5,0,0.9635,255.7851,5.1750,0.0474,0.1915
1435,287,-26.5812,5,0,0.9363,235.8995,5.1057,0.0736,0.1914
1440,288,-21.6864,5,0,0.9561,209.3045,5.0894,0.0511,0.1913
1445,289,-42.7853,5,0,0.9563,202.5207,5.4871,0.0551,0.1912
1450,290,-10.5297,5,0,0.9419,222.9987,6.9160,0.0613,0.1912
1455,291,-16.6980,5,0,0.9481,201.3632,4.1139,0.0515,0.1911
1460,292,5.2959,5,0,0.9645,228.7797,6.5230,0.0301,0.1910
1465,293,-10.7457,5,0,0.9715,223.5259,5.4226,0.0321,0.1909
1470,294,44.2336,5,0,0.9698,268.9496,5.6009,3.5151,0.1908
1475,295,6.0469,5,0,0.9047,235.9635,6.0609,0.1107,0.1907
1480,296,5.4358,5,0,0.9578,260.7342,6.5604,0.0446,0.1906
1485,297,-27.7894,5,0,0.9411,242.2877,4.8509,0.0572,0.1905
1490,298,-53.9117,5,0,0.9550,226.6780,6.5732,0.0474,0.1904
1495,299,-5.3417,5,0,0.9251,162.1251,6.0225,0.0843,0.1903
1500,300,-10.4633,5,0,0.9362,253.3638,4.2151,0.0722,0.1902
1505,301,-10.4183,5,0,0.9275,229.1152,7.0251,0.0754,0.1901
1510,302,-5.4159,5,0,0.9326,229.1022,7.0963,0.0782,0.1900
1515,303,-53.7100,5,0,0.8788,206.0989,7.3995,0.1462,0.1899
1520,304,-5.4714,5,0,0.9248,252.4883,6.2630,0.0728,0.1898
1525,305,-32.7401,5,0,0.9412,232.5311,6.8203,0.0635,0.1897
1530,306,-32.7070,5,0,0.8967,176.6112,8.5793,0.0817,0.1896
1535,307,5.3742,5,0,0.9685,232.2218,7.3438,0.0381,0.1895
1540,308,5.3641,5,0,0.9636,241.4156,9.0379,0.0371,0.1894
1545,309,39.2512,5,0,0.9579,284.9580,4.8978,2.6930,0.1893
1550,310,5.3460,5,0,0.9622,210.5880,8.0523,0.0352,0.1892
1555,311,22.3346,5,0,0.9085,251.7214,4.4449,0.9965,0.1891
1560,312,-21.4875,5,0,0.9267,281.5966,5.9760,0.0853,0.1890
1565,313,-5.4209,5,0,0.9329,256.4051,7.2841,0.0748,0.1890
1570,314,-32.7046,5,0,0.9308,294.8124,6.4520,0.0731,0.1889
1575,315,5.6858,5,0,0.9404,280.5300,7.2497,0.0711,0.1888
1580,316,-10.4797,5,0,0.9437,252.4384,5.0858,0.0654,0.1887
1585,317,-37.6408,5,0,0.9121,336.3423,8.2978,0.0984,0.1886
1590,318,-21.1247,5,0,0.8623,241.8252,7.8386,0.1579,0.1885
1595,319,-58.7750,5,0,0.8877,244.8036,5.7499,0.1143,0.1884
1600,320,-10.1558,5,0,0.9058,261.0302,9.4136,0.1120,0.1883
1605,321,-16.7416,5,0,0.9579,309.5267,7.4710,0.0455,0.1882
1610,322,-26.5554,5,0,0.9305,306.2238,10.5199,0.0789,0.1881
1615,323,-26.6471,5,0,0.9467,312.7451,8.5819,0.0599,0.1880
1620,324,-26.6367,5,0,0.9186,322.7782,7.3104,0.0676,0.1879
1625,325,5.2809,5,0,0.9740,305.0589,7.3103,0.0285,0.1878
1630,326,-10.4617,5,0,0.9258,328.2417,9.1501,0.0635,0.1877
1635,327,-26.7538,5,0,0.9630,212.9100,7.1562,0.0417,0.1876
1640,328,5.2265,5,0,0.9780,232.0477,9.7586,0.0229,0.1875
1645,329,5.4429,5,0,0.9615,287.5750,7.2390,0.0453,0.1874
1650,330,-21.7811,5,0,0.9688,281.5539,8.1635,0.0348,0.1873
1655,331,-10.7220,5,0,0.9652,239.7479,8.8957,0.0358,0.1872
1660,332,-5.8122,5,0,0.9790,267.8143,7.9424,0.0237,0.1871
1665,333,-5.5849,5,0,0.9516,327.5848,7.5114,0.0529,0.1871
1670,334,-26.7403,5,0,0.9592,226.6058,7.8024,0.0438,0.1870
1675,335,-26.7509,5,0,0.9695,336.6482,10.3260,0.0409,0.1869
1680,336,-5.8192,5,0,0.9778,327.4001,7.0332,0.0236,0.1868
1685,337,-37.8487,5,0,0.9672,302.6313,10.0624,0.0381,0.1867
1690,338,44.1542,5,0,0.9784,290.3357,7.4041,3.9292,0.1866
1695,339,-10.7576,5,0,0.9671,287.2316,8.9130,0.0320,0.1865
1700,340,-21.7618,5,0,0.9631,351.5199,7.3273,0.0377,0.1864
1705,341,-26.5561,5,0,0.9325,318.2347,9.9043,0.0728,0.1863
1710,342,-5.4083,5,0,0.9326,300.5276,6.1221,0.0763,0.1862
1715,343,-26.5574,5,0,0.9348,327.0445,11.0198,0.0737,0.1861
1720,344,-37.7350,5,0,0.9489,249.5872,6.8674,0.0622,0.1860
1725,345,-70.0000,5,0,0.8873,242.6377,10.2514,0.1281,0.1859
1730,346,39.3837,5,0,0.9501,212.3577,8.6913,3.0309,0.1858
1735,347,28.3947,5,0,0.9200,298.1764,10.6618,0.5602,0.1857
1740,348,-37.4452,5,0,0.8647,237.8602,9.5897,0.1448,0.1856
1745,349,-48.8289,5,0,0.8949,308.1443,7.2627,0.1042,0.1856
1750,350,-21.2515,5,0,0.8765,324.9797,10.1074,0.1349,0.1855
1755,351,-10.0703,5,0,0.8770,325.7556,10.1107,0.1251,0.1854
1760,352,-37.5916,5,0,0.9102,283.6617,9.1681,0.1012,0.1853
1765,353,39.8142,5,0,0.9029,266.8568,10.0827,1.8451,0.1852
1770,354,-16.2254,5,0,0.8642,349.9668,9.9900,0.1354,0.1851
1775,355,-26.3638,5,0,0.8971,379.8952,8.4986,0.1116,0.1850
1780,356,-26.2706,5,0,0.8811,348.0282,11.2227,0.1357,0.1849
1785,357,-21.1467,5,0,0.8753,296.6100,10.4128,0.1479,0.1848
1790,358,-43.7793,5,0,0.9040,263.1447,10.1014,0.1076,0.1847
1795,359,-37.5590,5,0,0.8987,390.4164,11.3494,0.1145,0.1846
1800,360,-37.5598,5,0,0.8861,359.4897,8.8472,0.1212,0.1845
1805,361,-5.0948,5,0,0.8862,290.8184,9.8666,0.1143,0.1844
1810,362,5.7616,5,0,0.9255,339.3571,9.9291,0.0792,0.1843
1815,363,-26.4805,5,0,0.9197,335.7347,9.6994,0.0932,0.1842
1820,364,-21.6106,5,0,0.9404,361.2781,10.7151,0.0654,0.1842
1825,365,-21.5795,5,0,0.9365,302.6340,11.2219,0.0667,0.1841
1830,366,-5.5596,5,0,0.9480,359.5052,10.9045,0.0558,0.1840
1835,367,5.5426,5,0,0.9505,339.2626,12.6923,0.0558,0.1839
1840,368,-16.6087,5,0,0.9290,356.6902,10.2055,0.0692,0.1838
1845,369,-37.8018,5,0,0.9538,301.2044,13.7049,0.0516,0.1837
1850,370,5.3426,5,0,0.9673,365.5865,9.7389,0.0349,0.1836
1855,371,17.2493,5,0,0.9271,293.3485,11.6917,0.0643,0.1835
1860,372,-32.8341,5,0,0.9582,354.6902,10.5333,0.0393,0.1834
1865,373,-5.6806,5,0,0.9617,371.6147,11.4639,0.0405,0.1833
1870,374,-75.0000,5,0,0.9449,379.8755,11.8909,0.0402,0.1832
1875,375,-21.7808,5,0,0.9649,408.7487,10.2193,0.0369,0.1831
1880,376,-5.7951,5,0,0.9743,333.2652,11.7928,0.0257,0.1830
1885,377,33.3731,5,0,0.9269,268.5612,11.2634,1.5657,0.1829
1890,378,-5.7845,5,0,0.9735,424.5650,8.6995,0.0280,0.1829
1895,379,5.3634,5,0,0.9631,347.8368,12.0028,0.0370,0.1828
1900,380,-3.9215,5,0,0.9546,432.3860,13.6282,3.1490,0.1827
1905,381,-21.6331,5,0,0.9436,331.8740,12.2282,0.0619,0.1826
1910,382,-42.7714,5,0,0.9370,352.5528,12.3023,0.0618,0.1825
1915,383,-26.3446,5,0,0.8952,427.1263,9.3684,0.1154,0.1824
1920,384,-5.3465,5,0,0.9087,343.9402,13.6189,0.0823,0.1823
1925,385,-5.2720,5,0,0.9122,451.3778,11.2481,0.0955,0.1822
1930,386,-42.7603,5,0,0.9406,332.2725,12.7069,0.0614,0.1821
1935,387,-37.7027,5,0,0.9242,326.3237,12.4523,0.0728,0.1820
1940,388,-70.0000,5,0,0.9274,398.7681,16.2733,0.0720,0.1819
1945,389,39.5268,5,0,0.9116,423.3036,8.4128,1.0756,0.1818
1950,390,-5.4253,5,0,0.9315,433.3507,13.5005,0.0738,0.1817
1955,391,-10.5208,5,0,0.9413,360.9483,13.7318,0.0613,0.1817
1960,392,-26.4123,5,0,0.8832,435.4500,13.5681,0.1142,0.1816
1965,393,-37.6710,5,0,0.8868,351.3307,13.6520,0.0912,0.1815
1970,394,-37.7185,5,0,0.9340,358.7239,13.1179,0.0745,0.1814
1975,395,-16.4512,5,0,0.9154,394.0978,12.8887,0.0967,0.1813
1980,396,-10.6791,5,0,0.9486,408.5654,13.7088,0.0433,0.1812
1985,397,-16.7545,5,0,0.9612,361.8364,12.5358,0.0413,0.1811
1990,398,-26.6107,5,0,0.9375,404.7997,17.1816,0.0672,0.1810
1995,399,-5.6944,5,0,0.9596,400.3455,10.8113,0.0394,0.1809
2000,400,-32.8633,5,0,0.9686,384.3890,15.5179,0.0335,0.1808
2005,401,5.5291,5,0,0.9495,419.6162,15.5168,0.0546,0.1807
2010,402,5.3174,5,0,0.9712,354.6168,14.2398,0.0323,0.1806
2015,403,17.2619,5,0,0.9043,366.8323,16.0661,0.9316,0.1806
2020,404,5.2906,5,0,0.9700,417.0294,13.9598,0.0295,0.1805
2025,405,28.2494,5,0,0.9486,422.2199,12.2997,2.4183,0.1804
2030,406,-5.6042,5,0,0.9451,411.3768,15.9550,0.0496,0.1803
2035,407,-16.7298,5,0,0.9540,417.6166,10.5103,0.0456,0.1802
2040,408,-10.3522,5,0,0.9321,487.1248,15.0737,0.0817,0.1801
2045,409,-48.8919,5,0,0.9460,355.8664,16.3140,0.0578,0.1800
2050,410,28.5005,5,0,0.8979,398.8311,13.9276,1.3768,0.1799
2055,411,-26.4138,5,0,0.9028,394.3892,15.1453,0.1026,0.1798
2060,412,55.6906,5,0,0.9286,346.7634,16.3826,2.6774,0.1797
2065,413,-37.6192,5,0,0.8596,395.0100,14.9635,0.4708,0.1796
2070,414,-9.7692,5,0,0.8414,370.5787,15.3695,0.1616,0.1796
2075,415,-4.7277,5,0,0.8337,519.2306,14.5521,0.1750,0.1795
2080,416,-53.6581,5,0,0.8389,410.8073,17.5665,0.1824,0.1794
2085,417,-25.8868,5,0,0.7932,497.7960,14.7655,0.2057,0.1793
2090,418,-20.9018,5,0,0.7188,598.6523,18.0878,0.2326,0.1792
2095,419,44.8728,5,0,0.8930,475.3749,15.3609,0.1131,0.1791
2100,420,-53.7665,5,0,0.8912,423.8043,13.9955,0.1222,0.1790
2105,421,55.8497,5,0,0.9079,467.5526,16.7186,1.9852,0.1789
2110,422,-20.5804,5,0,0.7711,438.6958,15.0457,0.2650,0.1788
2115,423,-42.4606,5,0,0.8651,379.0170,16.6730,0.1450,0.1787
2120,424,-5.0741,5,0,0.8812,551.4285,12.0096,0.1237,0.1786
2125,425,-20.8440,5,0,0.8066,569.1169,20.2938,0.2153,0.1786
2130,426,45.4845,5,0,0.7994,433.0588,11.9410,1.6814,0.1785
2135,427,-42.3695,5,0,0.8255,511.4986,16.6916,0.1756,0.1784
2140,428,57.5598,5,0,0.7300,470.2495,13.0601,1.0677,0.1783
2145,429,34.2732,5,0,0.7419,445.5897,17.8254,1.5448,0.1782
2150,430,-31.6197,5,0,0.6626,409.4376,14.7931,0.3702,0.1781
2155,431,-36.4524,5,0,0.6317,516.1487,16.0549,0.4640,0.1780
2160,432,-20.3962,5,0,0.7414,448.7745,17.4140,0.3138,0.1779
2165,433,-31.9220,5,0,0.7375,444.8827,13.0845,0.3064,0.1778
2170,434,41.4616,5,0,0.7134,364.0791,19.1536,0.3706,0.1777
2175,435,-37.2000,5,0,0.8092,472.6034,16.3289,0.2186,0.1777
2180,436,-43.6299,5,0,0.8150,423.1629,18.2630,0.2409,0.1776
2185,437,-9.5692,5,0,0.8291,537.5204,12.1341,0.2028,0.1775
2190,438,-9.9835,5,0,0.8705,487.9537,18.4213,0.1365,0.1774
2195,439,-42.5274,5,0,0.8870,396.1837,17.8589,0.1279,0.1773
2200,440,-21.3479,5,0,0.8981,488.0288,19.6752,0.1133,0.1772
2205,441,-21.4601,5,0,0.9140,432.1669,18.2639,0.0947,0.1771
2210,442,-58.7549,5,0,0.8696,448.8501,16.9764,0.1222,0.1770
2215,443,-42.6718,5,0,0.9010,474.1765,14.5419,0.0896,0.1769
2220,444,44.8866,5,0,0.8546,467.3841,17.5313,0.4812,0.1768
2225,445,-37.6879,5,0,0.9226,397.4415,20.2853,0.0820,0.1768
2230,446,-53.8679,5,0,0.9399,532.1566,15.5351,0.0716,0.1767
2235,447,-42.6627,5,0,0.9142,438.7417,16.0630,0.0750,0.1766
2240,448,-37.7318,5,0,0.9327,500.9773,17.5854,0.0761,0.1765
2245,449,-48.8658,5,0,0.9351,496.3901,17.8191,0.0724,0.1764
2250,450,-21.7030,5,0,0.9492,538.7111,15.5595,0.0521,0.1763
2255,451,-42.8140,5,0,0.9547,424.4703,20.7017,0.0497,0.1762
2260,452,-21.7418,5,0,0.9552,459.8071,17.0060,0.0452,0.1761
2265,453,-21.6429,5,0,0.9324,515.5316,17.6981,0.0570,0.1760
2270,454,-26.6864,5,0,0.9526,479.7236,16.7755,0.0520,0.1759
2275,455,-42.5986,5,0,0.9155,537.7899,18.1011,0.1037,0.1759
2280,456,-26.7837,5,0,0.9641,502.7121,20.9430,0.0365,0.1758
2285,457,-26.7648,5,0,0.9632,462.4308,16.8243,0.0418,0.1757
2290,458,17.2241,5,0,0.9364,526.3451,19.5593,1.0898,0.1756
2295,459,-16.7222,5,0,0.9398,429.4558,20.4366,0.0489,0.1755
2300,460,22.2626,5,0,0.9058,499.4655,19.2188,0.5031,0.1754
2305,461,-37.7539,5,0,0.9398,456.1297,17.0130,0.0633,0.1753
2310,462,-42.8474,5,0,0.9624,521.3530,18.6776,0.0387,0.1752
2315,463,-5.7247,5,0,0.9632,441.9766,19.1868,0.0355,0.1751
2320,464,-5.5795,5,0,0.9383,512.8367,19.4885,0.0520,0.1751
2325,465,-5.7208,5,0,0.9386,487.4410,16.5542,0.0411,0.1750
2330,466,-10.5378,5,0,0.9421,553.2557,19.9244,0.0595,0.1749
2335,467,-16.6657,5,0,0.9501,438.7699,19.9334,0.0568,0.1748
2340,468,-42.7738,5,0,0.9496,567.5552,19.0114,0.0564,0.1747
2345,469,-42.8961,5,0,0.9748,487.9785,21.3853,0.0256,0.1746
2350,470,-58.9222,5,0,0.9597,504.3811,18.1749,0.0428,0.1745
2355,471,-58.7604,5,0,0.9120,497.6078,21.1880,0.1103,0.1744
2360,472,-3.9136,5,0,0.9568,547.4272,20.9675,0.6550,0.1743
2365,473,5.3085,5,0,0.9673,448.4015,21.9078,0.0313,0.1743
2370,474,-10.7282,5,0,0.9683,445.0351,20.4759,0.0346,0.1742
2375,475,-53.9034,5,0,0.9581,560.2571,17.5765,0.0502,0.1741
2380,476,-10.7100,5,0,0.9572,515.6501,24.7566,0.0374,0.1740
2385,477,-37.8566,5,0,0.9685,610.2031,17.7970,0.0353,0.1739
2390,478,-58.9039,5,0,0.9664,622.2667,23.4491,0.0437,0.1738
2395,479,-70.0000,5,0,0.9793,530.2572,20.6740,0.0218,0.1737
2400,480,-53.8645,5,0,0.9269,552.2956,23.3514,0.0663,0.1736
2405,481,-37.7773,5,0,0.9462,496.4077,18.3847,0.0498,0.1736
2410,482,-42.8620,5,0,0.9646,518.9244,21.2670,0.0359,0.1735
2415,483,-5.6244,5,0,0.9336,590.3530,18.3810,0.0522,0.1734
2420,484,-10.6673,5,0,0.9614,521.2996,22.1597,0.0418,0.1733
2425,485,-10.6709,5,0,0.9646,560.9042,18.8998,0.0416,0.1732
2430,486,-42.8377,5,0,0.9623,454.1213,20.2355,0.0386,0.1731
2435,487,-48.9509,5,0,0.9766,513.9313,21.5945,0.0222,0.1730
2440,488,-48.9704,5,0,0.9730,410.4677,21.1150,0.0175,0.1729
2445,489,-42.8585,5,0,0.9683,576.2676,23.2882,0.0338,0.1729
2450,490,-58.9320,5,0,0.9660,547.8802,22.2597,0.0317,0.1728
2455,491,-21.8913,5,0,0.9831,516.0120,20.8675,0.0183,0.1727
2460,492,-37.9242,5,0,0.9797,506.9181,22.2186,0.0205,0.1726
2465,493,-21.8851,5,0,0.9803,565.5306,21.7775,0.0200,0.1725
2470,494,-16.8662,5,0,0.9786,497.9195,23.2520,0.0222,0.1724
2475,495,28.2266,5,0,0.9560,550.1156,22.5819,3.4333,0.1723
2480,496,-5.8000,5,0,0.9715,543.0391,21.8364,0.0245,0.1722
2485,497,28.2400,5,0,0.9592,530.2865,18.4293,1.2581,0.1722
2490,498,-37.7853,5,0,0.9442,551.1603,21.2738,0.0523,0.1721
2495,499,55.3596,5,0,0.9621,597.4630,21.4023,0.0366,0.1720
2500,500,-5.4338,5,0,0.9263,584.9958,23.2540,0.0787,0.1719
2505,501,-26.7780,5,0,0.9614,663.8368,19.8849,0.0374,0.1718
2510,502,-10.1674,5,0,0.8738,466.0951,22.2816,0.1043,0.1717
2515,503,-37.8474,5,0,0.9378,503.9462,18.5250,0.0467,0.1716
2520,504,5.3302,5,0,0.9689,578.5430,22.0134,0.0336,0.1715
2525,505,-42.8079,5,0,0.9526,605.6262,22.8074,0.0492,0.1715
2530,506,-5.6563,5,0,0.9595,504.2657,23.7681,0.0441,0.1714
2535,507,-48.8038,5,0,0.9200,488.8432,25.1308,0.0963,0.1713
2540,508,-26.7327,5,0,0.9592,597.2922,21.9964,0.0473,0.1712
2545,509,-37.8952,5,0,0.9749,576.0138,22.8264,0.0258,0.1711
2550,510,23.5426,5,0,0.8662,556.7938,20.3845,0.8398,0.1710
2555,511,-5.2720,5,0,0.9222,663.2340,22.0108,0.0926,0.1709
2560,512,-53.8764,5,0,0.9382,499.8955,20.5475,0.0595,0.1709
2565,513,-21.6817,5,0,0.9457,571.9171,23.0385,0.0554,0.1708
2570,514,33.3513,5,0,0.9190,587.1293,27.2567,1.0354,0.1707
2575,515,55.4450,5,0,0.9316,710.1057,17.0807,0.5679,0.1706
2580,516,5.5376,5,0,0.9510,537.8494,24.9849,0.0553,0.1705
2585,517,5.6930,5,0,0.9377,589.3738,22.2811,0.0718,0.1704
2590,518,5.3422,5,0,0.9677,589.9190,22.3452,0.0348,0.1703
2595,519,39.6509,5,0,0.9030,632.9291,26.5146,0.9255,0.1702
2600,520,5.6633,5,0,0.9265,695.5931,21.6115,0.0688,0.1702
2605,521,40.0015,5,0,0.8424,597.2939,25.2055,0.4599,0.1701
2610,522,-21.6664,5,0,0.9195,578.9869,22.7874,0.0538,0.1700
2615,523,-16.4725,5,0,0.9241,706.0597,23.9885,0.0843,0.1699
2620,524,-37.6026,5,0,0.9005,592.6326,25.0948,0.0999,0.1698
2625,525,17.2677,5,0,0.9484,594.5244,24.3283,0.0705,0.1697
2630,526,-10.7650,5,0,0.9733,662.4056,24.8727,0.0300,0.1696
2635,527,-27.8283,5,0,0.9559,705.8619,28.3407,0.0460,0.1696
2640,528,-26.5222,5,0,0.9234,503.1207,21.9501,0.0709,0.1695
2645,529,-10.2709,5,0,0.8944,519.7571,26.2587,0.0903,0.1694
2650,530,-21.8599,5,0,0.9761,531.1277,21.9659,0.0232,0.1693
2655,531,-21.7565,5,0,0.9564,584.3196,23.5187,0.0418,0.1692
2660,532,-26.7525,5,0,0.9618,491.4238,24.1190,0.0394,0.1691
2665,533,-21.7985,5,0,0.9674,605.1418,20.9345,0.0337,0.1690
2670,534,-10.6045,5,0,0.9505,602.5664,25.1506,0.0481,0.1690
2675,535,23.6918,5,0,0.8943,585.0796,20.6877,1.3194,0.1689
2680,536,-10.1849,5,0,0.8940,604.0500,23.6578,0.1086,0.1688
2685,537,33.3351,5,0,0.9330,548.1713,25.3601,2.7303,0.1687
2690,538,-37.9079,5,0,0.9686,542.1329,27.9373,0.0270,0.1686
2695,539,-5.5775,5,0,0.9451,639.1343,23.9541,0.0555,0.1685
2700,540,-5.1499,5,0,0.9014,614.7244,23.9633,0.1164,0.1684
2705,541,6.3826,5,0,0.8038,516.3206,27.6671,0.1509,0.1684
2710,542,44.7179,5,0,0.9083,496.3242,21.2834,2.4208,0.1683
2715,543,6.0124,5,0,0.8859,658.2412,26.4275,0.1074,0.1682
2720,544,-42.4293,5,0,0.8368,641.8157,27.8622,0.1532,0.1681
2725,545,-48.5668,5,0,0.7947,497.6765,23.6257,0.2250,0.1680
2730,546,-25.9707,5,0,0.8058,568.8317,22.1524,0.2166,0.1679
2735,547,-48.7879,5,0,0.7477,606.2075,22.1434,0.2394,0.1678
2740,548,-42.2368,5,0,0.8626,662.3227,24.7063,0.1928,0.1678
2745,549,7.6763,5,0,0.7199,652.7174,25.4171,0.3152,0.1677
2750,550,5.5259,5,0,0.9532,545.4357,26.2800,0.0540,0.1676
2755,551,-26.4886,5,0,0.8414,651.2379,22.8286,0.0759,0.1675
2760,552,-21.7051,5,0,0.9512,563.3542,26.5050,0.0523,0.1674
2765,553,5.5447,5,0,0.9471,654.3066,26.6912,0.0560,0.1673
2770,554,-5.6552,5,0,0.9391,639.8486,24.4230,0.0478,0.1673
2775,555,-10.4454,5,0,0.9351,647.2426,25.5694,0.0709,0.1672
2780,556,-37.7473,5,0,0.9477,594.3630,23.3380,0.0607,0.1671
2785,557,5.2799,5,0,0.9722,627.1964,27.4899,0.0284,0.1670
2790,558,-26.7671,5,0,0.9590,658.5983,22.4447,0.0459,0.1669
2795,559,-26.7119,5,0,0.9511,580.6800,24.2687,0.0474,0.1668
2800,560,-26.8066,5,0,0.9687,559.1868,24.2071,0.0328,0.1667
2805,561,44.1809,5,0,0.9661,719.7720,22.5482,0.6921,0.1667
2810,562,-37.5821,5,0,0.9019,667.4775,28.8671,0.1056,0.1666
2815,563,-26.7443,5,0,0.9626,557.8843,25.4033,0.0467,0.1665
2820,564,-42.7422,5,0,0.9324,550.0756,25.4016,0.0612,0.1664
2825,565,39.3111,5,0,0.9572,644.9102,23.7566,0.0411,0.1663
2830,566,-37.8463,5,0,0.9543,641.0354,23.5737,0.0464,0.1662
2835,567,-26.5311,5,0,0.9219,708.0667,26.0087,0.0845,0.1662
2840,568,-16.6683,5,0,0.9449,655.5750,26.6062,0.0656,0.1661
2845,569,33.3328,5,0,0.9289,605.5468,26.6140,2.1349,0.1660
2850,570,33.6819,5,0,0.8565,584.2966,25.5788,0.1139,0.1659
2855,571,-26.7244,5,0,0.9379,662.7616,23.9027,0.0551,0.1658
2860,572,-42.8144,5,0,0.9508,729.7687,25.6965,0.0492,0.1657
2865,573,-21.6787,5,0,0.9431,705.7322,25.1153,0.0551,0.1656
2870,574,-58.9025,5,0,0.9211,702.9528,24.4022,0.0584,0.1656
2875,575,-5.7809,5,0,0.9740,590.4452,31.4882,0.0278,0.1655
2880,576,-10.5306,5,0,0.9352,687.6925,20.6432,0.0618,0.1654
2885,577,-16.6819,5,0,0.9361,585.8094,30.3527,0.0635,0.1653
2890,578,-48.8828,5,0,0.9011,789.6157,26.3253,0.0659,0.1652
2895,579,-58.9490,5,0,0.9758,630.7754,25.7932,0.0250,0.1651
2900,580,-53.8659,5,0,0.9502,591.2440,23.7278,0.0586,0.1651
2905,581,-21.8737,5,0,0.9794,706.7882,29.1392,0.0234,0.1650
2910,582,-21.6939,5,0,0.9579,657.4738,30.8380,0.0514,0.1649
2915,583,-26.8212,5,0,0.9683,567.3800,28.1206,0.0259,0.1648
2920,584,-42.8442,5,0,0.9534,604.8943,26.7465,0.0383,0.1647
2925,585,55.2720,5,0,0.9710,647.5718,25.1707,3.6083,0.1646
2930,586,5.3098,5,0,0.9632,621.5455,32.2764,0.0315,0.1646
2935,587,39.3857,5,0,0.9507,603.0776,26.3728,0.0482,0.1645
2940,588,-42.6602,5,0,0.9146,799.2522,32.2164,0.0889,0.1644
2945,589,-10.2823,5,0,0.9110,761.2246,23.1215,0.0940,0.1643
2950,590,-32.8703,5,0,0.9632,638.2798,27.4085,0.0359,0.1642
2955,591,-26.6494,5,0,0.9391,554.0670,30.0528,0.0560,0.1641
2960,592,-5.5497,5,0,0.9499,639.2485,23.9428,0.0581,0.1641
2965,593,-32.7991,5,0,0.9486,751.5555,30.5554,0.0540,0.1640
2970,594,39.7867,5,0,0.8897,618.2515,29.0537,1.7604,0.1639
2975,595,39.7982,5,0,0.8896,608.5123,24.3226,0.1063,0.1638
2980,596,39.9511,5,0,0.8370,736.0753,31.0875,0.7568,0.1637
2985,597,-26.6043,5,0,0.9437,612.6578,26.1283,0.0608,0.1636
2990,598,-26.4967,5,0,0.9170,699.2313,30.6432,0.0946,0.1636
2995,599,-5.4726,5,0,0.9305,835.7705,22.6319,0.0671,0.1635
3000,600,-37.7186,5,0,0.9299,622.2308,29.2258,0.0602,0.1634
3005,601,-37.7868,5,0,0.9474,719.2842,31.6745,0.0590,0.1633
3010,602,-32.8321,5,0,0.9569,698.0350,28.3605,0.0438,0.1632
3015,603,39.4715,5,0,0.9465,688.4009,33.8794,0.0621,0.1631
3020,604,-42.8684,5,0,0.9678,701.5463,29.9870,0.0330,0.1631
3025,605,-58.8751,5,0,0.9375,636.4613,28.7323,0.0732,0.1630
3030,606,-5.5767,5,0,0.9503,618.5187,25.8866,0.0537,0.1629
3035,607,-42.6753,5,0,0.9323,751.6821,34.4867,0.0883,0.1628
3040,608,-27.8029,5,0,0.9624,694.6713,24.0785,0.0471,0.1627
3045,609,-26.7362,5,0,0.9659,552.9844,28.5194,0.0465,0.1626
3050,610,-32.5949,5,0,0.9198,735.8023,30.2936,0.0861,0.1626
3055,611,5.5157,5,0,0.9580,715.2271,29.1430,0.0530,0.1625
3060,612,-42.6072,5,0,0.8597,641.0801,29.4676,0.1072,0.1624
3065,613,-21.7347,5,0,0.9553,612.4114,29.5749,0.0472,0.1623
3070,614,-37.6822,5,0,0.9205,817.2695,29.8544,0.0855,0.1622
3075,615,-21.8406,5,0,0.9762,603.3713,27.9551,0.0279,0.1622
3080,616,-10.5610,5,0,0.9203,697.4167,30.6910,0.0505,0.1621
3085,617,-26.7663,5,0,0.9677,639.8754,28.7869,0.0379,0.1620
3090,618,-58.9111,5,0,0.8886,788.7891,32.5680,0.0798,0.1619
3095,619,-70.0000,5,0,0.9715,673.7623,22.0669,0.0274,0.1618
3100,620,28.1997,5,0,0.9584,613.5250,34.3232,1.1999,0.1617
3105,621,-26.8396,5,0,0.9636,805.4785,25.8426,0.0320,0.1617
3110,622,-37.8899,5,0,0.9738,670.0583,28.7433,0.0353,0.1616
3115,623,-16.6855,5,0,0.9529,828.9724,30.1316,0.0517,0.1615
3120,624,1.1370,5,0,0.9270,751.9885,32.9415,1.6337,0.1614
3125,625,33.1817,5,0,0.9581,843.0802,29.0114,1.2719,0.1613
3130,626,-26.7463,5,0,0.9541,754.1224,30.8097,0.0436,0.1613
3135,627,-37.6870,5,0,0.9236,802.1548,33.1930,0.0810,0.1612
3140,628,5.8121,5,0,0.8590,716.9955,31.1429,0.0868,0.1611
3145,629,-5.5544,5,0,0.9448,646.2662,31.3125,0.0572,0.1610
3150,630,-26.8163,5,0,0.9673,826.3823,29.3874,0.0321,0.1609
3155,631,-58.8043,5,0,0.9219,797.8383,29.6308,0.0850,0.1608
3160,632,-37.8151,5,0,0.9478,737.9282,31.7755,0.0517,0.1608
3165,633,-10.7366,5,0,0.9708,722.4525,30.4342,0.0344,0.1607
3170,634,-10.8069,5,0,0.9753,745.4342,31.7429,0.0243,0.1606
3175,635,-10.3210,5,0,0.9185,614.6053,31.5256,0.0973,0.1605
3180,636,56.5756,5,0,0.8246,699.1561,28.8088,0.7793,0.1604
3185,637,-26.3925,5,0,0.8849,808.2790,34.2613,0.1145,0.1604
3190,638,-21.5440,5,0,0.9308,795.4033,31.1229,0.0751,0.1603
3195,639,-10.5994,5,0,0.9252,647.0396,29.2197,0.0567,0.1602
3200,640,-58.8918,5,0,0.9446,642.3591,29.5510,0.0597,0.1601
3205,641,5.1979,5,0,0.9794,654.2801,32.7778,0.0200,0.1600
3210,642,-26.7781,5,0,0.9545,705.7138,32.9022,0.0388,0.1599
3215,643,6.4196,5,0,0.8218,708.2618,32.3189,0.1547,0.1599
3220,644,-21.7045,5,0,0.9519,645.2308,28.7822,0.0513,0.1598
3225,645,39.1711,5,0,0.9784,553.2841,33.5206,0.0204,0.1597
3230,646,-5.6135,5,0,0.9494,614.8041,29.8597,0.0547,0.1596
3235,647,44.3508,5,0,0.8907,719.5315,31.5834,0.4608,0.1595
3240,648,-21.8747,5,0,0.9541,695.4572,31.1382,0.0285,0.1595
3245,649,-10.7096,5,0,0.9744,730.6094,27.6566,0.0348,0.1594
3250,650,5.2045,5,0,0.9808,683.8898,32.9491,0.0207,0.1593
3255,651,-5.6861,5,0,0.9655,620.5737,30.2387,0.0403,0.1592
3260,652,-32.8583,5,0,0.9666,679.1528,31.7927,0.0358,0.1591
3265,653,-37.8659,5,0,0.9631,668.9617,32.0920,0.0335,0.1591
3270,654,-42.8727,5,0,0.9731,655.2094,30.5672,0.0321,0.1590
3275,655,-42.9078,5,0,0.9779,759.3051,34.4897,0.0233,0.1589
3280,656,-21.9287,5,0,0.9880,657.7776,27.9777,0.0118,0.1588
3285,657,-26.9236,5,0,0.9874,751.9543,30.3969,0.0128,0.1587
3290,658,-5.6253,5,0,0.9389,697.6088,34.7864,0.0467,0.1586
3295,659,5.2243,5,0,0.9793,825.1954,26.0457,0.0227,0.1586
3300,660,-26.6981,5,0,0.9538,746.4084,38.6569,0.0428,0.1585
3305,661,-26.9198,5,0,0.9871,629.6320,32.2179,0.0129,0.1584
3310,662,-10.6669,5,0,0.9583,667.1919,31.3899,0.0412,0.1583
3315,663,33.1581,5,0,0.9714,701.6136,32.2341,3.6453,0.1582
3320,664,-10.4775,5,0,0.8676,606.4490,30.2979,0.0834,0.1582
3325,665,-42.6702,5,0,0.9194,778.7878,35.4974,0.0773,0.1581
3330,666,44.4701,5,0,0.9429,796.0887,38.8931,0.0527,0.1580
3335,667,-10.6374,5,0,0.9574,823.1154,30.7427,0.0458,0.1579
3340,668,-10.7503,5,0,0.9698,802.5878,34.7273,0.0310,0.1578
3345,669,-26.7147,5,0,0.8737,759.8932,33.0376,0.0830,0.1578
3350,670,-5.8101,5,0,0.9777,668.9635,36.2675,0.0242,0.1577
3355,671,39.3830,5,0,0.9546,770.0756,32.1336,1.8034,0.1576
3360,672,-26.6187,5,0,0.9201,718.0282,38.0183,0.0692,0.1575
3365,673,-16.7396,5,0,0.9529,816.8826,32.2088,0.0457,0.1574
3370,674,-32.7998,5,0,0.9535,750.4971,33.7513,0.0539,0.1574
3375,675,-48.8235,5,0,0.8414,776.0070,36.1995,0.1210,0.1573
3380,676,6.0333,5,0,0.9102,795.1260,33.7460,0.1091,0.1572
3385,677,-10.3303,5,0,0.9016,797.2271,33.9516,0.1034,0.1571
3390,678,-26.6891,5,0,0.9258,712.6618,35.8026,0.0577,0.1570
3395,679,-32.8557,5,0,0.9647,718.8806,33.0391,0.0370,0.1570
3400,680,-32.8029,5,0,0.9534,716.2806,36.8719,0.0530,0.1569
3405,681,-26.8195,5,0,0.9684,738.6326,33.6145,0.0305,0.1568
3410,682,-16.6794,5,0,0.9483,922.1414,33.2806,0.0605,0.1567
3415,683,-42.8521,5,0,0.9341,665.7603,34.0478,0.0445,0.1566
3420,684,-32.6797,5,0,0.9216,709.4423,38.1209,0.0749,0.1566
3425,685,-21.6884,5,0,0.9479,750.4680,29.8345,0.0635,0.1565
3430,686,-37.8769,5,0,0.9204,771.6409,33.7344,0.5362,0.1564
3435,687,-42.8830,5,0,0.9707,752.9515,36.2517,0.0296,0.1563
3440,688,55.6531,5,0,0.9360,717.3524,36.1159,1.6241,0.1563
3445,689,-53.9441,5,0,0.9712,704.5021,33.7148,0.0287,0.1562
3450,690,-26.8087,5,0,0.9302,844.8695,38.8598,0.0410,0.1561
3455,691,-37.5794,5,0,0.9010,823.1150,35.2728,0.1096,0.1560
3460,692,-32.7796,5,0,0.9466,656.4092,33.7488,0.0615,0.1559
3465,693,6.2142,5,0,0.8800,805.9498,34.8485,0.1302,0.1559
3470,694,-55.0000,5,0,0.8642,777.6881,37.5736,0.8600,0.1558
3475,695,-37.5856,5,0,0.8930,670.7749,36.2854,0.1121,0.1557
3480,696,-26.6727,5,0,0.9456,852.0793,31.6992,0.0574,0.1556
3485,697,-26.7300,5,0,0.9554,829.0645,39.1718,0.0466,0.1555
3490,698,-10.8063,5,0,0.9777,827.0013,33.0024,0.0245,0.1555
3495,699,-21.6509,5,0,0.9569,884.5938,36.5999,0.0445,0.1554
3500,700,-10.8117,5,0,0.9694,969.3489,32.7232,0.0253,0.1553
3505,701,-70.0000,5,0,0.9157,834.6916,36.9049,0.0593,0.1552
3510,702,5.3110,5,0,0.9643,698.4207,31.4741,0.0317,0.1551
3515,703,-42.7901,5,0,0.9428,677.2020,38.5198,0.0576,0.1551
3520,704,-53.5133,5,0,0.8529,836.3217,38.8352,0.1747,0.1550
3525,705,23.5370,5,0,0.9098,771.4929,38.2397,1.9075,0.1549
3530,706,-10.5872,5,0,0.9547,641.7753,37.6100,0.0548,0.1548
3535,707,-10.5155,5,0,0.9407,744.4991,37.9461,0.0624,0.1548
3540,708,-21.6275,5,0,0.9547,861.5278,37.3154,0.0591,0.1547
3545,709,-26.5910,5,0,0.9257,815.2500,32.9591,0.0781,0.1546
3550,710,-43.8824,5,0,0.9394,962.7162,37.6478,0.0643,0.1545
3555,711,-42.6557,5,0,0.8897,846.3972,35.5116,0.0999,0.1544
3560,712,-21.5734,5,0,0.9383,878.4209,35.6127,0.0722,0.1544
3565,713,-5.5430,5,0,0.9208,831.4989,39.7533,0.0536,0.1543
3570,714,39.6030,5,0,0.9204,920.5995,34.4109,1.4259,0.1542
3575,715,40.2010,5,0,0.7992,916.5592,39.5787,0.7135,0.1541
3580,716,7.2726,5,0,0.7712,808.2731,34.8899,0.2600,0.1540
3585,717,-10.8537,5,0,0.9809,745.7672,37.7080,0.0183,0.1540
3590,718,-37.9189,5,0,0.9690,828.3456,36.6607,0.0262,0.1539
3595,719,-16.4575,5,0,0.8918,952.4717,38.2785,0.1064,0.1538
3600,720,-42.8006,5,0,0.9457,830.5676,40.9622,0.0471,0.1537
3605,721,-5.8283,5,0,0.9771,602.0054,41.1850,0.0215,0.1537
3610,722,-10.7287,5,0,0.9666,761.7626,34.2210,0.0344,0.1536
3615,723,23.4528,5,0,0.9120,900.8427,38.1454,1.9154,0.1535
3620,724,28.1257,5,0,0.8869,721.7538,40.0333,0.4526,0.1534
3625,725,-5.7246,5,0,0.9634,945.7935,39.6511,0.0350,0.1533
3630,726,-10.4741,5,0,0.9321,923.2127,34.2165,0.0688,0.1533
3635,727,-9.6287,5,0,0.7103,944.6533,43.8780,0.2190,0.1532
3640,728,-53.4616,5,0,0.7797,854.1808,35.7627,0.2729,0.1531
3645,729,-58.7986,5,0,0.8968,861.4464,42.1881,0.1168,0.1530
3650,730,-5.5107,5,0,0.9479,1178.9033,30.8380,0.0613,0.1530
3655,731,33.5036,5,0,0.8755,895.1124,41.5625,1.7602,0.1529
3660,732,-5.7438,5,0,0.9662,841.1919,38.8331,0.0329,0.1528
3665,733,-41.3232,5,0,0.6083,888.1039,37.9655,0.4953,0.1527
3670,734,-37.2303,5,0,0.8365,784.7360,37.1055,0.2033,0.1526
3675,735,-4.9376,5,0,0.8831,726.0841,45.1955,0.1448,0.1526
3680,736,-26.8150,5,0,0.9560,862.0667,38.3408,0.0293,0.1525
3685,737,28.2652,5,0,0.9557,729.6370,36.2091,1.2757,0.1524
3690,738,-75.0000,5,0,0.8004,762.6580,39.5110,0.0804,0.1523
3695,739,-10.4030,5,0,0.9308,811.3503,38.1444,0.0937,0.1523
3700,740,-27.8326,5,0,0.9359,749.7297,42.7969,1.1852,0.1522
3705,741,-26.4356,5,0,0.9084,771.3929,36.7762,0.1141,0.1521
3710,742,-21.5509,5,0,0.9223,855.0869,42.1018,0.0792,0.1520
3715,743,23.3673,5,0,0.9300,892.0312,42.0722,2.3054,0.1519
3720,744,-5.1882,5,0,0.8735,800.7794,38.8736,0.1015,0.1519
3725,745,-65.0000,5,0,0.7607,731.8150,43.6864,0.1886,0.1518
3730,746,-48.7524,5,0,0.8670,999.1783,41.5153,0.1426,0.1517
3735,747,6.2563,5,0,0.8807,1092.3262,41.5037,0.1343,0.1516
3740,748,-5.2705,5,0,0.9071,815.9413,42.0123,0.0959,0.1516
3745,749,-65.0000,5,0,0.7900,832.9590,43.5357,0.2265,0.1515
3750,750,-32.3048,5,0,0.8315,858.3455,39.6200,0.1981,0.1514
3755,751,-10.1709,5,0,0.8971,1071.0950,38.6177,0.1100,0.1513
3760,752,-21.4399,5,0,0.9115,992.4574,40.2295,0.1002,0.1513
3765,753,-32.8259,5,0,0.9483,831.0308,38.2811,0.0472,0.1512
3770,754,-21.7159,5,0,0.9528,907.6372,43.0351,0.0455,0.1511
3775,755,23.3578,5,0,0.9349,969.2112,41.7515,2.8369,0.1510
3780,756,-26.6952,5,0,0.9271,822.2917,39.3841,0.0556,0.1510
3785,757,5.6497,5,0,0.9272,947.4417,42.7580,0.0672,0.1509
3790,758,-26.3656,5,0,0.8450,843.8546,40.8394,0.1204,0.1508
3795,759,-48.8923,5,0,0.9163,879.1930,40.5948,0.1225,0.1507
3800,760,-37.5105,5,0,0.8860,901.1638,42.3438,0.1162,0.1506
3805,761,-10.3802,5,0,0.8614,860.4975,40.5182,0.0758,0.1506
3810,762,-21.3753,5,0,0.8982,857.1188,39.2853,0.1148,0.1505
3815,763,-37.5459,5,0,0.8947,969.5989,46.2576,0.1178,0.1504
3820,764,-32.7737,5,0,0.9437,805.9758,38.9759,0.0566,0.1503
3825,765,44.5677,5,0,0.9230,819.8014,44.1177,2.6326,0.1503
3830,766,39.8890,5,0,0.8655,907.1622,44.4020,1.2903,0.1502
3835,767,46.1806,5,0,0.6435,751.0294,39.6261,0.4251,0.1501
3840,768,40.4377,5,0,0.7929,753.6168,37.3885,1.3628,0.1500
3845,769,-4.8801,5,0,0.8145,845.7989,43.0634,0.1622,0.1500
3850,770,29.6530,5,0,0.6752,690.8383,36.0891,1.2509,0.1499
3855,771,-20.1286,5,0,0.6791,882.6142,39.7874,0.3336,0.1498
3860,772,-36.9857,5,0,0.7410,1025.7678,45.4063,0.2924,0.1497
3865,773,-20.2137,5,0,0.6711,967.7599,35.2260,0.3733,0.1497
3870,774,-8.4346,5,0,0.6796,643.3735,43.9664,0.4073,0.1496
3875,775,-60.0000,5,0,0.5961,973.9081,38.7186,0.5776,0.1495
3880,776,34.8253,5,0,0.6246,749.4786,41.3989,0.5341,0.1494
3885,777,-37.3179,5,0,0.8071,884.4730,42.3728,0.1726,0.1493
3890,778,17.9966,5,0,0.7848,835.8790,45.1623,0.5702,0.1493
3895,779,40.7409,5,0,0.7979,975.1685,42.4096,0.5049,0.1492
3900,780,12.7424,5,0,0.8115,891.2092,41.0214,0.7804,0.1491
3905,781,6.8075,5,0,0.8171,840.2487,45.0143,0.1997,0.1490
3910,782,-9.9227,5,0,0.8165,755.6368,41.7373,0.1564,0.1490
3915,783,-75.0000,5,0,0.7418,1008.5059,37.5083,0.2771,0.1489
3920,784,-75.0000,5,0,0.8440,732.2265,36.3703,0.1908,0.1488
3925,785,-26.3127,5,0,0.8851,840.0760,40.7774,0.1268,0.1487
3930,786,-37.4665,5,0,0.8611,829.4637,45.9252,0.1407,0.1487
3935,787,5.8397,5,0,0.9232,881.3304,40.1813,0.0879,0.1486
3940,788,-42.3813,5,0,0.8641,1030.6376,39.3668,0.1633,0.1485
3945,789,5.9315,5,0,0.9086,855.5616,45.2954,0.0978,0.1484
3950,790,-42.4704,5,0,0.8908,1047.3489,43.8144,0.1424,0.1484
3955,791,-10.2463,5,0,0.8970,786.1110,44.4888,0.1053,0.1483
3960,792,-42.7576,5,0,0.8838,881.9072,44.2225,0.0761,0.1482
3965,793,55.9430,5,0,0.9083,955.0251,39.0082,0.9819,0.1481
3970,794,-5.5304,5,0,0.9422,898.0753,42.8087,0.0628,0.1481
3975,795,-5.1920,5,0,0.9055,913.6941,41.9843,0.1065,0.1480
3980,796,-32.8099,5,0,0.9472,873.9318,38.2962,0.0510,0.1479
3985,797,-53.9027,5,0,0.9538,1001.0007,40.9524,0.0482,0.1478
3990,798,-21.7530,5,0,0.9578,776.5502,47.8117,0.0429,0.1478
3995,799,-26.4756,5,0,0.9207,890.8156,36.8643,0.0947,0.1477
4000,800,-37.6341,5,0,0.8283,829.0470,40.6369,0.1162,0.1476
4005,801,-37.8015,5,0,0.9292,970.2067,45.3007,0.0485,0.1475
4010,802,39.3676,5,0,0.9141,887.4174,42.2045,0.5286,0.1475
4015,803,5.2919,5,0,0.9694,876.9707,43.2198,0.0296,0.1474
4020,804,-53.9175,5,0,0.9552,828.1547,50.3267,0.0441,0.1473
4025,805,-21.5975,5,0,0.9412,875.7606,45.3698,0.0672,0.1472
4030,806,-10.4339,5,0,0.9328,872.4496,37.9726,0.0728,0.1472
4035,807,-21.7997,5,0,0.9681,949.0408,44.6080,0.0342,0.1471
4040,808,-16.8520,5,0,0.9728,830.8373,43.6323,0.0257,0.1470
4045,809,-26.7657,5,0,0.9603,1012.3680,45.6973,0.0390,0.1469
4050,810,-26.4328,5,0,0.9117,1128.5278,42.0130,0.0961,0.1469
4055,811,-26.8586,5,0,0.9727,909.7258,44.2394,0.0256,0.1468
4060,812,-21.5981,5,0,0.9234,924.1013,43.1471,0.0690,0.1467
4065,813,-21.4168,5,0,0.9027,820.8006,40.8257,0.0938,0.1466
4070,814,-10.6308,5,0,0.9290,883.4776,47.7914,0.0559,0.1466
4075,815,33.3144,5,0,0.9019,914.8904,43.0427,0.4878,0.1465
4080,816,-16.8291,5,0,0.9679,931.4436,41.5050,0.0276,0.1464
4085,817,-10.7081,5,0,0.9647,944.6925,46.7943,0.0379,0.1463
4090,818,-32.9297,5,0,0.9818,940.2155,38.6810,0.0162,0.1463
4095,819,-42.9138,5,0,0.9691,942.8883,46.3246,0.0268,0.1462
4100,820,-37.8628,5,0,0.9516,930.3430,47.1969,0.0386,0.1461
4105,821,55.4815,5,0,0.9513,936.5059,45.2952,1.7853,0.1460
4110,822,5.3812,5,0,0.9574,618.7247,40.5655,0.0389,0.1460
4115,823,28.5820,5,0,0.8098,815.1514,43.9300,1.1827,0.1459
4120,824,5.4644,5,0,0.9243,969.8117,46.7070,0.0479,0.1458
4125,825,-42.7514,5,0,0.9365,1011.8944,43.6250,0.0638,0.1458
4130,826,-27.6921,5,0,0.9158,938.7286,42.7421,0.0847,0.1457
4135,827,44.5497,5,0,0.8717,781.8040,44.1384,0.8305,0.1456
4140,828,39.6620,5,0,0.9091,798.5480,46.0764,2.4314,0.1455
4145,829,-58.7177,5,0,0.8641,1056.1670,38.7008,0.1295,0.1455
4150,830,-58.8883,5,0,0.9482,915.2798,46.5812,0.0500,0.1454
4155,831,-21.7723,5,0,0.9534,816.3773,45.3976,0.0409,0.1453
4160,832,-10.4024,5,0,0.9327,1110.0013,47.7833,0.0762,0.1452
4165,833,-16.6705,5,0,0.9424,946.9938,44.2047,0.0573,0.1452
4170,834,-75.0000,5,0,0.7964,998.5895,38.7922,0.2367,0.1451
4175,835,46.0472,5,0,0.6472,1014.0164,50.7914,0.7397,0.1450
4180,836,5.5229,5,0,0.9467,931.1852,42.5420,0.0537,0.1449
4185,837,42.0769,5,0,0.5826,1192.5724,46.7794,0.6985,0.1449
4190,838,-10.4179,5,0,0.9336,1019.1569,42.5243,0.0747,0.1448
4195,839,6.7112,5,0,0.8306,1104.9492,42.9561,0.1877,0.1447
4200,840,-53.8396,5,0,0.9244,908.8556,42.5336,0.0828,0.1446
4205,841,-37.1959,5,0,0.6946,1082.8408,45.1270,0.2090,0.1446
4210,842,-25.5543,5,0,0.7248,965.4866,45.1557,0.2882,0.1445
4215,843,-32.8573,5,0,0.9578,912.1299,41.1975,0.0378,0.1444
4220,844,-26.5816,5,0,0.9309,989.2078,46.1153,0.0728,0.1444
4225,845,-9.6143,5,0,0.7599,944.3576,43.9781,0.1701,0.1443
4230,846,-5.7615,5,0,0.8712,975.3732,45.8542,0.0518,0.1442
4235,847,-37.2376,5,0,0.8358,924.3649,44.8624,0.1528,0.1441
4240,848,-32.8847,5,0,0.9708,827.7611,43.7336,0.0292,0.1441
4245,849,5.1734,5,0,0.9802,1047.6553,39.1437,0.0175,0.1440
4250,850,-21.8949,5,0,0.9784,953.0963,45.3515,0.0191,0.1439
4255,851,-10.7645,5,0,0.9731,880.6586,48.3725,0.0296,0.1438
4260,852,-26.7291,5,0,0.9542,1028.1747,41.8221,0.0415,0.1438
4265,853,-42.7711,5,0,0.9436,914.0729,47.6836,0.0619,0.1437
4270,854,-37.6823,5,0,0.9212,946.8693,46.7481,0.0836,0.1436
4275,855,-21.8363,5,0,0.9704,925.0208,48.5616,0.0295,0.1435
4280,856,-26.8894,5,0,0.9800,896.9041,46.7626,0.0192,0.1435
4285,857,39.2297,5,0,0.9574,940.0550,41.0592,1.8987,0.1434
4290,858,-48.9588,5,0,0.9633,842.4402,47.7454,0.0258,0.1433
4295,859,-21.6168,5,0,0.9401,885.7078,45.2690,0.0629,0.1433
4300,860,-9.9598,5,0,0.7618,1023.6501,44.2241,0.1680,0.1432
4305,861,-5.5753,5,0,0.9256,854.5911,48.7540,0.0537,0.1431
4310,862,-21.6204,5,0,0.9388,926.7880,43.3328,0.0639,0.1430
4315,863,-21.6930,5,0,0.9573,982.8309,45.0676,0.0487,0.1430
4320,864,-5.8841,5,0,0.9840,869.6646,47.1769,0.0150,0.1429
4325,865,-21.4815,5,0,0.8714,913.7036,46.6714,0.0913,0.1428
4330,866,-60.0000,5,0,0.9611,983.7317,50.4906,0.0368,0.1427
4335,867,-53.9505,5,0,0.9753,970.7870,48.5198,0.0195,0.1427
4340,868,-21.0908,5,0,0.7609,894.3019,44.1595,0.1958,0.1426
4345,869,-48.9670,5,0,0.9463,988.2736,47.2723,0.0458,0.1425
4350,870,39.7854,5,0,0.9179,844.7234,47.0391,0.9994,0.1425
4355,871,-42.7915,5,0,0.9293,937.6120,49.1193,0.0415,0.1424
4360,872,-32.5984,5,0,0.8863,936.8981,50.2161,0.1101,0.1423
4365,873,-21.8028,5,0,0.9633,1015.5782,51.4414,0.0334,0.1422
4370,874,-10.6158,5,0,0.9494,806.3751,42.4829,0.0494,0.1422
4375,875,55.1574,5,0,0.9841,980.7496,51.4478,0.0159,0.1421
4380,876,-10.2407,5,0,0.9113,1190.2009,47.8058,0.1078,0.1420
4385,877,-42.9266,5,0,0.9843,985.9481,44.1211,0.0190,0.1420
4390,878,-10.6270,5,0,0.9598,868.5372,53.1492,0.0466,0.1419
4395,879,-37.8771,5,0,0.9721,852.6599,41.7746,0.0285,0.1418
4400,880,44.1417,5,0,0.9654,914.8210,41.5254,0.6829,0.1417
4405,881,44.2502,5,0,0.9658,953.1738,50.3861,3.5133,0.1417
4410,882,-16.5176,5,0,0.9211,880.1310,47.2326,0.0827,0.1416
4415,883,-42.5611,5,0,0.8636,864.9393,43.6862,0.0915,0.1415
4420,884,-5.4071,5,0,0.9276,953.6653,50.4812,0.0766,0.1414
4425,885,-26.5665,5,0,0.9321,978.9173,51.1298,0.0715,0.1414
4430,886,-25.9271,5,0,0.8334,935.0070,43.7853,0.2042,0.1413
4435,887,-53.7793,5,0,0.8896,1147.7988,49.2869,0.1469,0.1412
4440,888,45.0165,5,0,0.8712,875.6986,45.3547,1.2359,0.1412
4445,889,-42.6466,5,0,0.8876,882.1996,40.7655,0.0884,0.1411
4450,890,-10.4470,5,0,0.9170,1100.5063,45.6974,0.0839,0.1410
4455,891,-10.5274,5,0,0.9468,1027.3906,50.1402,0.0596,0.1409
4460,892,-26.7141,5,0,0.9399,948.0085,45.0713,0.0449,0.1409
4465,893,55.3254,5,0,0.9592,815.9058,45.0161,0.6647,0.1408
4470,894,-42.2323,5,0,0.7952,980.5378,45.1778,0.2188,0.1407
4475,895,-10.0844,5,0,0.8747,917.3821,51.2295,0.1167,0.1407
4480,896,-16.7811,5,0,0.9596,1044.5475,48.0827,0.0377,0.1406
4485,897,-75.0000,5,0,0.8397,1122.2592,46.0612,0.1655,0.1405
4490,898,22.1279,5,0,0.8933,961.5878,50.8587,1.5543,0.1404
4495,899,-26.6873,5,0,0.9514,893.6512,50.7411,0.0518,0.1404
4500,900,-37.6283,5,0,0.9169,892.2673,49.9209,0.0724,0.1403
4505,901,8.2182,5,0,0.6390,1158.3130,51.8952,0.5753,0.1402
4510,902,-53.9161,5,0,0.9439,980.5028,45.1476,0.0531,0.1402
4515,903,-32.4607,5,0,0.8080,1084.5690,46.7154,0.1718,0.1401
4520,904,-26.7226,5,0,0.9394,860.8599,47.5471,0.0439,0.1400
4525,905,-10.7117,5,0,0.9588,1081.8168,55.3021,0.0378,0.1399
4530,906,-26.8282,5,0,0.9682,892.5267,37.6816,0.0281,0.1399
4535,907,-10.4319,5,0,0.9263,1133.4348,44.4115,0.0734,0.1398
4540,908,5.4387,5,0,0.9555,1010.2377,49.6916,0.0449,0.1397
4545,909,-53.7418,5,0,0.8150,987.3850,48.5411,0.1265,0.1397
4550,910,23.3351,5,0,0.9424,1086.3668,48.5290,2.3390,0.1396
4555,911,-10.5703,5,0,0.9443,810.2441,49.2202,0.0532,0.1395
4560,912,-21.6088,5,0,0.9295,1010.8589,40.8972,0.0655,0.1395
4565,913,-58.6563,5,0,0.8442,1183.2621,46.8963,0.1672,0.1394
4570,914,-42.4364,5,0,0.7474,988.3302,48.6809,0.2134,0.1393
4575,915,-37.6647,5,0,0.9248,1226.8987,47.0784,0.0981,0.1392
4580,916,33.9483,5,0,0.8523,886.5603,52.1352,1.7044,0.1392
4585,917,56.2919,5,0,0.8463,1023.4797,51.3396,2.0623,0.1391
4590,918,-42.0707,5,0,0.7696,1068.4796,47.9317,0.2370,0.1390
4595,919,-4.7987,5,0,0.7540,1085.8367,47.7005,0.1607,0.1390
4600,920,-42.0357,5,0,0.7759,991.6357,48.2551,0.2110,0.1389
4605,921,-25.2487,5,0,0.5849,983.1790,52.1943,0.3672,0.1388
4610,922,34.0886,5,0,0.8011,871.6091,48.1332,0.6706,0.1387
4615,923,-26.2430,5,0,0.8367,1123.4971,48.8510,0.1285,0.1387
4620,924,-25.2909,5,0,0.7566,1008.4344,48.0847,0.3094,0.1386
4625,925,-27.7492,5,0,0.9063,1000.2346,48.1769,0.1018,0.1385
4630,926,-9.6687,5,0,0.8217,1073.8542,49.5911,0.1962,0.1385
4635,927,-15.8844,5,0,0.7947,1019.1973,49.2773,0.2282,0.1384
4640,928,-42.7883,5,0,0.9470,1131.4844,45.8657,0.0506,0.1383
4645,929,-10.3670,5,0,0.9264,915.8550,53.3167,0.0840,0.1383
4650,930,17.5400,5,0,0.7738,1047.9175,46.5618,0.6255,0.1382
4655,931,-4.8720,5,0,0.8690,997.2662,46.6880,0.1473,0.1381
4660,932,-58.8089,5,0,0.9067,1031.8901,50.1652,0.1045,0.1380
4665,933,40.0356,5,0,0.8441,1010.0404,45.3892,1.5039,0.1380
4670,934,-21.0355,5,0,0.7873,1145.6654,53.4954,0.1831,0.1379
4675,935,45.1626,5,0,0.8427,1018.5834,53.2023,0.7341,0.1378
4680,936,-10.5663,5,0,0.9247,1162.7600,46.3324,0.0603,0.1378
4685,937,40.2289,5,0,0.8418,972.1042,47.6712,1.9233,0.1377
4690,938,-21.5103,5,0,0.8843,1128.0162,48.8185,0.0918,0.1376
4695,939,-48.7219,5,0,0.8209,1114.1510,48.7559,0.2162,0.1376
4700,940,-25.6329,5,0,0.6961,1147.7676,54.5473,0.2866,0.1375
4705,941,-10.0437,5,0,0.8272,1261.7719,48.9349,0.1408,0.1374
4710,942,-26.3050,5,0,0.8730,1160.4224,54.4028,0.1268,0.1373
4715,943,28.7439,5,0,0.8106,1072.5325,46.8356,0.7108,0.1373
4720,944,6.4601,5,0,0.8374,1087.1594,50.5787,0.1581,0.1372
4725,945,45.0374,5,0,0.7919,1099.4049,53.3667,0.3947,0.1371
4730,946,35.3418,5,0,0.7016,1156.9156,46.1471,0.5817,0.1371
4735,947,44.9426,5,0,0.8328,1053.8630,47.2096,2.1822,0.1370
4740,948,-20.4731,5,0,0.7111,1135.4688,50.6562,0.3071,0.1369
4745,949,-25.9405,5,0,0.7049,1045.0315,49.0716,0.2188,0.1369
4750,950,46.6877,5,0,0.6011,1046.0697,52.6831,0.7612,0.1368
4755,951,58.7905,5,0,0.4735,916.7769,50.6717,0.4892,0.1367
4760,952,-26.9775,5,0,0.7371,1033.4337,48.5757,0.3102,0.1366
4765,953,-2.7302,5,0,0.5766,1108.2842,51.1858,0.5330,0.1366
4770,954,-24.4050,5,0,0.4688,1008.1523,50.6020,0.5707,0.1365
4775,955,-42.5543,5,0,0.8700,1003.4991,53.8408,0.1129,0.1364
4780,956,-20.2678,5,0,0.7566,1261.9312,43.2918,0.3189,0.1364
4785,957,-20.9305,5,0,0.8630,1274.2407,51.1883,0.2024,0.1363
4790,958,-10.4061,5,0,0.9231,949.5505,58.9395,0.0736,0.1362
4795,959,29.7908,5,0,0.5949,1262.9561,46.5819,0.6401,0.1362
4800,960,-75.0000,5,0,0.8554,905.0869,51.0157,0.1563,0.1361
4805,961,-42.2175,5,0,0.8223,1094.8207,49.9261,0.1988,0.1360
4810,962,-53.7397,5,0,0.8516,1195.4725,48.7431,0.1580,0.1360
4815,963,-5.2784,5,0,0.9133,1188.9288,54.3218,0.0931,0.1359
4820,964,-58.5090,5,0,0.7784,975.4521,51.1512,0.2461,0.1358
4825,965,24.1035,5,0,0.8060,976.0598,49.9341,0.7096,0.1357
4830,966,-3.6971,5,0,0.8485,940.1838,50.5340,0.4761,0.1357
4835,967,-10.3921,5,0,0.8988,940.3854,50.4105,0.0780,0.1356
4840,968,-9.7812,5,0,0.7930,1040.5844,58.3796,0.1826,0.1355
4845,969,-37.7703,5,0,0.9393,1380.7773,54.1090,0.0569,0.1355
4850,970,-70.0000,5,0,0.8421,916.7856,48.9211,0.1362,0.1354
4855,971,5.3978,5,0,0.9596,1233.7847,57.0224,0.0406,0.1353
4860,972,-16.6459,5,0,0.9419,1063.4954,46.6978,0.0649,0.1353
4865,973,-26.7097,5,0,0.9245,1027.5057,51.7926,0.0526,0.1352
4870,974,-21.6082,5,0,0.9363,946.0224,51.6049,0.0694,0.1351
4875,975,-26.7946,5,0,0.9643,1047.8900,53.5279,0.0335,0.1351
4880,976,-37.8924,5,0,0.9060,989.4065,52.1199,0.0449,0.1350
4885,977,-26.8103,5,0,0.9600,1267.7894,55.0826,0.0377,0.1349
4890,978,23.6010,5,0,0.9022,934.2402,46.6116,1.2884,0.1349
4895,979,-32.8834,5,0,0.9578,939.3096,49.1142,0.0280,0.1348
4900,980,-58.8820,5,0,0.9410,917.7939,54.3675,0.0547,0.1347
4905,981,-65.0000,5,0,0.9655,926.9459,52.6314,0.0272,0.1346
4910,982,-27.5532,5,0,0.8960,964.9604,48.1280,0.1237,0.1346
4915,983,-10.5165,5,0,0.9335,1014.0687,58.7133,0.0633,0.1345
4920,984,-5.0771,5,0,0.8865,1070.2782,59.0853,0.1238,0.1344
4925,985,-42.4828,5,0,0.8954,1077.2191,49.0666,0.1208,0.1344
4930,986,-42.7646,5,0,0.9435,1378.4641,58.3770,0.0653,0.1343
4935,987,-21.6623,5,0,0.9449,1047.6045,52.6733,0.0575,0.1342
4940,988,-5.7762,5,0,0.9656,957.8815,52.7990,0.0269,0.1342
4945,989,-60.0000,5,0,0.9359,1049.1553,56.3649,0.0631,0.1341
4950,990,-26.8427,5,0,0.9731,859.0125,50.3906,0.0255,0.1340
4955,991,-32.8498,5,0,0.9500,929.9270,48.3737,0.0400,0.1340
4960,992,-32.7147,5,0,0.9303,1099.7085,62.4597,0.0758,0.1339
4965,993,-26.7668,5,0,0.9607,1079.9817,48.1555,0.0389,0.1338
4970,994,-10.7458,5,0,0.9718,1178.6162,59.1532,0.0323,0.1338
4975,995,-16.4322,5,0,0.8760,996.3032,53.4397,0.1233,0.1337
4980,996,-10.5746,5,0,0.9516,1125.6533,56.0481,0.0537,0.1336
4985,997,-37.7533,5,0,0.9460,1062.8748,55.0366,0.0592,0.1336
4990,998,-42.7416,5,0,0.9486,1138.4165,51.8182,0.0491,0.1335
4995,999,-26.8226,5,0,0.9783,1136.9988,56.6849,0.0289,0.1334
5000,1000,12.1320,5,0,0.9718,860.6080,60.6084,0.7367,0.1334
5005,1001,17.1832,5,0,0.9450,1014.6251,59.1274,3.0285,0.1333
5010,1002,-26.8194,5,0,0.9675,1204.0293,57.6641,0.0299,0.1332
5015,1003,-26.5664,5,0,0.9356,1149.9409,53.1909,0.0716,0.1332
5020,1004,-4.9263,5,0,0.8861,1222.7927,41.3906,0.1493,0.1331
5025,1005,-75.0000,5,0,0.9728,1266.5093,67.9413,0.0253,0.1330
5030,1006,6.2496,5,0,0.8861,1429.0383,48.4742,1.7137,0.1329
5035,1007,-3.8889,5,0,0.9398,1038.9265,54.1163,3.0556,0.1329
5040,1008,5.7066,5,0,0.9055,1032.6593,55.8544,0.0735,0.1328
5045,1009,6.4057,5,0,0.8366,1046.8046,57.1955,0.1548,0.1327
5050,1010,-5.4009,5,0,0.9091,1105.8933,56.7396,0.0814,0.1327
5055,1011,-53.5371,5,0,0.7617,1156.7750,54.5791,0.2548,0.1326
5060,1012,18.0825,5,0,0.7565,925.3680,60.2803,0.8111,0.1325
5065,1013,-9.7509,5,0,0.8401,983.7212,54.2088,0.1730,0.1325
5070,1014,-37.6555,5,0,0.8859,1241.9301,54.8206,0.1049,0.1324
5075,1015,-9.5060,5,0,0.8442,1205.8115,61.7996,0.1994,0.1323
5080,1016,-26.4383,5,0,0.9110,1146.2041,52.7430,0.0942,0.1323
5085,1017,-36.9182,5,0,0.7709,1076.1035,48.5344,0.3070,0.1322
5090,1018,29.3847,5,0,0.5765,1010.1938,56.7929,0.7185,0.1321
5095,1019,-25.8682,5,0,0.8219,969.8033,53.2416,0.2072,0.1321
5100,1020,5.4098,5,0,0.9554,1130.9802,58.4205,0.0419,0.1320
5105,1021,-4.3034,5,0,0.7576,981.5359,46.9442,0.2510,0.1319
5110,1022,-21.4003,5,0,0.9065,969.0817,56.6424,0.1022,0.1319
5115,1023,28.4209,5,0,0.9335,1377.1938,49.7353,1.6632,0.1318
5120,1024,-20.9445,5,0,0.7940,1118.9746,56.6001,0.1861,0.1317
5125,1025,56.6404,5,0,0.7932,1055.8652,61.7908,0.4486,0.1317
5130,1026,17.1383,5,0,0.9284,1137.6570,49.8594,2.9815,0.1316
5135,1027,-26.4544,5,0,0.8759,1243.0441,57.4747,0.1050,0.1315
5140,1028,56.8764,5,0,0.6720,1142.2332,52.3602,0.3561,0.1315
5145,1029,-10.0809,5,0,0.8556,1129.0690,63.2870,0.1418,0.1314
5150,1030,-5.1008,5,0,0.8814,1401.5933,50.9161,0.1178,0.1313
5155,1031,7.8498,5,0,0.8400,1170.3346,51.2672,0.1719,0.1313
5160,1032,-26.2809,5,0,0.8568,1176.8701,54.5061,0.1313,0.1312
5165,1033,-20.0547,5,0,0.7060,1132.2712,59.5155,0.3792,0.1311
5170,1034,-37.4684,5,0,0.8908,1186.4961,49.0819,0.1430,0.1311
5175,1035,-26.2385,5,0,0.8919,1056.8746,55.7751,0.1253,0.1310
5180,1036,-37.4346,5,0,0.8746,901.3381,57.6202,0.1437,0.1309
5185,1037,-21.2296,5,0,0.8836,1007.5245,55.7538,0.1413,0.1309
5190,1038,-10.1132,5,0,0.8742,1260.3497,49.7036,0.1210,0.1308
5195,1039,-26.5486,5,0,0.9253,1102.3794,52.2843,0.0765,0.1307
5200,1040,-9.8663,5,0,0.8617,1006.2765,57.1710,0.1479,0.1307
5205,1041,-37.6559,5,0,0.8805,1228.9729,54.0292,0.0933,0.1306
5210,1042,-42.7193,5,0,0.9293,1135.5853,56.7250,0.0740,0.1305
5215,1043,-21.7594,5,0,0.9576,928.7817,53.1908,0.0428,0.1305
5220,1044,17.1335,5,0,0.9661,1014.3441,51.2435,3.4786,0.1304
5225,1045,39.4304,5,0,0.9426,1078.7736,50.3442,2.9314,0.1303
5230,1046,-5.4276,5,0,0.9090,1289.3589,56.4345,0.0726,0.1303
5235,1047,-25.4294,5,0,0.6951,1079.5110,54.6477,0.2242,0.1302
5240,1048,-53.4948,5,0,0.5291,1260.2699,52.8144,0.3407,0.1301
5245,1049,-21.3478,5,0,0.8738,1317.8328,56.7051,0.1191,0.1301
5250,1050,-53.7674,5,0,0.8724,1152.8387,53.9182,0.1216,0.1300
5255,1051,33.5632,5,0,0.8948,842.1398,49.6025,1.3863,0.1299
5260,1052,-26.3007,5,0,0.8583,1060.5884,50.0328,0.1282,0.1299
5265,1053,-58.7203,5,0,0.8398,1154.1250,57.9399,0.1643,0.1298
5270,1054,7.8722,5,0,0.6285,1063.0884,50.0622,0.5591,0.1297
5275,1055,-21.2137,5,0,0.8545,1395.0034,54.6626,0.1276,0.1297
5280,1056,7.6141,5,0,0.7460,1081.0125,56.7535,0.3032,0.1296
5285,1057,-37.5019,5,0,0.8783,1108.3372,57.9821,0.1236,0.1295
5290,1058,34.1866,5,0,0.6989,1140.4114,55.1803,1.7912,0.1295
5295,1059,6.2928,5,0,0.7964,1065.3270,46.4069,0.1399,0.1294
5300,1060,-37.3216,5,0,0.8155,1202.1750,59.3149,0.1892,0.1293
5305,1061,-20.4025,5,0,0.7708,1398.5502,57.5142,0.2798,0.1293
5310,1062,-42.3499,5,0,0.7815,1048.9402,61.2281,0.2097,0.1292
5315,1063,-42.4491,5,0,0.8617,1238.6583,51.2988,0.1481,0.1291
5320,1064,-21.1171,5,0,0.8122,1031.6277,56.4335,0.1711,0.1291
5325,1065,-20.9437,5,0,0.8269,1237.2847,57.7706,0.1991,0.1290
5330,1066,-26.4021,5,0,0.9004,1087.6763,54.8979,0.0967,0.1290
5335,1067,-5.1413,5,0,0.8781,1110.6780,58.1848,0.1214,0.1289
5340,1068,-4.8892,5,0,0.8354,1222.3977,62.6679,0.1571,0.1288
5345,1069,-42.0763,5,0,0.7978,1327.3817,51.5691,0.2226,0.1288
5350,1070,-42.7984,5,0,0.9351,1395.5637,56.3248,0.0590,0.1287
5355,1071,-58.9023,5,0,0.9522,1053.7719,53.4208,0.0475,0.1286
5360,1072,-58.8431,5,0,0.9406,1233.4656,47.4007,0.0721,0.1286
5365,1073,-16.5464,5,0,0.9189,1044.5088,57.5498,0.0820,0.1285
5370,1074,-26.7105,5,0,0.9509,1146.5043,54.2342,0.0472,0.1284
5375,1075,-37.6796,5,0,0.9142,1195.0117,55.0683,0.0848,0.1284
5380,1076,7.1508,5,0,0.9576,1262.8523,59.9879,3.3387,0.1283
5385,1077,-32.6839,5,0,0.9021,1240.2440,54.7467,0.0919,0.1282
5390,1078,-21.6053,5,0,0.9234,1202.7917,49.0908,0.0615,0.1282
5395,1079,40.0057,5,0,0.8689,1177.1648,50.4578,2.0886,0.1281
5400,1080,-58.6207,5,0,0.8103,1050.3729,56.5407,0.1892,0.1280
5405,1081,-36.8471,5,0,0.6915,991.8453,52.4774,0.3798,0.1280
5410,1082,39.7030,5,0,0.9094,1161.0793,58.3037,0.0930,0.1279
5415,1083,-31.3840,5,0,0.6451,991.8488,57.1101,0.4472,0.1278
5420,1084,-37.6199,5,0,0.8820,1024.9714,56.5389,0.1183,0.1278
5425,1085,-42.6256,5,0,0.9051,1071.8569,60.4084,0.0996,0.1277
5430,1086,44.5348,5,0,0.9279,1149.6145,60.5438,2.1429,0.1276
5435,1087,-5.3843,5,0,0.9189,943.2458,45.6863,0.0794,0.1276
5440,1088,-5.2799,5,0,0.9053,1131.8149,60.5702,0.0950,0.1275
5445,1089,-10.2150,5,0,0.8971,1019.9770,56.6421,0.1011,0.1275
5450,1090,23.8262,5,0,0.8254,931.6555,53.0754,2.0014,0.1274
5455,1091,-37.1570,5,0,0.7459,1153.9258,56.1769,0.2317,0.1273
5460,1092,45.7227,5,0,0.7916,1302.5017,53.7636,0.9207,0.1273
5465,1093,-25.9750,5,0,0.8269,1177.7820,56.1102,0.1802,0.1272
5470,1094,6.9970,5,0,0.8006,1055.1968,50.3672,0.2228,0.1271
5475,1095,29.4504,5,0,0.7622,1150.9532,56.8204,1.4078,0.1271
5480,1096,29.2092,5,0,0.7851,870.0288,56.7344,0.2243,0.1270
5485,1097,-26.0495,5,0,0.7742,1036.3820,51.5741,0.1945,0.1269
5490,1098,-25.9967,5,0,0.8023,957.9316,57.7080,0.1969,0.1269
5495,1099,-9.8017,5,0,0.7974,1307.2112,52.6869,0.1701,0.1268
5500,1100,-25.9892,5,0,0.8221,914.2969,56.8624,0.1825,0.1267
5505,1101,-27.4781,5,0,0.7959,973.6339,52.8857,0.1829,0.1267
5510,1102,-42.4355,5,0,0.8669,1338.7179,44.8923,0.1487,0.1266
5515,1103,12.6780,5,0,0.8100,1125.4421,58.1808,0.4784,0.1265
5520,1104,-26.0264,5,0,0.8422,1002.7544,58.9597,0.1772,0.1265
5525,1105,-42.4916,5,0,0.8811,1375.6836,57.7745,0.1295,0.1264
5530,1106,-21.4651,5,0,0.9084,1044.1101,56.8314,0.0924,0.1264
5535,1107,-32.3412,5,0,0.8371,1209.9207,55.5491,0.1737,0.1263
5540,1108,-32.4288,5,0,0.8599,951.1647,55.8120,0.1518,0.1262
5545,1109,-21.4256,5,0,0.8814,1003.9158,56.7796,0.1083,0.1262
5550,1110,-21.4507,5,0,0.8839,1147.7173,58.3152,0.0910,0.1261
5555,1111,-42.6298,5,0,0.9055,1196.6482,60.0796,0.1006,0.1260
5560,1112,6.1034,5,0,0.8786,1171.5464,56.1304,0.1176,0.1260
5565,1113,-32.7581,5,0,0.8776,1146.8052,59.7311,0.0916,0.1259
5570,1114,45.3278,5,0,0.8210,1250.0106,56.7586,0.1671,0.1258
5575,1115,-37.6745,5,0,0.9021,1197.2183,51.5003,0.0677,0.1258
5580,1116,-21.5720,5,0,0.9266,1182.1130,54.2545,0.0743,0.1257
5585,1117,-26.6765,5,0,0.9442,1224.8289,63.6748,0.0514,0.1257
5590,1118,-37.7727,5,0,0.9532,1167.5344,54.1465,0.0481,0.1256
5595,1119,-21.6517,5,0,0.9290,1087.5647,59.6942,0.0575,0.1255
5600,1120,-21.8047,5,0,0.9572,1060.0566,51.8720,0.0380,0.1255
5605,1121,-21.7233,5,0,0.9499,1073.5701,59.9849,0.0473,0.1254
5610,1122,-5.4268,5,0,0.9280,1291.3323,61.3160,0.0735,0.1253
5615,1123,-10.4138,5,0,0.9149,1190.9456,47.1841,0.0792,0.1253
5620,1124,5.3265,5,0,0.9314,1034.8201,53.9924,0.0334,0.1252
5625,1125,-53.8850,5,0,0.9425,1135.1292,50.2995,0.0553,0.1251
5630,1126,-10.7457,5,0,0.9665,1058.4749,56.1460,0.0326,0.1251
5635,1127,-16.8025,5,0,0.9654,1058.4927,61.6894,0.0344,0.1250
5640,1128,-42.8734,5,0,0.9594,1197.4618,45.3757,0.0372,0.1249
5645,1129,-21.7563,5,0,0.9589,961.0416,68.2282,0.0398,0.1249
5650,1130,28.1601,5,0,0.9637,1464.8567,46.3777,3.5446,0.1248
5655,1131,-5.6477,5,0,0.9533,1240.6582,59.7737,0.0443,0.1248
5660,1132,-21.7545,5,0,0.9428,1116.5601,61.9182,0.0468,0.1247
5665,1133,-42.5453,5,0,0.8670,1403.7678,51.7050,0.0899,0.1246
5670,1134,-37.7356,5,0,0.9171,1044.3438,54.2692,0.0760,0.1246
5675,1135,-16.4607,5,0,0.9124,1226.5721,53.8962,0.0936,0.1245
5680,1136,-37.7613,5,0,0.9349,918.7355,51.9520,0.0641,0.1244
5685,1137,-26.5487,5,0,0.9259,982.8199,54.8549,0.0779,0.1244
5690,1138,-10.4015,5,0,0.9227,1052.2927,53.4187,0.0780,0.1243
5695,1139,5.5115,5,0,0.9467,1332.8647,55.0069,0.0525,0.1243
5700,1140,-32.8647,5,0,0.9361,1136.8682,58.8445,0.0410,0.1242
5705,1141,-5.5059,5,0,0.9379,1156.0009,48.2106,0.0638,0.1241
5710,1142,-37.8587,5,0,0.9618,1056.5847,56.8871,0.0362,0.1241
5715,1143,-8.8556,5,0,0.9291,1365.0542,57.1740,1.0754,0.1240
5720,1144,-10.6721,5,0,0.9373,1003.9307,51.8983,0.0465,0.1239
5725,1145,-26.7982,5,0,0.9567,1298.0625,56.2128,0.0367,0.1239
5730,1146,-26.5821,5,0,0.9302,1145.2942,50.8937,0.0711,0.1238
5735,1147,-5.4839,5,0,0.9202,1517.5317,55.4262,0.0625,0.1237
5740,1148,-10.5539,5,0,0.9410,1213.3386,58.4380,0.0569,0.1237
5745,1149,-16.7333,5,0,0.9563,1184.2297,62.5233,0.0453,0.1236
5750,1150,-26.8270,5,0,0.9688,1241.5525,58.0002,0.0280,0.1236
5755,1151,-21.7523,5,0,0.9608,1015.1774,51.0944,0.0417,0.1235
5760,1152,23.2496,5,0,0.9333,1063.4421,50.7055,1.6164,0.1234
5765,1153,-32.8383,5,0,0.9588,959.8736,58.2412,0.0379,0.1234
5770,1154,39.4041,5,0,0.9484,1188.9280,55.0465,2.3540,0.1233
5775,1155,-21.4206,5,0,0.9037,1170.2355,55.5883,0.0954,0.1232
5780,1156,-58.8778,5,0,0.9382,1115.9127,52.7771,0.0589,0.1232
5785,1157,-37.7540,5,0,0.9377,1335.8784,55.4306,0.0665,0.1231
5790,1158,55.5809,5,0,0.9283,1164.4924,65.5939,0.5722,0.1231
5795,1159,-37.5727,5,0,0.9032,1257.5858,49.3527,0.0946,0.1230
5800,1160,5.8724,5,0,0.8960,1119.1379,56.7075,0.0913,0.1229
5805,1161,-5.3596,5,0,0.9225,1129.2579,57.3852,0.0845,0.1229
5810,1162,-10.4575,5,0,0.9116,1128.5701,52.6421,0.0674,0.1228
5815,1163,-5.4099,5,0,0.9251,1049.1670,50.5404,0.0773,0.1227
5820,1164,5.7023,5,0,0.9294,1132.8857,47.0803,0.0728,0.1227
5825,1165,-21.5362,5,0,0.9236,1210.4731,51.7356,0.0715,0.1226
5830,1166,-42.7923,5,0,0.9359,1150.9673,57.3036,0.0572,0.1226
5835,1167,-42.7463,5,0,0.9286,1192.0170,45.5938,0.0587,0.1225
5840,1168,-10.5554,5,0,0.9429,1002.1940,50.7737,0.0575,0.1224
5845,1169,-5.4840,5,0,0.9359,1126.9854,59.8394,0.0666,0.1224
5850,1170,-21.5814,5,0,0.9368,1242.3350,53.9105,0.0717,0.1223
5855,1171,5.3594,5,0,0.9553,1388.9766,55.1557,0.0366,0.1222
5860,1172,-21.5982,5,0,0.9309,866.5143,57.4466,0.0667,0.1222
5865,1173,-53.9243,5,0,0.9356,1223.1168,56.7049,0.0571,0.1221
5870,1174,-10.5163,5,0,0.9485,1143.1902,55.7874,0.0623,0.1221
5875,1175,23.2500,5,0,0.9514,1056.4159,66.9514,0.0435,0.1220
5880,1176,-53.9587,5,0,0.9776,1104.0582,57.5719,0.0210,0.1219
5885,1177,-42.8274,5,0,0.9464,996.3160,61.0449,0.0395,0.1219
5890,1178,-21.7922,5,0,0.9628,1321.0282,50.8248,0.0370,0.1218
5895,1179,23.1954,5,0,0.9520,1171.0201,52.8983,1.2408,0.1217
5900,1180,44.4288,5,0,0.9257,1268.5201,54.0451,1.5425,0.1217
5905,1181,5.3961,5,0,0.9560,1049.8436,57.7738,0.0404,0.1216
5910,1182,-21.6542,5,0,0.9394,1195.5543,54.6129,0.0558,0.1216
5915,1183,5.6327,5,0,0.9455,1154.6630,52.4542,0.0654,0.1215
5920,1184,-5.4208,5,0,0.9281,927.4541,54.4280,0.0753,0.1214
5925,1185,5.6348,5,0,0.9355,1121.9039,60.4891,0.0656,0.1214
5930,1186,-5.7769,5,0,0.9660,1248.6565,65.9017,0.0296,0.1213
5935,1187,6.3849,5,0,0.7982,1042.9709,51.9353,0.1528,0.1213
5940,1188,-42.8650,5,0,0.9562,1070.9749,50.8075,0.0387,0.1212
5945,1189,-26.7836,5,0,0.9634,1400.5569,58.9891,0.0355,0.1211
5950,1190,-16.7282,5,0,0.9540,1301.1962,53.5673,0.0466,0.1211
5955,1191,-26.7047,5,0,0.9187,1024.5416,55.1631,0.0660,0.1210
5960,1192,28.2655,5,0,0.9487,1356.7761,47.6936,2.4199,0.1209
5965,1193,-53.9325,5,0,0.9515,1217.8143,54.1688,0.0426,0.1209
5970,1194,-42.7650,5,0,0.9177,1289.8092,56.7298,0.0650,0.1208
5975,1195,55.6192,5,0,0.9213,1198.9794,60.6234,2.8047,0.1208
5980,1196,-32.5594,5,0,0.8590,1169.3687,50.2054,0.1262,0.1207
5985,1197,-10.0480,5,0,0.8641,1304.3635,61.5121,0.1307,0.1206
5990,1198,-10.4564,5,0,0.9263,1260.6804,56.5301,0.0697,0.1206
5995,1199,-10.1044,5,0,0.8270,1045.0022,57.9926,0.1330,0.1205
6000,1200,-53.6810,5,0,0.8459,990.9372,48.2343,0.1494,0.1205
6005,1201,-37.5800,5,0,0.8984,1043.1097,55.4349,0.1099,0.1204
6010,1202,-53.7453,5,0,0.8964,1303.9901,57.9662,0.1293,0.1203
6015,1203,-58.8257,5,0,0.8360,1114.4941,62.3779,0.1291,0.1203
6020,1204,-42.6407,5,0,0.9025,1240.5385,47.9856,0.0880,0.1202
6025,1205,-26.6509,5,0,0.9400,1366.1586,56.5270,0.0618,0.1201
6030,1206,-5.2855,5,0,0.8867,1383.9033,57.2840,0.1006,0.1201
6035,1207,-37.7399,5,0,0.9357,1251.0310,56.4140,0.0682,0.1200
6040,1208,-10.6350,5,0,0.9518,1477.0912,58.8125,0.0477,0.1200
6045,1209,5.6039,5,0,0.9373,1137.9253,58.6683,0.0623,0.1199
6050,1210,28.2491,5,0,0.9456,1197.3717,53.4384,3.1679,0.1198
6055,1211,-58.8674,5,0,0.9136,1020.8623,56.0363,0.0853,0.1198
6060,1212,55.8994,5,0,0.8815,1153.5278,57.6139,0.9155,0.1197
6065,1213,56.2145,5,0,0.8568,1040.2194,51.3237,2.1156,0.1197
6070,1214,-9.3406,5,0,0.7640,1062.9556,56.0870,0.2398,0.1196
6075,1215,6.1835,5,0,0.8652,1222.9142,48.5478,0.1260,0.1195
6080,1216,17.7597,5,0,0.7880,1474.5820,52.3127,1.6717,0.1195
6085,1217,-26.2351,5,0,0.8363,1215.5093,61.2098,0.1439,0.1194
6090,1218,45.8947,5,0,0.7560,1423.2340,53.3818,1.4723,0.1194
6095,1219,-41.9990,5,0,0.7534,960.0193,54.4050,0.2771,0.1193
6100,1220,-15.3009,5,0,0.6719,1260.8403,47.9726,0.3642,0.1192
6105,1221,-7.7659,5,0,0.6009,1136.4309,51.0258,0.5163,0.1192
6110,1222,1.5414,5,0,0.7114,1356.1216,61.5867,1.2996,0.1191
6115,1223,-36.7662,5,0,0.7446,1155.0665,58.1866,0.3176,0.1191
6120,1224,-3.5711,5,0,0.6876,1265.1783,51.9448,0.3588,0.1190
6125,1225,-20.8785,5,0,0.7855,1326.8317,56.1046,0.2134,0.1189
6130,1226,7.0395,5,0,0.7849,1244.6328,54.5630,0.2281,0.1189
6135,1227,-37.1532,5,0,0.8078,1102.4169,49.8655,0.2472,0.1188
6140,1228,45.5187,5,0,0.7893,1176.8627,50.7532,1.6878,0.1188
6145,1229,-42.0228,5,0,0.7447,1199.9182,54.5803,0.2674,0.1187
6150,1230,-20.7962,5,0,0.7776,1381.0100,61.2525,0.2223,0.1186
6155,1231,7.1676,5,0,0.7333,1215.2329,49.7817,0.2454,0.1186
6160,1232,-53.4418,5,0,0.6795,1277.2456,49.8893,0.3232,0.1185
6165,1233,-42.4754,5,0,0.8407,1021.8514,53.6808,0.1521,0.1184
6170,1234,28.9013,5,0,0.8254,1110.0569,52.5935,1.9617,0.1184
6175,1235,7.0642,5,0,0.7604,1088.1660,50.9971,0.2320,0.1183
6180,1236,-9.7357,5,0,0.8375,914.1429,52.2385,0.1656,0.1183
6185,1237,-4.4756,5,0,0.7998,1196.8057,50.1377,0.2072,0.1182
6190,1238,-25.6449,5,0,0.7581,1146.9435,52.8989,0.2427,0.1181
6195,1239,40.1699,5,0,0.8349,1121.1498,53.0339,1.4950,0.1181
6200,1240,7.0730,5,0,0.7860,1197.3872,51.8156,0.2324,0.1180
6205,1241,-21.1410,5,0,0.8536,950.7420,51.5144,0.1553,0.1180
6210,1242,-25.6512,5,0,0.7704,1211.9351,54.4015,0.2578,0.1179
6215,1243,-4.7839,5,0,0.8273,1298.3472,54.9550,0.1699,0.1178
6220,1244,-26.2752,5,0,0.8736,1427.0205,61.2810,0.1284,0.1178
6225,1245,28.7317,5,0,0.8776,1319.7312,52.5492,0.5186,0.1177
6230,1246,-26.2850,5,0,0.8669,1284.9329,52.2998,0.1223,0.1177
6235,1247,-32.4233,5,0,0.8530,1137.7590,54.3209,0.1450,0.1176
6240,1248,-42.5222,5,0,0.8862,1342.2068,53.9548,0.1225,0.1175
6245,1249,-9.9217,5,0,0.8632,1063.5856,57.2363,0.1493,0.1175
6250,1250,39.9447,5,0,0.8406,1199.5276,56.0598,0.8025,0.1174
6255,1251,-26.3711,5,0,0.8934,1416.8008,49.4087,0.1104,0.1174
6260,1252,-42.4279,5,0,0.8526,1417.7571,57.2352,0.1426,0.1173
6265,1253,-32.3927,5,0,0.8281,1200.2349,56.1701,0.4904,0.1173
6270,1254,7.6286,5,0,0.8006,1185.4142,48.0686,0.7406,0.1172
6275,1255,-42.4732,5,0,0.8672,1509.2769,54.0307,0.1310,0.1171
6280,1256,39.8597,5,0,0.8715,1302.0729,55.0121,1.6901,0.1171
6285,1257,-32.4939,5,0,0.8350,1247.6108,57.1364,0.1650,0.1170
6290,1258,-10.1598,5,0,0.8761,1266.5801,55.2203,0.1154,0.1170
6295,1259,7.8962,5,0,0.7610,1139.9858,49.5515,1.4890,0.1169
6300,1260,34.8806,5,0,0.6840,1315.7145,57.1306,0.7626,0.1168
6305,1261,-42.3112,5,0,0.7235,1403.4257,56.8343,0.2651,0.1168
6310,1262,57.2945,5,0,0.7638,1171.0813,43.4906,0.2609,0.1167
6315,1263,-36.8723,5,0,0.6191,1423.5315,62.8282,0.4427,0.1167
6320,1264,-9.9057,5,0,0.8576,1218.1785,49.4673,0.1484,0.1166
6325,1265,45.8095,5,0,0.7017,1323.6619,59.6347,0.4168,0.1165
6330,1266,-20.9100,5,0,0.8118,1047.7446,59.0035,0.2039,0.1165
6335,1267,-20.9432,5,0,0.8149,1386.5765,59.2658,0.1772,0.1164
6340,1268,-48.6679,5,0,0.8312,1059.8329,51.9107,0.1722,0.1164
6345,1269,-21.0718,5,0,0.8477,1055.4689,54.2080,0.1714,0.1163
6350,1270,-21.3096,5,0,0.8762,1428.3914,53.1283,0.1257,0.1162
6355,1271,-70.0000,5,0,0.8875,1274.1597,50.8253,0.1146,0.1162
6360,1272,-58.7471,5,0,0.8735,1196.8306,55.7771,0.1175,0.1161
6365,1273,44.6953,5,0,0.9183,1087.8840,54.1673,0.5766,0.1161
6370,1274,-26.4969,5,0,0.9078,1182.3289,55.5568,0.0935,0.1160
6375,1275,5.8470,5,0,0.9084,1150.6111,51.0400,0.0885,0.1159
6380,1276,-10.3428,5,0,0.9123,1125.5188,43.3975,0.0879,0.1159
6385,1277,5.7327,5,0,0.9235,1168.8254,52.5879,0.0761,0.1158
6390,1278,-58.8469,5,0,0.9117,1074.9553,51.3605,0.0825,0.1158
6395,1279,-37.6939,5,0,0.9130,1149.9622,54.7590,0.0820,0.1157
6400,1280,-10.6230,5,0,0.9133,1153.5284,56.6476,0.0568,0.1157
6405,1281,-21.5527,5,0,0.9121,1136.5530,48.9050,0.0778,0.1156
6410,1282,-5.4746,5,0,0.9272,989.5751,53.8809,0.0691,0.1155
6415,1283,-26.6868,5,0,0.9380,1205.2393,51.2193,0.0561,0.1155
6420,1284,5.5555,5,0,0.9473,1303.1362,52.6399,0.0572,0.1154
6425,1285,-16.6750,5,0,0.9196,1248.8480,49.5337,0.5486,0.1154
6430,1286,-37.7381,5,0,0.9288,1452.8505,55.6436,0.0680,0.1153
6435,1287,-26.5935,5,0,0.9364,1229.9558,46.0073,0.0691,0.1152
6440,1288,-26.7609,5,0,0.9571,1249.3448,48.4644,0.0406,0.1152
6445,1289,-21.6011,5,0,0.9337,1068.6775,52.7326,0.0685,0.1151
6450,1290,-21.7242,5,0,0.9518,1467.7363,52.9285,0.0451,0.1151
6455,1291,-43.8640,5,0,0.9320,1204.9890,57.4619,0.0631,0.1150
6460,1292,-26.6245,5,0,0.9368,1380.0532,50.8318,0.0646,0.1149
6465,1293,-10.3693,5,0,0.9174,1293.0979,57.9874,0.0830,0.1149
6470,1294,-10.4316,5,0,0.9270,1154.5126,51.9905,0.0742,0.1148
6475,1295,-26.7937,5,0,0.9669,923.4691,49.3340,0.0346,0.1148
6480,1296,-26.6881,5,0,0.9397,1190.9966,50.5362,0.0567,0.1147
6485,1297,-21.6999,5,0,0.8927,980.9455,58.3923,0.4883,0.1147
6490,1298,28.3005,5,0,0.9461,1113.4890,49.2384,0.0495,0.1146
6495,1299,-5.5472,5,0,0.9380,1212.8892,52.1015,0.0643,0.1145
6500,1300,-21.5910,5,0,0.9373,1001.9512,50.8447,0.0646,0.1145
6505,1301,-26.6717,5,0,0.9449,1158.1497,50.2568,0.0542,0.1144
6510,1302,-10.6539,5,0,0.9540,1013.8049,53.8240,0.0483,0.1144
6515,1303,55.8386,5,0,0.9031,1165.7961,54.0781,1.8827,0.1143
6520,1304,-21.5054,5,0,0.9433,1165.4252,51.9865,0.0690,0.1142
6525,1305,-10.4718,5,0,0.9254,1664.9998,55.4239,0.0656,0.1142
6530,1306,-10.3338,5,0,0.9179,1038.5603,50.5573,0.0902,0.1141
6535,1307,-21.6454,5,0,0.9303,1335.4727,51.1009,0.0502,0.1141
6540,1308,-37.6880,5,0,0.8953,1062.6937,58.5905,0.0945,0.1140
6545,1309,-10.7113,5,0,0.9644,1443.6295,52.2529,0.0367,0.1140
6550,1310,-26.7779,5,0,0.9637,1441.8770,53.0737,0.0370,0.1139
6555,1311,5.3340,5,0,0.9608,1227.7347,52.1368,0.0340,0.1138
6560,1312,-42.7935,5,0,0.9405,1010.8815,55.2833,0.0600,0.1138
6565,1313,-3.8697,5,0,0.9342,1152.8660,54.6135,0.5948,0.1137
6570,1314,44.3880,5,0,0.9409,1291.2610,45.6315,1.1692,0.1137
6575,1315,5.4851,5,0,0.9386,1165.7863,58.3675,0.0498,0.1136
6580,1316,5.5822,5,0,0.9428,1150.2881,59.1469,0.0600,0.1135
6585,1317,-42.8329,5,0,0.9563,1217.7471,43.6342,0.0403,0.1135
6590,1318,5.6987,5,0,0.9311,1293.3812,53.4548,0.0725,0.1134
6595,1319,-48.9560,5,0,0.9576,1177.7021,51.8313,0.0332,0.1134
6600,1320,-21.7271,5,0,0.9511,1171.7308,47.5063,0.0483,0.1133
6605,1321,-5.7073,5,0,0.9619,1210.2286,54.5584,0.0376,0.1133
6610,1322,22.2375,5,0,0.9426,1188.9645,47.4795,1.1583,0.1132
6615,1323,-21.5629,5,0,0.9279,1275.0801,60.9804,0.0749,0.1131
6620,1324,-32.8042,5,0,0.9436,1127.5311,56.7760,0.0497,0.1131
6625,1325,55.4939,5,0,0.9483,1148.4724,50.9121,0.0507,0.1130
6630,1326,-37.8514,5,0,0.9597,1171.4282,53.5518,0.0406,0.1130
6635,1327,-5.5875,5,0,0.9436,1233.3501,45.8414,0.0540,0.1129
6640,1328,5.5720,5,0,0.9377,1273.9617,56.1922,0.0590,0.1129
6645,1329,-10.5782,5,0,0.9418,1327.9127,48.8191,0.0524,0.1128
6650,1330,-42.8121,5,0,0.9511,1412.9109,53.6051,0.0489,0.1127
6655,1331,-32.8377,5,0,0.9568,1240.7742,53.6355,0.0375,0.1127
6660,1332,-53.8283,5,0,0.9185,1498.3777,38.7261,0.0705,0.1126
6665,1333,-27.7596,5,0,0.9194,1091.2598,51.3567,0.0684,0.1126
6670,1334,-10.6532,5,0,0.9363,1169.7092,54.3856,0.0507,0.1125
6675,1335,5.3813,5,0,0.9584,1236.4861,45.3806,0.0390,0.1125
6680,1336,39.3112,5,0,0.9630,1350.0771,51.7441,0.0413,0.1124
6685,1337,5.5195,5,0,0.9469,1193.8618,45.5797,0.0534,0.1123
6690,1338,-37.6328,5,0,0.9089,1283.0334,49.9552,0.0779,0.1123
6695,1339,-10.7173,5,0,0.9506,1351.5845,53.3883,0.0390,0.1122
6700,1340,-16.8503,5,0,0.9589,952.4896,51.0048,0.0291,0.1122
6705,1341,-26.8996,5,0,0.9805,1194.0195,49.8684,0.0177,0.1121
6710,1342,-10.5073,5,0,0.9279,1141.0264,55.5589,0.0643,0.1121
6715,1343,-37.9044,5,0,0.9738,1286.7358,50.5457,0.0255,0.1120
6720,1344,5.3115,5,0,0.9614,1322.7570,56.6387,0.0317,0.1119
6725,1345,-32.8793,5,0,0.9727,1139.7537,51.3551,0.0310,0.1119
6730,1346,39.4426,5,0,0.9343,1045.9150,49.3603,1.6411,0.1118
6735,1347,-10.7456,5,0,0.9670,1443.3458,48.7243,0.0326,0.1118
6740,1348,-21.7882,5,0,0.9631,1086.0315,61.1741,0.0360,0.1117
6745,1349,-58.9436,5,0,0.9716,1306.2207,47.2612,0.0293,0.1117
6750,1350,-42.8076,5,0,0.9469,1354.5874,44.9280,0.0509,0.1116
6755,1351,-26.8444,5,0,0.9741,1380.3644,55.9376,0.0254,0.1115
6760,1352,-42.9293,5,0,0.9802,1059.4207,50.4746,0.0182,0.1115
6765,1353,-10.7421,5,0,0.9675,1178.7229,52.4147,0.0328,0.1114
6770,1354,-21.7483,5,0,0.9575,1106.4160,51.5000,0.0425,0.1114
6775,1355,-37.8653,5,0,0.9638,1255.2920,51.8332,0.0315,0.1113
6780,1356,-48.9602,5,0,0.9516,1437.1892,44.4017,0.0376,0.1113
6785,1357,44.3989,5,0,0.9454,1280.9346,48.8845,2.2678,0.1112
6790,1358,-26.8324,5,0,0.9673,1169.3530,52.3343,0.0286,0.1111
6795,1359,-37.8711,5,0,0.9577,1380.0508,56.5011,0.0378,0.1111
6800,1360,-5.7984,5,0,0.9720,1235.2388,53.3276,0.0259,0.1110
6805,1361,-53.9509,5,0,0.9601,1024.1327,50.6165,0.0363,0.1110
6810,1362,-53.9433,5,0,0.9734,1502.0818,50.7394,0.0258,0.1109
6815,1363,-26.7752,5,0,0.9685,1203.2893,56.8595,0.0340,0.1109
6820,1364,-58.9081,5,0,0.9449,1116.1545,54.1264,0.0553,0.1108
6825,1365,-26.8883,5,0,0.9785,932.9750,55.5618,0.0188,0.1108
6830,1366,-58.9505,5,0,0.9762,1411.1931,38.8057,0.0246,0.1107
6835,1367,-21.6818,5,0,0.9395,1317.4325,52.1606,0.0522,0.1106
6840,1368,-37.7702,5,0,0.9485,1068.3777,54.2942,0.0554,0.1106
6845,1369,-42.8274,5,0,0.9609,1182.2224,46.6956,0.0378,0.1105
6850,1370,-5.7394,5,0,0.9679,1288.3430,44.5128,0.0333,0.1105
6855,1371,-21.8397,5,0,0.9753,1192.0283,52.1649,0.0276,0.1104
6860,1372,-10.7267,5,0,0.9677,1241.3318,48.1625,0.0344,0.1104
6865,1373,5.3110,5,0,0.9675,1278.8940,55.2713,0.0316,0.1103
6870,1374,-26.7496,5,0,0.9568,1200.0096,56.3285,0.0447,0.1102
6875,1375,-10.8195,5,0,0.9769,1058.1676,50.7998,0.0229,0.1102
6880,1376,-26.7628,5,0,0.9576,1295.2092,52.5113,0.0378,0.1101
6885,1377,-26.8349,5,0,0.9734,1363.3457,50.8810,0.0244,0.1101
6890,1378,12.3798,5,0,0.9023,1172.5719,49.8116,1.8170,0.1100
6895,1379,-5.7368,5,0,0.9633,1129.2448,47.2503,0.0321,0.1100
6900,1380,-32.8756,5,0,0.9680,1188.5525,49.9570,0.0300,0.1099
6905,1381,-21.8722,5,0,0.9760,1125.1614,45.7365,0.0216,0.1099
6910,1382,-21.8787,5,0,0.9730,1289.2439,51.0777,0.0218,0.1098
6915,1383,-26.6534,5,0,0.9084,1285.4088,45.8519,0.0503,0.1097
6920,1384,-58.9252,5,0,0.9439,1282.0903,56.3755,0.0353,0.1097
6925,1385,-10.8183,5,0,0.9767,1106.5120,49.4997,0.0221,0.1096
6930,1386,-10.6509,5,0,0.9602,1256.1021,56.5926,0.0456,0.1096
6935,1387,-5.7895,5,0,0.9651,1494.6639,49.8895,0.0248,0.1095
6940,1388,5.5160,5,0,0.9627,1306.9697,57.5081,0.0532,0.1095
6945,1389,-26.4577,5,0,0.8924,1136.2133,51.5152,0.0812,0.1094
6950,1390,-16.7828,5,0,0.9423,1381.2534,53.4791,0.0399,0.1094
6955,1391,-26.6889,5,0,0.9451,1265.7449,52.7269,0.0559,0.1093
6960,1392,-53.9146,5,0,0.9620,1296.6377,53.8749,0.0283,0.1092
6965,1393,-32.9096,5,0,0.9728,1222.2139,46.4774,0.0253,0.1092
6970,1394,-42.8871,5,0,0.9725,1173.5979,46.0283,0.0287,0.1091
6975,1395,-10.8646,5,0,0.9815,1282.4170,49.9746,0.0174,0.1091
6980,1396,-10.8407,5,0,0.9795,1579.9132,62.0614,0.0201,0.1090
6985,1397,-26.9086,5,0,0.9830,1345.5504,53.3475,0.0165,0.1090
6990,1398,7.2246,5,0,0.9425,1172.6318,44.4036,2.2830,0.1089
6995,1399,23.2187,5,0,0.9467,1337.3807,52.7292,0.6161,0.1089
7000,1400,-42.9087,5,0,0.9528,1401.0559,51.7296,0.0262,0.1088
7005,1401,5.7399,5,0,0.9225,1198.7234,44.9763,0.0770,0.1087
7010,1402,-27.8304,5,0,0.9581,1038.9685,48.7353,0.0433,0.1087
7015,1403,-21.7462,5,0,0.9601,1270.4148,51.0184,0.0440,0.1086
7020,1404,-37.8511,5,0,0.9516,1288.3723,52.4870,0.0414,0.1086
7025,1405,-26.5948,5,0,0.9400,1281.0752,55.7945,0.0694,0.1085
7030,1406,5.3446,5,0,0.9686,1327.6023,51.1882,0.0351,0.1085
7035,1407,23.5540,5,0,0.9071,1230.8490,39.4100,1.3492,0.1084
7040,1408,-10.8364,5,0,0.9727,1195.5879,56.5136,0.0221,0.1084
7045,1409,24.1024,5,0,0.7474,1326.8380,46.9869,1.1649,0.1083
7050,1410,-48.7483,5,0,0.8742,1292.4768,47.0235,0.0965,0.1082
7055,1411,23.2264,5,0,0.8956,1475.1902,52.6113,0.9003,0.1082
7060,1412,5.3700,5,0,0.9402,1586.6362,44.3878,0.0379,0.1081
7065,1413,5.9958,5,0,0.8208,1253.8789,47.1412,0.1059,0.1081
7070,1414,-21.5230,5,0,0.9176,1364.8083,54.7692,0.0869,0.1080
7075,1415,-42.4078,5,0,0.8375,1246.5510,47.6832,0.1697,0.1080
7080,1416,40.1360,5,0,0.7305,1242.6733,57.0822,0.3515,0.1079
7085,1417,-9.9044,5,0,0.8890,1147.6367,51.2268,0.1399,0.1079
7090,1418,-10.6737,5,0,0.9596,1263.1572,50.1202,0.0428,0.1078
7095,1419,-10.6356,5,0,0.9601,1242.9176,51.0907,0.0457,0.1077
7100,1420,-10.4497,5,0,0.9043,1287.5341,45.3313,0.0760,0.1077
7105,1421,56.6435,5,0,0.7220,1356.0571,52.7023,0.3737,0.1076
7110,1422,-26.6379,5,0,0.9280,1113.1924,51.5333,0.0634,0.1076
7115,1423,17.1891,5,0,0.9284,1403.8044,47.7969,2.0704,0.1075
7120,1424,-5.0499,5,0,0.8867,1277.8972,54.3900,0.1244,0.1075
7125,1425,-21.6707,5,0,0.9384,1502.7885,49.5211,0.0587,0.1074
7130,1426,-21.3224,5,0,0.8838,1169.2831,46.4154,0.1173,0.1074
7135,1427,-10.3601,5,0,0.8797,1205.0240,48.7798,0.0779,0.1073
7140,1428,-37.6420,5,0,0.9164,1567.6631,49.4429,0.0988,0.1073
7145,1429,-25.5899,5,0,0.7418,1106.5879,51.6889,0.2452,0.1072
7150,1430,-27.2212,5,0,0.6337,1300.7329,50.4009,0.3187,0.1071
7155,1431,-5.8477,5,0,0.9813,1372.2865,44.5377,0.0191,0.1071
7160,1432,28.1574,5,0,0.9675,1428.8751,49.8118,3.5664,0.1070
7165,1433,-3.8376,5,0,0.9030,1339.3557,49.8271,0.5122,0.1070
7170,1434,39.6730,5,0,0.8645,1305.9556,47.7196,0.4533,0.1069
7175,1435,-37.7523,5,0,0.8239,1432.7793,56.5935,0.1001,0.1069
7180,1436,-37.2239,5,0,0.8367,1361.3730,42.5510,0.2208,0.1068
7185,1437,-20.8174,5,0,0.7915,1220.6130,44.8526,0.2098,0.1068
7190,1438,-38.5289,5,0,0.7600,1249.8512,51.8630,0.2508,0.1067
7195,1439,-10.0785,5,0,0.8895,1133.3562,46.8408,0.1263,0.1067
7200,1440,-21.4179,5,0,0.9424,1394.8159,49.0289,0.0830,0.1066
7205,1441,45.6697,5,0,0.7193,1141.5315,47.8249,1.0853,0.1065
7210,1442,-4.2942,5,0,0.7905,1297.6946,40.4565,0.2460,0.1065
7215,1443,23.6154,5,0,0.8883,1417.5594,54.9565,2.2894,0.1064
7220,1444,-25.9076,5,0,0.7380,1287.3501,42.9413,0.2107,0.1064
7225,1445,-20.8791,5,0,0.8074,1088.5610,48.5672,0.1974,0.1063
7230,1446,56.5879,5,0,0.7907,1170.1410,55.8309,1.4139,0.1063
7235,1447,-8.9881,5,0,0.7335,1177.0698,48.9505,0.2590,0.1062
7240,1448,-42.1301,5,0,0.7889,1189.8457,48.3371,0.2651,0.1062
7245,1449,-25.1303,5,0,0.6915,1101.0055,57.1693,0.3771,0.1061
7250,1450,-4.3897,5,0,0.7869,1171.7356,46.6598,0.2301,0.1061
7255,1451,13.0764,5,0,0.7141,1389.9135,47.6642,0.9398,0.1060
7260,1452,-9.4880,5,0,0.7859,1132.6962,50.8614,0.2230,0.1060
7265,1453,39.9850,5,0,0.8770,1225.8342,48.9926,0.1253,0.1059
7270,1454,5.7676,5,0,0.9212,1138.0193,44.4268,0.0801,0.1058
7275,1455,-32.5543,5,0,0.6096,1246.6691,48.2827,0.1932,0.1058
7280,1456,-26.3063,5,0,0.8362,1082.9944,50.5528,0.1908,0.1057
7285,1457,23.4334,5,0,0.9188,1028.1600,45.2509,2.5789,0.1057
7290,1458,45.1078,5,0,0.8239,1263.5627,58.7599,1.4408,0.1056
7295,1459,-37.0536,5,0,0.7689,1030.8457,53.0432,0.2312,0.1056
7300,1460,-4.3095,5,0,0.7102,1021.3748,50.4532,0.2681,0.1055
7305,1461,-48.7322,5,0,0.6822,1224.1257,49.4750,0.3150,0.1055
7310,1462,-25.5487,5,0,0.7378,1111.9845,52.6293,0.2647,0.1054
7315,1463,-48.6663,5,0,0.8331,1293.2882,53.7403,0.1924,0.1054
7320,1464,-15.5298,5,0,0.7187,983.9852,49.3976,0.3167,0.1053
7325,1465,-9.8625,5,0,0.8509,1395.6809,50.4043,0.1534,0.1053
7330,1466,6.7409,5,0,0.8312,1225.2633,46.6512,0.1925,0.1052
7335,1467,-21.4833,5,0,0.9087,1165.9623,50.6446,0.0880,0.1051
7340,1468,-27.6183,5,0,0.7749,1080.6332,50.4657,0.2140,0.1051
7345,1469,-10.4726,5,0,0.9365,1391.9954,49.4984,0.0681,0.1050
7350,1470,-26.2596,5,0,0.8791,1237.0386,49.6703,0.1384,0.1050
7355,1471,-37.6583,5,0,0.8855,1356.4304,46.2517,0.1114,0.1049
7360,1472,-10.2548,5,0,0.9096,1462.4502,45.5236,0.1006,0.1049
7365,1473,-10.5242,5,0,0.9512,1180.3037,46.4721,0.0597,0.1048
7370,1474,-26.6650,5,0,0.9483,1256.1437,53.2693,0.0610,0.1048
7375,1475,-16.4305,5,0,0.8475,1271.5719,46.3907,0.1333,0.1047
7380,1476,-58.9589,5,0,0.9334,1042.9948,51.6488,0.0671,0.1047
7385,1477,-53.8860,5,0,0.9438,1061.0266,55.6215,0.0572,0.1046
7390,1478,-21.6776,5,0,0.9477,1146.3434,45.6576,0.0526,0.1046
7395,1479,-26.6354,5,0,0.9336,1092.8014,47.8008,0.0610,0.1045
7400,1480,-32.6973,5,0,0.9090,1539.1292,56.3826,0.0928,0.1045
7405,1481,-21.5494,5,0,0.8512,1019.6899,46.6765,0.0640,0.1044
7410,1482,-5.8149,5,0,0.9770,1321.1777,50.3669,0.0232,0.1044
7415,1483,-37.8246,5,0,0.9543,1444.2681,53.7398,0.0465,0.1043
7420,1484,-5.7698,5,0,0.9685,1085.5459,48.2492,0.0282,0.1042
7425,1485,-26.8687,5,0,0.9744,1037.5186,51.7862,0.0254,0.1042
7430,1486,-32.8190,5,0,0.9246,1117.0852,49.3590,0.0664,0.1041
7435,1487,5.5741,5,0,0.8669,1390.7908,49.0344,0.0608,0.1041
7440,1488,-16.8506,5,0,0.9764,1125.3942,52.1546,0.0255,0.1040
7445,1489,-10.7591,5,0,0.9738,1260.9188,46.4859,0.0296,0.1040
7450,1490,-21.7293,5,0,0.9578,1292.9329,52.2439,0.0447,0.1039
7455,1491,-26.8453,5,0,0.9746,1163.6812,42.8372,0.0247,0.1039
7460,1492,-32.8232,5,0,0.9564,1244.6602,45.1260,0.0490,0.1038
7465,1493,-27.9248,5,0,0.9829,1242.0784,55.1008,0.0200,0.1038
7470,1494,-42.9337,5,0,0.9849,1477.5254,46.0817,0.0140,0.1037
7475,1495,7.0920,5,0,0.9775,1248.8870,50.1590,3.8496,0.1037
7480,1496,-5.6369,5,0,0.9462,1232.0073,48.5790,0.0484,0.1036
7485,1497,-26.7264,5,0,0.9205,1503.2252,43.0293,0.0529,0.1036
7490,1498,-10.7825,5,0,0.9693,1148.0305,47.9145,0.0291,0.1035
7495,1499,5.6280,5,0,0.9377,1345.7787,51.0680,0.0649,0.1035
7500,1500,-26.5729,5,0,0.9282,1093.2100,46.0426,0.0741,0.1034
7505,1501,-42.6288,5,0,0.9095,1102.2871,45.7271,0.1012,0.1033
7510,1502,23.4218,5,0,0.9278,1254.7136,54.8437,1.4945,0.1033
7515,1503,-26.6231,5,0,0.9392,1094.5469,42.1877,0.0599,0.1032
7520,1504,-10.6436,5,0,0.9530,1169.6880,53.2784,0.0467,0.1032
7525,1505,-75.0000,5,0,0.8403,1224.4301,50.1183,0.1595,0.1031
7530,1506,-26.6337,5,0,0.9084,1133.8202,47.9924,0.0703,0.1031
7535,1507,-42.7013,5,0,0.9105,1136.9788,42.3883,0.0942,0.1030
7540,1508,-26.5878,5,0,0.8847,1423.4629,54.6937,0.0783,0.1030
7545,1509,55.3748,5,0,0.9525,1266.3934,48.3004,3.3036,0.1029
7550,1510,-26.3991,5,0,0.8684,1233.9406,50.7776,0.1179,0.1029
7555,1511,-5.5072,5,0,0.9327,1250.7166,50.0655,0.0648,0.1028
7560,1512,17.4359,5,0,0.8816,1419.8013,52.6188,2.3113,0.1028
7565,1513,-27.7416,5,0,0.8543,1109.6733,47.5845,0.0906,0.1027
7570,1514,-26.1383,5,0,0.7999,1514.3300,55.0747,0.1450,0.1027
7575,1515,-37.4323,5,0,0.8664,1332.2952,46.0320,0.1499,0.1026
7580,1516,45.1360,5,0,0.8489,1319.4199,47.0648,1.9344,0.1026
7585,1517,-9.8771,5,0,0.8146,1194.6324,47.8868,0.1627,0.1025
7590,1518,24.6509,5,0,0.6330,1552.5822,47.9753,0.6007,0.1025
7595,1519,-15.7830,5,0,0.7982,1327.9156,51.7875,0.2095,0.1024
7600,1520,-9.6899,5,0,0.8228,1043.4952,50.3496,0.1802,0.1024
7605,1521,24.4048,5,0,0.7430,1158.8461,48.7989,0.9210,0.1023
7610,1522,7.0446,5,0,0.7955,1221.7747,55.6910,0.2288,0.1023
7615,1523,-42.0019,5,0,0.6737,1205.8025,57.4588,0.3585,0.1022
7620,1524,6.2523,5,0,0.8509,1304.3715,52.6412,0.1344,0.1021
7625,1525,-58.7018,5,0,0.8369,1264.7660,48.3269,0.1741,0.1021
7630,1526,-20.6518,5,0,0.7983,1434.3613,58.8298,0.2522,0.1020
7635,1527,-26.3030,5,0,0.8916,1167.4537,50.4880,0.1181,0.1020
7640,1528,-10.1533,5,0,0.8869,1332.3877,52.8739,0.1135,0.1019
7645,1529,-42.6295,5,0,0.8964,1201.2234,49.2010,0.1123,0.1019
7650,1530,6.0715,5,0,0.8784,1289.8501,47.5048,0.1134,0.1018
7655,1531,5.6218,5,0,0.9299,1517.2562,45.9838,0.0642,0.1018
7660,1532,-42.6183,5,0,0.9058,1014.8051,53.9041,0.0924,0.1017
7665,1533,-42.7608,5,0,0.9362,1023.1179,48.8431,0.0647,0.1017
7670,1534,-10.4699,5,0,0.9357,1248.5406,45.4860,0.0645,0.1016
7675,1535,-42.7315,5,0,0.9337,1235.0315,45.2825,0.0671,0.1016
7680,1536,-37.7321,5,0,0.9294,1276.1448,48.7254,0.0715,0.1015
7685,1537,-32.7033,5,0,0.8987,1207.7794,51.5297,0.0854,0.1015
7690,1538,44.5551,5,0,0.9212,1317.1218,44.1738,2.6542,0.1014
7695,1539,-58.8282,5,0,0.8559,1151.9011,50.7369,0.0853,0.1014
7700,1540,-58.8967,5,0,0.9184,1307.5327,53.5751,0.0628,0.1013
7705,1541,-16.4219,5,0,0.8934,1090.5789,41.2303,0.1038,0.1013
7710,1542,-21.5164,5,0,0.9160,1334.2657,57.4252,0.0801,0.1012
7715,1543,-58.8363,5,0,0.9181,1472.8693,51.2606,0.0828,0.1012
7720,1544,-42.7241,5,0,0.9357,1156.8016,45.8261,0.0675,0.1011
7725,1545,5.9889,5,0,0.8689,1127.3973,54.7941,0.1046,0.1011
7730,1546,-10.1578,5,0,0.8157,1039.0774,35.5645,0.1298,0.1010
7735,1547,-37.4231,5,0,0.8727,1400.3116,48.3083,0.1557,0.1010
7740,1548,-53.8433,5,0,0.8972,1277.0306,51.5511,0.0872,0.1009
7745,1549,-10.5563,5,0,0.9472,1297.1897,44.8176,0.0571,0.1009
7750,1550,-42.8472,5,0,0.9527,1537.1904,44.7537,0.0434,0.1008
7755,1551,5.4411,5,0,0.9517,1175.9355,52.3442,0.0451,0.1008
7760,1552,-21.5954,5,0,0.9264,1539.7158,48.0003,0.0707,0.1007
7765,1553,12.2489,5,0,0.9038,1404.6241,52.6157,0.0835,0.1007
7770,1554,-10.5219,5,0,0.9209,1386.5282,41.3814,0.0582,0.1006
7775,1555,-26.7668,5,0,0.9516,1340.4012,49.5567,0.0388,0.1006
7780,1556,-53.9461,5,0,0.9696,1149.5267,51.7383,0.0306,0.1005
7785,1557,-5.6565,5,0,0.9540,1169.8406,55.7717,0.0443,0.1005
7790,1558,-10.6506,5,0,0.9489,1486.1050,42.2432,0.0462,0.1004
7795,1559,-26.6965,5,0,0.9496,1380.6680,46.8518,0.0513,0.1003
7800,1560,-53.7792,5,0,0.9192,1289.4548,57.4184,0.0734,0.1003
7805,1561,-21.7548,5,0,0.9496,1223.2390,47.8127,0.0466,0.1002
7810,1562,-53.9468,5,0,0.9734,1298.3958,51.3615,0.0253,0.1002
7815,1563,-16.8590,5,0,0.9715,1195.4688,45.5473,0.0258,0.1001
7820,1564,23.2732,5,0,0.9494,1355.0745,40.9407,0.6326,0.1001
7825,1565,-37.8556,5,0,0.9589,1122.2224,41.7533,0.0320,0.1000
7830,1566,-53.9329,5,0,0.9516,1091.2144,48.0933,0.0494,0.1000
7835,1567,-21.8311,5,0,0.9685,1209.1702,40.3865,0.0301,0.0999
7840,1568,-10.6389,5,0,0.9615,1247.9697,47.6596,0.0460,0.0999
7845,1569,-42.7741,5,0,0.9442,1471.9343,50.8627,0.0576,0.0998
7850,1570,-10.6392,5,0,0.9150,1134.3971,52.7055,0.0547,0.0998
7855,1571,-42.8475,5,0,0.9625,1276.0366,45.8081,0.0397,0.0997
7860,1572,-10.7371,5,0,0.9700,1268.9998,53.9095,0.0348,0.0997
7865,1573,-5.8586,5,0,0.9808,1068.0439,44.3683,0.0181,0.0996
7870,1574,-21.8477,5,0,0.9700,1249.0320,52.2575,0.0276,0.0996
7875,1575,55.4632,5,0,0.9433,1157.0769,46.3982,3.1343,0.0995
7880,1576,-26.8130,5,0,0.9663,1224.2875,44.3262,0.0309,0.0995
7885,1577,-58.8926,5,0,0.9498,1277.0330,50.6198,0.0512,0.0994
7890,1578,-10.6356,5,0,0.9475,1172.1147,48.0511,0.0481,0.0994
7895,1579,-58.9186,5,0,0.9490,1018.9045,45.4521,0.6268,0.0993
7900,1580,-42.8347,5,0,0.9526,1379.0955,43.6412,0.0458,0.0993
7905,1581,-26.5560,5,0,0.8995,1476.2751,47.9459,0.0842,0.0992
7910,1582,44.4008,5,0,0.9462,1310.2030,42.7133,0.6247,0.0992
7915,1583,-37.7876,5,0,0.9471,1275.9540,37.1884,0.0543,0.0991
7920,1584,-5.5338,5,0,0.9408,1580.0957,57.0705,0.0582,0.0991
7925,1585,-75.0000,5,0,0.9585,1757.4368,48.4172,0.0381,0.0990
7930,1586,-21.6025,5,0,0.9336,1387.8984,48.5304,0.0695,0.0990
7935,1587,39.6253,5,0,0.9087,1342.2355,51.7638,2.6125,0.0989
7940,1588,-65.0000,5,0,0.9039,1424.2644,43.1948,0.0949,0.0989
7945,1589,-26.5080,5,0,0.8992,1220.2832,47.0965,0.0710,0.0988
7950,1590,55.8847,5,0,0.9032,1380.4464,47.9535,1.3990,0.0988
7955,1591,-42.6455,5,0,0.8965,1224.5216,51.3968,0.1035,0.0987
7960,1592,-42.6169,5,0,0.8332,1222.1680,49.4114,0.1170,0.0987
7965,1593,-32.5986,5,0,0.8934,1256.1709,51.3286,0.0987,0.0986
7970,1594,-37.5058,5,0,0.8745,1294.8000,47.5615,0.1193,0.0986
7975,1595,-53.7774,5,0,0.8887,1344.3762,54.7289,0.1229,0.0985
7980,1596,-4.9197,5,0,0.8411,1188.5461,50.6468,0.1510,0.0985
7985,1597,-9.8921,5,0,0.8634,1434.0359,46.1326,0.1453,0.0984
7990,1598,-21.4598,5,0,0.8992,1694.8311,52.7030,0.0969,0.0984
7995,1599,-21.3734,5,0,0.8955,1275.8757,45.9708,0.1113,0.0983
8000,1600,-26.3004,5,0,0.8642,1169.6967,50.6331,0.1046,0.0983
8005,1601,-3.8086,5,0,0.9087,1202.7631,58.7035,0.9901,0.0982
8010,1602,44.6368,5,0,0.8987,1090.6196,44.7803,1.9678,0.0982
8015,1603,-53.8264,5,0,0.8708,1223.6248,48.7126,0.1026,0.0981
8020,1604,-4.6965,5,0,0.8055,1344.9252,39.8762,0.1863,0.0981
8025,1605,-58.5799,5,0,0.7899,1172.6338,50.3064,0.2179,0.0980
8030,1606,-16.4760,5,0,0.8996,1203.5554,47.2293,0.1005,0.0980
8035,1607,-21.3474,5,0,0.8887,1504.6840,50.5307,0.1141,0.0979
8040,1608,7.6299,5,0,0.8493,1478.5149,48.7880,0.8187,0.0979
8045,1609,6.2428,5,0,0.8716,1312.7036,46.3248,0.1327,0.0978
8050,1610,40.0918,5,0,0.8348,1441.7285,50.7096,1.1271,0.0978
8055,1611,-75.0000,5,0,0.8069,1489.0638,44.2990,0.2098,0.0977
8060,1612,-10.0564,5,0,0.8852,1470.4282,47.7900,0.1246,0.0977
8065,1613,-10.3681,5,0,0.9227,1301.6313,44.2566,0.0803,0.0976
8070,1614,-10.3901,5,0,0.9222,1414.9900,44.8518,0.0762,0.0976
8075,1615,5.8316,5,0,0.9153,1341.0522,49.9267,0.0868,0.0975
8080,1616,40.3089,5,0,0.8563,1289.9436,35.5919,1.9606,0.0975
8085,1617,-37.3844,5,0,0.8254,1335.3857,46.6252,0.1574,0.0974
8090,1618,-42.2490,5,0,0.8165,1122.0010,56.9018,0.2155,0.0974
8095,1619,23.6038,5,0,0.8115,1420.0488,49.4371,0.3860,0.0973
8100,1620,-26.2695,5,0,0.8769,1321.3279,42.3583,0.1299,0.0973
8105,1621,-58.8685,5,0,0.8542,1353.2737,46.3849,0.1289,0.0972
8110,1622,-9.6260,5,0,0.8408,1392.7462,43.8307,0.1866,0.0972
8115,1623,7.2674,5,0,0.7848,1558.7620,48.8689,0.2576,0.0971
8120,1624,28.3401,5,0,0.9265,1168.7764,45.4330,2.8500,0.0971
8125,1625,-10.4681,5,0,0.9188,1443.4666,46.2557,0.0721,0.0970
8130,1626,-9.9146,5,0,0.8462,1410.7058,51.5208,0.1370,0.0970
8135,1627,-70.0000,5,0,0.8498,1288.5332,44.6396,0.1603,0.0970
8140,1628,-75.0000,5,0,0.8350,1290.0339,48.1282,0.1644,0.0969
8145,1629,39.6759,5,0,0.9174,1349.3367,43.0129,0.0863,0.0969
8150,1630,-48.7736,5,0,0.8824,1353.2405,50.1101,0.1168,0.0968
8155,1631,-25.9348,5,0,0.8431,1512.1228,58.0450,0.1899,0.0968
8160,1632,-9.6779,5,0,0.8369,1429.1754,42.9000,0.1746,0.0967
8165,1633,-21.3275,5,0,0.8892,1425.8206,41.8927,0.1280,0.0967
8170,1634,12.3101,5,0,0.8079,1487.3624,45.8249,0.6930,0.0966
8175,1635,-5.3664,5,0,0.9102,1410.6364,50.4796,0.0844,0.0966
8180,1636,-16.5183,5,0,0.8992,1235.1387,49.1275,0.0766,0.0965
8185,1637,-5.1963,5,0,0.8859,1246.5300,42.0257,0.1109,0.0965
8190,1638,-26.6362,5,0,0.9354,1104.7432,48.0191,0.0622,0.0964
8195,1639,-26.5422,5,0,0.9210,1223.9091,48.3798,0.0817,0.0964
8200,1640,-16.4080,5,0,0.9007,1403.6316,46.6250,0.1053,0.0963
8205,1641,-10.5683,5,0,0.9397,1283.0035,53.3654,0.0539,0.0963
8210,1642,-42.7816,5,0,0.9426,1365.9929,41.6369,0.0562,0.0962
8215,1643,-37.7500,5,0,0.9433,1270.9778,47.5349,0.0585,0.0962
8220,1644,-42.8154,5,0,0.9494,1347.0442,46.5295,0.0453,0.0961
8225,1645,-42.6243,5,0,0.9154,1212.7312,44.8362,0.0885,0.0961
8230,1646,-10.4004,5,0,0.9195,1185.0209,48.7500,0.0803,0.0960
8235,1647,-42.7633,5,0,0.9445,1513.7806,43.4878,0.0591,0.0960
8240,1648,5.4818,5,0,0.9392,1652.9919,44.2524,0.0494,0.0959
8245,1649,-10.6541,5,0,0.9542,1028.5625,57.2821,0.0473,0.0959
8250,1650,-10.3115,5,0,0.9130,1332.0161,46.8789,0.0847,0.0958
8255,1651,55.3454,5,0,0.9534,1244.0664,42.1408,0.0352,0.0958
8260,1652,-26.8216,5,0,0.9595,1394.9084,47.7123,0.0278,0.0957
8265,1653,-21.7177,5,0,0.9529,1306.8688,43.1978,0.0480,0.0957
8270,1654,-5.2398,5,0,0.8898,1430.4420,42.3936,0.1098,0.0956
8275,1655,-48.9669,5,0,0.9363,1552.3044,46.3542,0.0296,0.0956
8280,1656,-5.6398,5,0,0.9593,1666.3540,48.8813,0.0450,0.0955
8285,1657,-37.8950,5,0,0.9569,1240.6079,48.0275,0.0344,0.0955
8290,1658,5.5092,5,0,0.9301,1536.4880,47.5811,0.0524,0.0954
8295,1659,-37.8551,5,0,0.9431,1339.3923,39.8181,0.0459,0.0954
8300,1660,39.2340,5,0,0.9679,1720.1544,52.2500,2.7733,0.0953
8305,1661,-10.7455,5,0,0.9635,1131.9556,44.7366,0.0317,0.0953
8310,1662,-32.8124,5,0,0.9441,1299.2302,46.8189,0.0543,0.0952
8315,1663,55.7000,5,0,0.9099,1446.2749,47.3207,0.5353,0.0952
8320,1664,-10.2453,5,0,0.8935,1258.3593,57.6938,0.1059,0.0952
8325,1665,-5.7130,5,0,0.9595,1354.3728,43.6916,0.0369,0.0951
8330,1666,-26.6789,5,0,0.9452,1473.3086,41.5828,0.0540,0.0951
8335,1667,-16.4881,5,0,0.9128,1331.9554,41.9833,0.0908,0.0950
8340,1668,-5.6001,5,0,0.9375,1354.5979,53.4258,0.0499,0.0950
8345,1669,39.5947,5,0,0.9184,1504.4392,52.2627,0.5631,0.0949
8350,1670,23.2401,5,0,0.9522,1249.7823,42.6595,1.2381,0.0949
8355,1671,-5.7186,5,0,0.9610,1127.4088,41.6068,0.0371,0.0948
8360,1672,-37.8258,5,0,0.9517,1112.7048,44.1881,0.0452,0.0948
8365,1673,-42.7900,5,0,0.9480,1395.2126,47.6600,0.0489,0.0947
8370,1674,-16.7482,5,0,0.9560,1508.6418,48.8961,0.0390,0.0947
8375,1675,5.5047,5,0,0.9504,1264.7866,49.2328,0.0518,0.0946
8380,1676,-26.5473,5,0,0.9230,1379.2148,47.2619,0.0787,0.0946
8385,1677,-10.6180,5,0,0.9469,1352.2120,43.7685,0.0492,0.0945
8390,1678,-21.5948,5,0,0.9276,1332.6934,44.6983,0.0721,0.0945
8395,1679,23.7315,5,0,0.8444,1158.8604,54.2847,0.8451,0.0944
8400,1680,5.5037,5,0,0.9319,1230.8704,44.9177,0.0517,0.0944
8405,1681,-21.7615,5,0,0.9541,1055.7261,46.4489,0.0450,0.0943
8410,1682,-5.5456,5,0,0.9427,1552.9464,43.4866,0.0590,0.0943
8415,1683,-48.7503,5,0,0.8947,1442.8103,47.0665,0.0994,0.0942
8420,1684,-58.9083,5,0,0.9382,1311.3213,45.2784,0.0594,0.0942
8425,1685,-26.8217,5,0,0.9625,1301.2632,52.4380,0.0341,0.0941
8430,1686,5.9392,5,0,0.8524,1375.0414,50.9902,0.0996,0.0941
8435,1687,5.3775,5,0,0.9603,1425.7075,46.6562,0.0385,0.0941
8440,1688,5.5326,5,0,0.9430,1572.5404,51.1823,0.0549,0.0940
8445,1689,-10.6868,5,0,0.9459,1103.8542,41.6699,0.0431,0.0940
8450,1690,23.4296,5,0,0.9296,1276.7722,54.1268,2.1325,0.0939
8455,1691,-42.7766,5,0,0.9405,1679.5337,45.7320,0.0578,0.0939
8460,1692,-26.5870,5,0,0.9185,1423.7603,46.4422,0.0663,0.0938
8465,1693,-75.0000,5,0,0.9226,1263.4424,46.0023,0.0717,0.0938
8470,1694,-58.9169,5,0,0.9624,1170.4397,50.0116,0.0370,0.0937
8475,1695,-26.7275,5,0,0.9536,1212.4944,41.6796,0.0427,0.0937
8480,1696,-42.7735,5,0,0.9503,1239.0999,46.0780,0.0536,0.0936
8485,1697,5.5125,5,0,0.9459,1510.5988,49.4220,0.0526,0.0936
8490,1698,-21.6917,5,0,0.9367,1602.2689,38.6052,0.0548,0.0935
8495,1699,-42.6063,5,0,0.9274,1483.4185,45.8592,0.0988,0.0935
8500,1700,5.9801,5,0,0.8801,1467.9265,45.3471,0.1039,0.0934
8505,1701,5.6169,5,0,0.9164,1560.6345,52.1993,0.0638,0.0934
8510,1702,-65.0000,5,0,0.9511,1437.9904,46.7739,1.8477,0.0933
8515,1703,-5.5799,5,0,0.9418,1104.5598,45.6127,0.0552,0.0933
8520,1704,-42.7049,5,0,0.8976,1338.9341,44.7507,0.0974,0.0932
8525,1705,-21.7633,5,0,0.9602,1314.0262,43.2137,0.0411,0.0932
8530,1706,-42.8092,5,0,0.9441,1339.3794,46.0942,0.0497,0.0932
8535,1707,-10.5471,5,0,0.9404,1308.9730,50.8842,0.0573,0.0931
8540,1708,5.7987,5,0,0.9151,1457.5750,43.4921,0.0833,0.0931
8545,1709,55.8089,5,0,0.8924,1362.0220,36.7001,2.5864,0.0930
8550,1710,-26.5969,5,0,0.9238,1864.1024,58.6764,0.0753,0.0930
8555,1711,-10.6961,5,0,0.9541,1197.4084,45.2152,0.0374,0.0929
8560,1712,-21.6650,5,0,0.9404,1256.3563,45.7909,0.0609,0.0929
8565,1713,-53.6335,5,0,0.8168,1149.0507,49.0225,0.1703,0.0928
8570,1714,-26.5853,5,0,0.9349,1201.3372,52.6990,0.0699,0.0928
8575,1715,-10.4122,5,0,0.9274,1045.2792,47.4709,0.0748,0.0927
8580,1716,39.6443,5,0,0.9152,1265.0896,46.9914,0.0878,0.0927
8585,1717,-42.6942,5,0,0.9324,1516.8228,48.0717,0.0759,0.0926
8590,1718,-26.7164,5,0,0.9513,1503.5709,47.8396,0.0466,0.0926
8595,1719,-42.8538,5,0,0.9586,1433.7496,42.6675,0.0388,0.0925
8600,1720,5.4749,5,0,0.9427,1238.6018,45.6747,0.0487,0.0925
8605,1721,44.3520,5,0,0.9478,1343.1958,43.0838,3.1099,0.0925
8610,1722,-26.5065,5,0,0.8987,1303.8167,48.3474,0.0714,0.0924
8615,1723,-26.5452,5,0,0.8843,1258.9016,55.0087,0.0947,0.0924
8620,1724,-32.4498,5,0,0.8491,1205.0903,48.3951,0.1535,0.0923
8625,1725,-42.5246,5,0,0.8693,1371.3809,51.0619,0.1132,0.0923
8630,1726,22.3654,5,0,0.8423,1274.2156,54.6372,2.1190,0.0922
8635,1727,-42.6144,5,0,0.8501,1441.6619,43.2293,0.1368,0.0922
8640,1728,-9.9930,5,0,0.8660,1351.5974,51.1673,0.1276,0.0921
8645,1729,6.7521,5,0,0.8105,1387.8079,41.5383,0.1943,0.0921
8650,1730,-26.1362,5,0,0.8125,1491.2070,48.5398,0.1538,0.0920
8655,1731,-26.3566,5,0,0.8948,1174.6377,45.2262,0.1150,0.0920
8660,1732,-25.8279,5,0,0.8044,1518.1730,41.5976,0.2117,0.0919
8665,1733,23.4560,5,0,0.9213,1537.3259,58.3917,0.0802,0.0919
8670,1734,-4.9019,5,0,0.8467,1156.8794,51.4952,0.1415,0.0918
8675,1735,-48.8182,5,0,0.8945,1283.4692,43.8318,0.1003,0.0918
8680,1736,-26.6010,5,0,0.9159,1301.8218,46.8268,0.0767,0.0918
8685,1737,-37.8103,5,0,0.9232,1331.4553,44.7751,0.0704,0.0917
8690,1738,-37.6144,5,0,0.8719,1265.4851,49.3885,0.1185,0.0917
8695,1739,-26.6132,5,0,0.9383,1410.8242,46.4940,0.0658,0.0916
8700,1740,-21.4754,5,0,0.9127,1348.9385,44.6602,0.0896,0.0916
8705,1741,-16.7535,5,0,0.9511,1494.4791,54.1155,0.0448,0.0915
8710,1742,-37.6872,5,0,0.9291,1412.1543,50.0075,0.0799,0.0915
8715,1743,33.5306,5,0,0.8989,1208.0437,48.0118,0.5390,0.0914
8720,1744,39.6460,5,0,0.9174,1204.0972,45.1788,1.5169,0.0914
8725,1745,39.8063,5,0,0.8752,1431.0210,53.9830,0.5044,0.0913
8730,1746,-58.7711,5,0,0.8856,1251.7711,46.1532,0.0738,0.0913
8735,1747,-58.8211,5,0,0.9151,1464.8130,43.8285,0.0767,0.0912
8740,1748,-42.5472,5,0,0.8555,1525.8008,47.9108,0.1224,0.0912
8745,1749,-26.3439,5,0,0.8687,1403.8333,45.9620,0.1259,0.0912
8750,1750,-42.4941,5,0,0.8817,1274.5818,45.6321,0.1124,0.0911
8755,1751,-21.4729,5,0,0.8758,1117.1188,45.8117,0.0965,0.0911
8760,1752,-16.5308,5,0,0.9167,1333.6799,46.5926,0.0905,0.0910
8765,1753,-42.7066,5,0,0.9263,1171.0222,44.5022,0.0726,0.0910
8770,1754,-5.3916,5,0,0.9289,1334.1748,50.7432,0.0705,0.0909
8775,1755,-21.5652,5,0,0.9239,1331.5350,48.7135,0.0773,0.0909
8780,1756,55.4245,5,0,0.9420,1318.1046,50.0734,3.1850,0.0908
8785,1757,5.5738,5,0,0.9321,1608.0798,50.0529,0.0591,0.0908
8790,1758,-37.6644,5,0,0.9186,1291.9579,47.9103,0.0883,0.0907
8795,1759,-5.0064,5,0,0.8584,1231.4065,48.6535,0.1368,0.0907
8800,1760,-58.6871,5,0,0.8435,1157.0339,43.6358,0.1610,0.0907
8805,1761,-5.2794,5,0,0.9078,1294.7671,55.7574,0.0950,0.0906
8810,1762,-10.4672,5,0,0.9259,1221.6682,47.9836,0.0649,0.0906
8815,1763,-53.8312,5,0,0.9156,1129.8242,44.5257,0.0767,0.0905
8820,1764,-48.8500,5,0,0.9122,1514.5781,52.4539,0.0906,0.0905
8825,1765,-42.7022,5,0,0.9238,1190.6382,46.7762,0.0812,0.0904
8830,1766,-5.5240,5,0,0.9127,1241.0366,50.8797,0.0604,0.0904
8835,1767,-65.0000,5,0,0.9591,1424.3740,53.6482,0.0370,0.0903
8840,1768,-42.6898,5,0,0.9260,1279.6650,42.5966,0.0752,0.0903
8845,1769,-58.9150,5,0,0.9569,1577.4923,43.0668,0.0420,0.0902
8850,1770,-37.7982,5,0,0.9480,1351.1714,55.0425,0.0476,0.0902
8855,1771,12.3976,5,0,0.8395,1382.1124,42.8717,0.7381,0.0902
8860,1772,-26.6450,5,0,0.9435,1107.4141,51.1199,0.0580,0.0901
8865,1773,-10.5735,5,0,0.9382,1343.4832,53.9626,0.0566,0.0901
8870,1774,-75.0000,5,0,0.9062,1484.4075,49.2828,0.0859,0.0900
8875,1775,-37.8599,5,0,0.9595,1221.4917,49.1881,0.0385,0.0900
8880,1776,-10.4409,5,0,0.9185,1375.8557,47.2745,0.0755,0.0899
8885,1777,23.2619,5,0,0.9369,1394.7295,47.8020,0.5814,0.0899
8890,1778,-10.5981,5,0,0.9502,1191.2052,54.7747,0.0515,0.0898
8895,1779,23.4032,5,0,0.9041,1348.0439,43.5204,0.5122,0.0898
8900,1780,-27.7983,5,0,0.9396,1367.2495,54.7623,0.0552,0.0897
8905,1781,-32.8684,5,0,0.9411,1171.6044,46.8603,0.0505,0.0897
8910,1782,-5.5384,5,0,0.8870,1313.7539,43.8379,0.0717,0.0897
8915,1783,55.4719,5,0,0.9585,1137.7058,50.6563,1.3005,0.0896
8920,1784,-53.9486,5,0,0.9581,1441.6770,48.6158,0.0364,0.0896
8925,1785,-42.7580,5,0,0.9074,1449.2419,59.7219,0.0708,0.0895
8930,1786,-37.8065,5,0,0.9383,1312.0609,34.3001,0.0509,0.0895
8935,1787,-26.7020,5,0,0.9478,1423.3552,56.2476,0.0527,0.0894
8940,1788,5.4467,5,0,0.9548,1402.2711,54.9282,0.0457,0.0894
8945,1789,-26.6530,5,0,0.9398,1346.0118,47.4284,0.0667,0.0893
8950,1790,-10.5325,5,0,0.9410,1336.0741,47.0569,0.0569,0.0893
8955,1791,-21.7641,5,0,0.9236,1296.5066,52.4271,0.0510,0.0892
8960,1792,-10.3524,5,0,0.9148,1235.1270,51.9131,0.0854,0.0892
8965,1793,22.3003,5,0,0.8910,1260.3079,48.6747,0.5014,0.0892
8970,1794,-42.8492,5,0,0.9597,1248.9749,49.8444,0.0384,0.0891
8975,1795,-5.5770,5,0,0.9460,1146.2583,48.2582,0.0552,0.0891
8980,1796,39.3768,5,0,0.9347,1148.2078,48.9966,1.0948,0.0890
8985,1797,44.3556,5,0,0.9412,1105.0994,47.5874,2.3701,0.0890
8990,1798,-42.4262,5,0,0.8491,1329.9274,53.2935,0.1415,0.0889
8995,1799,-42.7176,5,0,0.9306,1333.1011,46.8047,0.0710,0.0889
9000,1800,5.9571,5,0,0.8993,1400.5079,43.9695,0.1007,0.0888
9005,1801,-42.6970,5,0,0.9176,1200.3245,50.9978,0.0809,0.0888
9010,1802,-21.3829,5,0,0.8843,1377.6890,50.0448,0.1041,0.0888
9015,1803,-42.6271,5,0,0.9055,1390.0524,46.0192,0.0994,0.0887
9020,1804,-10.4662,5,0,0.9256,1356.3311,47.9968,0.0664,0.0887
9025,1805,7.2693,5,0,0.9068,1532.4915,52.7600,1.9046,0.0886
9030,1806,-26.7285,5,0,0.9294,1250.2343,48.7917,0.0522,0.0886
9035,1807,-42.7323,5,0,0.9283,1220.1040,48.5388,0.0680,0.0885
9040,1808,-21.5576,5,0,0.9184,1201.9379,48.0485,0.0680,0.0885
9045,1809,-5.5434,5,0,0.9389,1064.0046,47.0694,0.0597,0.0884
9050,1810,-10.2562,5,0,0.9141,1567.8079,47.5034,0.0951,0.0884
9055,1811,-21.7146,5,0,0.9498,1261.3665,53.0879,0.0504,0.0884
9060,1812,-21.5791,5,0,0.9380,1237.3889,54.1662,0.0658,0.0883
9065,1813,-21.3627,5,0,0.9035,1284.3743,45.0627,0.1113,0.0883
9070,1814,5.7861,5,0,0.9199,1576.3240,54.7264,0.0819,0.0882
9075,1815,-21.4576,5,0,0.9020,1141.0616,51.0355,0.0999,0.0882
9080,1816,-37.6130,5,0,0.8640,1157.9814,49.0827,0.1163,0.0881
9085,1817,-10.5767,5,0,0.9443,1242.7128,48.4179,0.0543,0.0881
9090,1818,-16.5827,5,0,0.9345,1502.9490,53.3473,0.0758,0.0880
9095,1819,-9.8558,5,0,0.8139,1374.1776,50.6846,0.1410,0.0880
9100,1820,-37.6802,5,0,0.8933,1160.9854,52.4174,0.0918,0.0880
9105,1821,5.8018,5,0,0.9319,1384.4119,53.0589,0.0837,0.0879
9110,1822,-42.9092,5,0,0.9743,1080.8644,50.4185,0.0256,0.0879
9115,1823,39.5745,5,0,0.9320,1258.4382,51.3727,1.5859,0.0878
9120,1824,-42.8751,5,0,0.9244,1140.7903,46.1356,0.0419,0.0878
9125,1825,-10.7618,5,0,0.9642,1278.7891,46.8552,0.0285,0.0877
9130,1826,-21.7572,5,0,0.9630,1261.9630,44.2633,0.0364,0.0877
9135,1827,-5.6726,5,0,0.9571,1169.8746,49.2233,0.0414,0.0877
9140,1828,-10.4819,5,0,0.9462,1259.3110,45.5954,0.0646,0.0876
9145,1829,-10.2706,5,0,0.9152,1292.4353,51.6311,0.0933,0.0876
9150,1830,-58.8716,5,0,0.9233,1218.1196,45.0893,0.0700,0.0875
9155,1831,-70.0000,5,0,0.9778,1175.2563,45.0160,0.0200,0.0875
9160,1832,-42.8553,5,0,0.9578,1207.2079,43.5829,0.0409,0.0874
9165,1833,-26.7108,5,0,0.9084,1275.5034,48.7206,0.0583,0.0874
9170,1834,23.3164,5,0,0.9293,1387.5413,48.6282,1.0652,0.0873
9175,1835,-70.0000,5,0,0.9229,1339.3633,54.3983,0.0601,0.0873
9180,1836,55.7323,5,0,0.9128,1257.3562,47.1643,0.5461,0.0873
9185,1837,-37.8674,5,0,0.9648,1155.8508,46.9796,0.0358,0.0872
9190,1838,-53.8689,5,0,0.9189,1312.5769,50.7242,0.0734,0.0872
9195,1839,28.7253,5,0,0.8455,1194.4105,45.9598,2.0359,0.0871
9200,1840,44.9871,5,0,0.8482,1328.0455,54.5200,1.5692,0.0871
9205,1841,-21.2162,5,0,0.8678,1299.2831,49.5029,0.1269,0.0870
9210,1842,-75.0000,5,0,0.7204,1586.5795,43.3311,0.2328,0.0870
9215,1843,44.6209,5,0,0.8604,1373.8049,51.5268,0.4410,0.0869
9220,1844,40.2084,5,0,0.8414,1429.0002,51.5215,0.7919,0.0869
9225,1845,-9.2643,5,0,0.7559,1180.1382,46.4603,0.2272,0.0869
9230,1846,-16.2541,5,0,0.8767,1259.7869,43.3585,0.1347,0.0868
9235,1847,6.1629,5,0,0.8919,1211.0317,55.3949,0.1238,0.0868
9240,1848,-42.7593,5,0,0.9499,1174.6169,49.2399,0.0635,0.0867
9245,1849,-37.3449,5,0,0.7896,1297.1807,52.9285,0.1934,0.0867
9250,1850,-26.2947,5,0,0.8716,1404.3660,50.0345,0.1319,0.0866
9255,1851,7.1442,5,0,0.8092,1380.8685,57.0545,0.2416,0.0866
9260,1852,-4.0625,5,0,0.7723,1325.5701,54.7841,0.2738,0.0866
9265,1853,5.2830,5,0,0.9697,1273.2732,51.4402,0.0287,0.0865
9270,1854,-26.4539,5,0,0.8986,1229.4568,44.1738,0.1126,0.0865
9275,1855,-32.9178,5,0,0.9085,1168.9152,51.3906,0.0384,0.0864
9280,1856,-5.4504,5,0,0.9044,1317.3981,49.9166,0.0851,0.0864
9285,1857,-10.4078,5,0,0.9299,1494.1389,44.1362,0.0780,0.0863
9290,1858,-27.4539,5,0,0.8318,1261.5282,53.9302,0.1158,0.0863
9295,1859,-21.8911,5,0,0.9815,1352.9677,48.4959,0.0182,0.0863
9300,1860,-53.9546,5,0,0.9689,1242.3384,52.8476,0.0320,0.0862
9305,1861,-26.7200,5,0,0.9612,1373.3531,54.6663,0.0440,0.0862
9310,1862,-21.4630,5,0,0.9144,1204.8535,46.3760,0.0928,0.0861
9315,1863,55.1737,5,0,0.9802,1277.1196,47.2842,4.0594,0.0861
9320,1864,17.2878,5,0,0.9373,1150.7825,49.4032,2.7464,0.0860
9325,1865,-65.0000,5,0,0.6867,1369.4526,44.2102,0.3340,0.0860
9330,1866,-70.0000,5,0,0.8697,1078.5852,48.2301,1.2607,0.0860
9335,1867,-58.7848,5,0,0.8002,1402.5648,54.2386,0.1262,0.0859
9340,1868,-26.0240,5,0,0.8412,1629.0179,50.4049,0.1740,0.0859
9345,1869,33.5676,5,0,0.8799,1455.0366,50.3569,2.3311,0.0858
9350,1870,34.0670,5,0,0.7972,1292.6981,52.9066,1.7467,0.0858
9355,1871,-75.0000,5,0,0.6697,1389.3206,51.4964,0.3541,0.0857
9360,1872,-31.4495,5,0,0.5352,1313.3364,46.8593,0.4073,0.0857
9365,1873,-58.4616,5,0,0.7476,1269.7615,51.1821,0.3028,0.0857
9370,1874,-43.2289,5,0,0.6430,1166.5752,55.8214,0.3675,0.0856
9375,1875,-37.3299,5,0,0.8310,1376.6169,48.3610,0.1780,0.0856
9380,1876,-9.8456,5,0,0.8428,1083.1921,50.6612,0.1586,0.0855
9385,1877,-20.8249,5,0,0.7710,1228.7002,48.5383,0.2180,0.0855
9390,1878,-4.3710,5,0,0.7531,1308.4512,47.5473,0.2224,0.0854
9395,1879,-42.3363,5,0,0.6447,1220.5417,46.2910,0.3808,0.0854
9400,1880,-16.2159,5,0,0.8643,1161.8547,57.4337,0.1462,0.0854
9405,1881,-21.3625,5,0,0.8767,1382.9829,53.3246,0.1213,0.0853
9410,1882,-58.4506,5,0,0.7253,1236.0956,39.0176,0.2993,0.0853
9415,1883,-37.3785,5,0,0.8484,1215.5742,45.4779,0.1643,0.0852
9420,1884,-26.3196,5,0,0.8885,1256.4292,47.1544,0.1228,0.0852
9425,1885,45.1169,5,0,0.7770,1186.9448,50.3767,0.6654,0.0851
9430,1886,56.6095,5,0,0.8304,1183.2042,53.1712,1.4138,0.0851
9435,1887,-21.2546,5,0,0.8638,1292.3029,45.7075,0.1401,0.0851
9440,1888,-42.4604,5,0,0.8554,1234.2219,54.6180,0.1463,0.0850
9445,1889,-26.1924,5,0,0.8669,1269.1208,48.5901,0.1373,0.0850
9450,1890,-10.0295,5,0,0.8721,1319.3625,48.3945,0.1308,0.0849
9455,1891,6.3263,5,0,0.8245,1051.8813,51.7170,0.1447,0.0849
9460,1892,-10.2496,5,0,0.9075,1101.2776,50.5891,0.0978,0.0848
9465,1893,39.9866,5,0,0.8531,1101.6511,44.3287,1.1189,0.0848
9470,1894,-9.4559,5,0,0.8215,1510.6860,51.8786,0.2123,0.0848
9475,1895,-42.2169,5,0,0.7890,1403.0881,53.7325,0.2388,0.0847
9480,1896,5.9247,5,0,0.9069,1189.6765,55.2523,0.0970,0.0847
9485,1897,-26.6384,5,0,0.9337,1384.4902,47.6885,0.0652,0.0846
9490,1898,-9.9576,5,0,0.8709,1454.4392,54.2214,0.1412,0.0846
9495,1899,55.6990,5,0,0.9173,1099.6425,55.0672,2.6691,0.0845
9500,1900,-75.0000,5,0,0.8545,1312.8324,54.8821,0.1303,0.0845
9505,1901,-42.5062,5,0,0.8807,1169.5654,51.2341,0.1116,0.0845
9510,1902,-21.4205,5,0,0.8993,1166.0886,49.3322,0.1028,0.0844
9515,1903,-5.2124,5,0,0.8898,1293.9626,47.7951,0.1065,0.0844
9520,1904,-16.3855,5,0,0.8898,1359.4142,52.8523,0.1104,0.0843
9525,1905,-42.5270,5,0,0.8761,1167.2468,46.7735,0.1269,0.0843
9530,1906,-10.4374,5,0,0.9229,1323.8762,50.0838,0.0689,0.0842
9535,1907,-26.4668,5,0,0.9128,1123.9841,49.0458,0.0874,0.0842
9540,1908,-25.8481,5,0,0.8077,1258.4841,48.6520,0.2092,0.0842
9545,1909,56.0300,5,0,0.8730,1346.3730,59.5688,1.3445,0.0841
9550,1910,23.5891,5,0,0.9005,1122.4102,41.0842,2.4944,0.0841
9555,1911,-26.0079,5,0,0.8320,1330.5662,50.0266,0.1606,0.0840
9560,1912,-21.1506,5,0,0.8109,1368.2417,51.0333,0.1761,0.0840
9565,1913,56.7469,5,0,0.7851,1106.5698,53.8166,1.7608,0.0840
9570,1914,-53.5271,5,0,0.7635,1150.0322,48.9574,0.2029,0.0839
9575,1915,-4.4007,5,0,0.7925,1305.9014,46.0334,0.2251,0.0839
9580,1916,7.3935,5,0,0.6562,1373.4702,49.1080,0.2762,0.0838
9585,1917,-42.1876,5,0,0.8060,1313.7872,49.8982,0.2194,0.0838
9590,1918,7.0516,5,0,0.8125,1135.3784,46.9285,0.2297,0.0837
9595,1919,6.6213,5,0,0.8374,1301.2710,49.6575,0.1769,0.0837
9600,1920,-26.1745,5,0,0.8601,1251.9390,48.6983,0.1447,0.0837
9605,1921,-26.2763,5,0,0.8564,1638.9014,46.0650,0.1381,0.0836
9610,1922,56.1285,5,0,0.8228,1418.6892,56.5235,0.4275,0.0836
9615,1923,-16.3477,5,0,0.8897,1232.6462,48.7750,0.1158,0.0835
9620,1924,45.1592,5,0,0.8300,1107.8281,49.0575,2.0537,0.0835
9625,1925,-4.7779,5,0,0.8186,1293.6382,52.4451,0.1565,0.0835
9630,1926,-27.3982,5,0,0.8371,1141.9585,42.1942,0.1737,0.0834
9635,1927,-21.1368,5,0,0.8567,1446.6704,48.2570,0.1578,0.0834
9640,1928,-58.7686,5,0,0.7645,1325.4236,54.8774,0.6446,0.0833
9645,1929,-5.1741,5,0,0.8909,1279.9146,48.3093,0.1103,0.0833
9650,1930,-26.3300,5,0,0.8842,1101.0513,51.9666,0.1176,0.0832
9655,1931,28.7050,5,0,0.8708,1110.6340,50.3743,0.8356,0.0832
9660,1932,-21.3550,5,0,0.8732,1058.2771,51.2372,0.1237,0.0832
9665,1933,-26.4280,5,0,0.8536,1206.8577,54.9804,0.1217,0.0831
9670,1934,-42.1911,5,0,0.7044,1290.8069,50.8750,0.1602,0.0831
9675,1935,23.5489,5,0,0.9075,1009.2523,45.1883,0.0961,0.0830
9680,1936,-37.5213,5,0,0.8185,1171.5485,51.4961,0.1776,0.0830
9685,1937,7.8691,5,0,0.8023,1159.9617,42.8897,0.4659,0.0830
9690,1938,-32.7750,5,0,0.9399,1193.1814,51.7500,0.0629,0.0829
9695,1939,-37.7537,5,0,0.9347,1420.6968,50.5159,0.0602,0.0829
9700,1940,-37.5881,5,0,0.8531,1260.5398,50.4606,0.1540,0.0828
9705,1941,-37.4153,5,0,0.8627,1386.1033,55.0972,0.1464,0.0828
9710,1942,-32.7167,5,0,0.9275,1375.6694,41.5705,0.0734,0.0827
9715,1943,-42.3146,5,0,0.8460,1284.1595,50.9228,0.1887,0.0827
9720,1944,6.4308,5,0,0.8018,1272.5449,53.8841,0.9790,0.0827
9725,1945,-4.5467,5,0,0.8146,1115.5468,47.9146,0.2023,0.0826
9730,1946,-53.8567,5,0,0.9079,1031.9902,44.2295,0.0932,0.0826
9735,1947,-42.4449,5,0,0.8740,1092.5978,51.5603,0.1271,0.0825
9740,1948,56.3860,5,0,0.8174,991.3090,47.6366,1.5224,0.0825
9745,1949,-16.6110,5,0,0.9270,1215.4604,52.7505,0.0700,0.0825
9750,1950,44.5524,5,0,0.9237,1232.8296,50.5105,1.0503,0.0824
9755,1951,40.2185,5,0,0.8581,1146.0839,48.3005,1.1543,0.0824
9760,1952,-16.5468,5,0,0.8017,1091.5409,49.7453,0.1380,0.0823
9765,1953,-26.6317,5,0,0.9218,1235.3091,50.9736,0.0677,0.0823
9770,1954,-41.8734,5,0,0.7231,1419.6372,50.6734,0.3455,0.0823
9775,1955,-26.6169,5,0,0.9128,1212.7505,55.0972,0.0773,0.0822
9780,1956,-26.0611,5,0,0.7763,1301.2321,47.6532,0.1921,0.0822
9785,1957,5.8032,5,0,0.9139,1310.2000,52.3847,0.0838,0.0821
9790,1958,44.8487,5,0,0.8068,1147.6775,55.3003,0.3932,0.0821
9795,1959,-10.0973,5,0,0.8691,1284.0409,48.5546,0.1190,0.0820
9800,1960,6.2265,5,0,0.8691,1092.0646,52.6818,0.1310,0.0820
9805,1961,-26.1156,5,0,0.8626,1313.7980,49.8758,0.1653,0.0820
9810,1962,-37.8319,5,0,0.9420,1141.3436,56.3917,0.0508,0.0819
9815,1963,6.3243,5,0,0.8345,1178.1235,51.6608,0.1435,0.0819
9820,1964,5.5155,5,0,0.9453,1168.9297,51.5027,0.0529,0.0818
9825,1965,-10.6196,5,0,0.9544,1282.9309,51.8047,0.0483,0.0818
9830,1966,-5.4794,5,0,0.9157,1073.5818,49.0296,0.0715,0.0818
9835,1967,-21.7389,5,0,0.9502,1119.3016,50.1007,0.0467,0.0817
9840,1968,5.5976,5,0,0.9445,1288.2999,57.5955,0.0616,0.0817
9845,1969,-53.7186,5,0,0.8548,1450.4570,47.1899,0.1542,0.0816
9850,1970,-26.6532,5,0,0.9446,980.7139,52.2943,0.0595,0.0816
9855,1971,-42.6657,5,0,0.9125,1238.2124,49.8973,0.0930,0.0816
9860,1972,-10.3486,5,0,0.9312,1257.5128,45.8655,0.0762,0.0815
9865,1973,-5.1563,5,0,0.8736,1188.0509,52.1112,0.1137,0.0815
9870,1974,-32.7267,5,0,0.9049,1198.5881,52.9630,0.0589,0.0814
9875,1975,-10.5879,5,0,0.9425,1414.3981,43.9158,0.0548,0.0814
9880,1976,-10.6559,5,0,0.9555,1043.0376,44.7623,0.0446,0.0814
9885,1977,-58.9417,5,0,0.9706,1165.1917,48.9263,0.0288,0.0813
9890,1978,-32.8196,5,0,0.9496,982.0871,43.4433,0.0380,0.0813
9895,1979,-26.7483,5,0,0.9604,1157.6317,54.1209,0.0440,0.0812
9900,1980,-5.5876,5,0,0.9490,1219.5312,51.9415,0.0496,0.0812
9905,1981,-21.7956,5,0,0.9415,1170.4091,48.0009,0.0302,0.0812
9910,1982,-70.0000,5,0,0.9565,1285.6625,45.0377,0.0373,0.0811
9915,1983,-26.8529,5,0,0.9754,1131.0288,53.2542,0.0249,0.0811
9920,1984,5.2962,5,0,0.9734,1039.2271,50.7582,0.0301,0.0810
9925,1985,-10.7824,5,0,0.9747,1215.5999,50.1345,0.0271,0.0810
9930,1986,-26.7478,5,0,0.9581,1343.3588,49.3844,0.0416,0.0809
9935,1987,5.2218,5,0,0.9784,1179.2662,44.6095,0.0224,0.0809
9940,1988,-70.0000,5,0,0.9432,1076.3602,48.6477,0.0467,0.0809
9945,1989,-26.8575,5,0,0.9618,1078.2540,52.0755,0.0251,0.0808
9950,1990,-53.9068,5,0,0.9590,1162.0659,46.6745,0.0382,0.0808
9955,1991,-26.9181,5,0,0.9862,1059.4420,50.3650,0.0149,0.0807
9960,1992,-21.9295,5,0,0.9889,1346.3606,51.3583,0.0114,0.0807
9965,1993,-21.8535,5,0,0.9726,1247.8291,53.1803,0.0254,0.0807
9970,1994,-26.8778,5,0,0.9764,1127.2954,44.1557,0.0208,0.0806
9975,1995,28.1554,5,0,0.9608,1236.5323,46.5706,1.2679,0.0806
9980,1996,39.3550,5,0,0.9442,980.9873,51.1283,2.3310,0.0805
9985,1997,-42.6671,5,0,0.9206,1374.0532,42.8787,0.0495,0.0805
9990,1998,7.2409,5,0,0.9133,1295.6824,54.2119,0.5212,0.0805
9995,1999,-53.9553,5,0,0.9769,1122.0498,49.1230,0.0213,0.0804
10000,2000,-21.9156,5,0,0.9585,1325.2700,53.4075,0.0206,0.0804
10005,2001,-37.7037,5,0,0.9301,1153.7489,46.0323,0.0735,0.0803
10010,2002,-5.7352,5,0,0.9698,1285.0098,58.8976,0.0326,0.0803
10015,2003,-10.7503,5,0,0.9739,1374.2290,42.9535,0.0328,0.0803
10020,2004,-5.7487,5,0,0.9718,1180.3379,49.7284,0.0323,0.0802
10025,2005,-26.7251,5,0,0.9584,1428.1807,44.9432,0.0472,0.0802
10030,2006,-58.9396,5,0,0.9306,1377.3381,52.8095,0.0444,0.0801
10035,2007,-37.8070,5,0,0.9369,1115.3635,53.6377,0.0498,0.0801
10040,2008,-26.8690,5,0,0.9760,1277.8242,47.9051,0.0237,0.0801
10045,2009,55.3532,5,0,0.9588,1133.8721,46.6587,3.3923,0.0800
10050,2010,-37.7142,5,0,0.9334,1099.1792,52.9352,0.0758,0.0800
10055,2011,-42.7523,5,0,0.9398,1305.5999,53.1371,0.0621,0.0799
10060,2012,-10.1351,5,0,0.8909,1171.8719,47.5724,0.1147,0.0799
10065,2013,-26.7530,5,0,0.9560,1162.3763,47.1532,0.0449,0.0799
10070,2014,-5.8188,5,0,0.9334,1106.6171,50.4686,0.0321,0.0798
10075,2015,-26.6180,5,0,0.9386,1133.2510,43.1673,0.0628,0.0798
10080,2016,-10.6291,5,0,0.9520,1510.0104,51.4794,0.0472,0.0797
10085,2017,-21.8099,5,0,0.9653,1219.6604,49.0244,0.0303,0.0797
10090,2018,-21.7802,5,0,0.9618,1135.2593,49.6904,0.0388,0.0797
10095,2019,-37.8776,5,0,0.9571,1248.6606,51.9769,0.0375,0.0796
10100,2020,-21.6008,5,0,0.9095,1018.3990,47.4949,0.0818,0.0796
10105,2021,55.3413,5,0,0.9610,1133.0748,46.3542,3.3946,0.0795
10110,2022,-65.0000,5,0,0.9326,1119.7231,51.8617,0.0605,0.0795
10115,2023,39.4895,5,0,0.9143,1122.8861,46.4584,0.5420,0.0795
10120,2024,-10.6956,5,0,0.9551,1196.1353,51.5266,0.0401,0.0794
10125,2025,-58.8386,5,0,0.9255,1200.5107,48.9708,0.0915,0.0794
10130,2026,-10.3924,5,0,0.9238,1138.8557,50.3198,0.0791,0.0794
10135,2027,-26.5233,5,0,0.9180,1134.3716,53.6407,0.0851,0.0793
10140,2028,-58.6797,5,0,0.8399,1159.4651,46.8383,0.1059,0.0793
10145,2029,-26.6052,5,0,0.9102,1284.7031,45.8884,0.0729,0.0792
10150,2030,-32.8513,5,0,0.9592,1159.6641,48.5878,0.0371,0.0792
10155,2031,-42.6320,5,0,0.8807,1245.9302,52.0405,0.1198,0.0792
10160,2032,-58.8519,5,0,0.9260,1170.7668,51.3059,0.0683,0.0791
10165,2033,-53.8504,5,0,0.8603,1249.3875,45.5837,0.1609,0.0791
10170,2034,-10.7763,5,0,0.9713,1137.0232,57.7508,0.0270,0.0790
10175,2035,-10.7912,5,0,0.9713,1389.4196,52.6882,0.0270,0.0790
10180,2036,5.3501,5,0,0.9625,1212.1650,51.0806,0.0356,0.0790
10185,2037,-75.0000,5,0,0.9360,1265.7466,51.3002,0.0614,0.0789
10190,2038,5.2427,5,0,0.9754,1164.9919,50.1538,0.0246,0.0789
10195,2039,5.4471,5,0,0.9541,1102.6691,55.1025,0.0457,0.0788
10200,2040,-21.7925,5,0,0.9660,1153.3429,59.8082,0.0339,0.0788
10205,2041,-26.8519,5,0,0.9728,1330.0453,54.5356,0.0262,0.0788
10210,2042,-58.9640,5,0,0.9454,1303.5160,46.7752,0.0375,0.0787
10215,2043,-26.8235,5,0,0.9675,1260.8289,45.5128,0.0315,0.0787
10220,2044,-42.7066,5,0,0.9284,1047.7148,48.5453,0.0640,0.0786
10225,2045,-37.8623,5,0,0.9605,1150.5234,46.6149,0.0333,0.0786
10230,2046,7.3165,5,0,0.8796,1372.6332,50.9448,1.2285,0.0786
10235,2047,-10.6496,5,0,0.9584,1195.2894,50.4556,0.0443,0.0785
10240,2048,39.4486,5,0,0.9345,1137.6482,39.6168,2.9226,0.0785
10245,2049,-21.8066,5,0,0.9601,929.6017,56.8708,0.0349,0.0784
10250,2050,5.6189,5,0,0.9336,1172.2576,50.3701,0.0639,0.0784
10255,2051,-53.8825,5,0,0.8947,1143.9043,51.2707,0.0921,0.0784
10260,2052,-37.7537,5,0,0.9310,936.9132,49.3173,0.0686,0.0783
10265,2053,-26.4605,5,0,0.9036,1190.3861,57.9946,0.0954,0.0783
10270,2054,-26.1299,5,0,0.8150,1144.7034,49.5191,0.1782,0.0782
10275,2055,-26.3156,5,0,0.8586,978.3970,52.3661,0.1348,0.0782
10280,2056,6.3194,5,0,0.8655,1325.3469,50.0136,0.1422,0.0782
10285,2057,-42.5873,5,0,0.8711,1133.8293,54.3109,0.1182,0.0781
10290,2058,-37.8771,5,0,0.8360,1154.9315,54.0733,0.0623,0.0781
10295,2059,-5.7650,5,0,0.9689,1296.4381,45.0202,0.0302,0.0781
10300,2060,5.8597,5,0,0.9188,1063.3606,49.3462,0.0899,0.0780
10305,2061,5.4671,5,0,0.9499,1142.2209,46.8779,0.0478,0.0780
10310,2062,-5.7111,5,0,0.9541,1235.8478,49.4635,0.0388,0.0779
10315,2063,-37.8132,5,0,0.9523,1187.0586,49.7423,0.0439,0.0779
10320,2064,-5.5800,5,0,0.9466,1041.3132,54.5726,0.0566,0.0779
10325,2065,-9.8446,5,0,0.8376,1070.4384,49.6992,0.1362,0.0778
10330,2066,-65.0000,5,0,0.9244,1217.6494,57.1674,0.0627,0.0778
10335,2067,-48.9567,5,0,0.9719,1089.7988,50.1989,0.0280,0.0777
10340,2068,-21.6643,5,0,0.9146,1181.5944,53.7007,0.0593,0.0777
10345,2069,-37.9036,5,0,0.9728,1137.6631,54.5731,0.0286,0.0777
10350,2070,-5.8163,5,0,0.9759,1121.9329,48.9383,0.0235,0.0776
10355,2071,28.2755,5,0,0.9476,1062.6404,44.7708,2.2947,0.0776
10360,2072,-42.8262,5,0,0.8799,1312.1217,50.5331,0.0619,0.0776
10365,2073,-42.6916,5,0,0.9307,1041.8412,52.8799,0.0763,0.0775
10370,2074,-26.6222,5,0,0.9127,1138.1658,47.1469,0.0613,0.0775
10375,2075,-75.0000,5,0,0.9618,1196.4681,48.4915,0.0334,0.0774
10380,2076,5.3129,5,0,0.9674,1047.6801,50.5104,0.0318,0.0774
10385,2077,-26.7857,5,0,0.9565,1213.3894,45.9097,0.0371,0.0774
10390,2078,-26.5525,5,0,0.9160,1046.3538,52.1416,0.0757,0.0773
10395,2079,-26.6509,5,0,0.9329,1155.0198,48.1644,0.0645,0.0773
10400,2080,-42.6966,5,0,0.8555,1208.9076,52.9461,0.8132,0.0772
10405,2081,-70.0000,5,0,0.9657,1219.5957,45.7378,0.0327,0.0772
10410,2082,-10.7782,5,0,0.9716,1220.5479,53.3986,0.0279,0.0772
10415,2083,-37.6747,5,0,0.9257,1084.9731,49.3529,0.0833,0.0771
10420,2084,55.3997,5,0,0.9557,1117.7155,49.5627,3.2500,0.0771
10425,2085,-42.8295,5,0,0.9569,1241.4055,52.4501,0.0365,0.0770
10430,2086,-75.0000,5,0,0.9095,1127.8312,54.2304,0.0954,0.0770
10435,2087,-10.5238,5,0,0.9297,1140.1235,47.6647,0.0638,0.0770
10440,2088,-10.1753,5,0,0.8125,1131.3535,55.0213,0.1121,0.0769
10445,2089,-42.7798,5,0,0.9365,1191.3501,50.4736,0.0622,0.0769
10450,2090,-10.4075,5,0,0.9145,1166.9795,50.4408,0.0785,0.0769
10455,2091,-4.9969,5,0,0.8602,1205.8817,55.5758,0.1378,0.0768
10460,2092,-21.1127,5,0,0.8313,1095.6819,54.4001,0.1830,0.0768
10465,2093,55.7389,5,0,0.9271,1310.0896,49.3324,2.0368,0.0767
10470,2094,5.3132,5,0,0.9650,1142.5674,50.7030,0.0318,0.0767
10475,2095,7.3330,5,0,0.8795,1201.2965,41.2496,1.3256,0.0767
10480,2096,-9.5412,5,0,0.7971,1131.2168,51.7238,0.1772,0.0766
10485,2097,-75.0000,5,0,0.8144,1123.0576,51.1274,0.1834,0.0766
10490,2098,-10.3400,5,0,0.8863,1235.4741,46.4262,0.0770,0.0766
10495,2099,-10.4406,5,0,0.9306,1251.5337,58.7272,0.0726,0.0765
10500,2100,6.5296,5,0,0.8860,1081.8113,53.9131,0.1665,0.0765
10505,2101,-16.1948,5,0,0.7763,1290.8091,52.8918,0.1289,0.0764
10510,2102,-21.2516,5,0,0.8869,1179.4973,54.9273,0.1290,0.0764
10515,2103,-26.5231,5,0,0.9011,1413.1655,52.4180,0.0931,0.0764
10520,2104,-26.4360,5,0,0.8843,1136.3239,52.3366,0.0860,0.0763
10525,2105,-26.8184,5,0,0.9433,1158.2673,52.3170,0.0382,0.0763
10530,2106,-21.6725,5,0,0.9416,1359.2765,44.5429,0.0556,0.0762
10535,2107,-10.0322,5,0,0.8919,1058.7000,53.8583,0.1261,0.0762
10540,2108,-70.0000,5,0,0.9458,1120.8325,51.9595,0.0525,0.0762
10545,2109,-37.7777,5,0,0.9085,1187.3782,49.3416,0.0636,0.0761
10550,2110,-42.6351,5,0,0.9249,1057.8329,51.3582,0.0860,0.0761
10555,2111,-58.9436,5,0,0.9364,1296.5823,51.7846,0.0522,0.0761
10560,2112,-58.8975,5,0,0.9488,1142.6903,49.2810,0.0547,0.0760
10565,2113,-21.7872,5,0,0.9637,1137.7358,50.8363,0.0385,0.0760
10570,2114,7.4999,5,0,0.8253,1131.3479,51.2150,0.6965,0.0759
10575,2115,-42.5482,5,0,0.8889,1390.0717,51.5876,0.1051,0.0759
10580,2116,-53.8811,5,0,0.9194,1375.1267,48.5980,0.0854,0.0759
10585,2117,-37.7899,5,0,0.9478,1222.7744,47.9311,0.0479,0.0758
10590,2118,-21.5636,5,0,0.9263,1272.3115,49.5696,0.0714,0.0758
10595,2119,-53.8662,5,0,0.9375,1192.9280,50.5917,0.0633,0.0758
10600,2120,5.1912,5,0,0.9787,1092.4890,53.5773,0.0193,0.0757
10605,2121,-16.8452,5,0,0.9677,1084.9719,49.3975,0.0271,0.0757
10610,2122,7.2981,5,0,0.9056,1336.8120,48.6816,1.9029,0.0756
10615,2123,-53.9422,5,0,0.9711,1123.0403,50.7520,0.0272,0.0756
10620,2124,-42.8284,5,0,0.9557,1300.5394,51.7784,0.0421,0.0756
10625,2125,-58.9272,5,0,0.9503,1260.9790,44.7367,0.0431,0.0755
10630,2126,-16.7837,5,0,0.9439,945.6675,51.1287,0.0362,0.0755
10635,2127,-10.2490,5,0,0.9128,1202.2123,49.2328,0.0859,0.0755
10640,2128,-10.6401,5,0,0.9486,1229.1936,52.5696,0.0412,0.0754
10645,2129,-26.8294,5,0,0.9625,1078.1942,50.7768,0.0298,0.0754
10650,2130,-53.9047,5,0,0.9499,1433.2202,55.0520,0.0426,0.0753
10655,2131,-26.7968,5,0,0.9656,1331.0747,48.5412,0.0328,0.0753
10660,2132,5.7893,5,0,0.8610,1289.2538,49.5351,0.0828,0.0753
10665,2133,-53.8511,5,0,0.9255,1028.1562,45.2936,0.0545,0.0752
10670,2134,-26.8583,5,0,0.9784,1274.3665,53.1154,0.0227,0.0752
10675,2135,-5.8802,5,0,0.9813,1243.8351,53.8499,0.0158,0.0752
10680,2136,-42.4996,5,0,0.8840,1311.6879,56.8651,0.1189,0.0751
10685,2137,12.0947,5,0,0.9577,1160.2140,50.0293,0.6515,0.0751
10690,2138,-26.6426,5,0,0.9171,1150.8712,50.1478,0.0818,0.0750
10695,2139,-53.9583,5,0,0.9772,1160.8875,50.4062,0.0223,0.0750
10700,2140,5.1409,5,0,0.9865,1112.0060,49.4068,0.0142,0.0750
10705,2141,5.3891,5,0,0.9460,1251.7928,48.8930,0.0399,0.0749
10710,2142,-26.6498,5,0,0.9126,1168.6731,49.4691,0.0554,0.0749
10715,2143,-26.8640,5,0,0.9796,1263.5967,52.9255,0.0248,0.0749
10720,2144,-48.8666,5,0,0.9289,1344.7019,46.9532,0.0788,0.0748
10725,2145,-21.9486,5,0,0.9893,1461.9352,49.1166,0.0095,0.0748
10730,2146,-53.9265,5,0,0.9599,1202.9642,51.5898,0.0429,0.0747
10735,2147,39.6154,5,0,0.9009,1290.4564,41.8359,1.8976,0.0747
10740,2148,-10.5344,5,0,0.9402,1136.3347,48.5384,0.0603,0.0747
10745,2149,-26.5974,5,0,0.9232,1363.8906,48.9814,0.0751,0.0746
10750,2150,-42.7778,5,0,0.9209,1119.7167,51.1726,0.0745,0.0746
10755,2151,-10.7494,5,0,0.9602,1227.6987,50.4047,0.0303,0.0746
10760,2152,-53.7948,5,0,0.8444,1335.6583,45.4058,0.1617,0.0745
10765,2153,7.6633,5,0,0.8442,1504.1028,49.8391,0.7577,0.0745
10770,2154,-21.5556,5,0,0.9219,1172.3029,54.6707,0.0833,0.0744
10775,2155,55.2308,5,0,0.9716,1132.4130,48.9254,0.7299,0.0744
10780,2156,39.4072,5,0,0.9421,1427.3514,49.1586,1.7322,0.0744
10785,2157,-10.3710,5,0,0.9020,1130.1095,56.0210,0.0863,0.0743
10790,2158,-26.7465,5,0,0.9271,1169.1565,50.7519,0.0540,0.0743
10795,2159,-5.6618,5,0,0.9577,1159.6069,43.8859,0.0421,0.0743
10800,2160,-10.7423,5,0,0.9654,1230.1075,50.1003,0.0331,0.0742
10805,2161,-42.7759,5,0,0.9167,957.1782,52.1696,0.0661,0.0742
10810,2162,12.2380,5,0,0.9370,1214.6760,50.2684,2.8200,0.0742
10815,2163,-37.3758,5,0,0.7485,1178.1370,46.6318,0.2688,0.0741
10820,2164,-5.0551,5,0,0.8774,1076.9209,49.2804,0.1238,0.0741
10825,2165,-5.6508,5,0,0.9509,1469.9044,54.1529,0.0438,0.0740
10830,2166,-9.0235,5,0,0.7291,1067.4180,46.6445,0.2684,0.0740
10835,2167,-58.8305,5,0,0.9160,1245.6880,46.4597,0.0879,0.0740
10840,2168,-26.7539,5,0,0.9628,1477.8315,56.1026,0.0431,0.0739
10845,2169,-58.7825,5,0,0.8913,1167.8555,46.1030,0.1189,0.0739
10850,2170,-37.5971,5,0,0.9031,1154.1273,49.7862,0.1060,0.0739
10855,2171,-5.1655,5,0,0.8993,1034.6813,47.9596,0.1094,0.0738
10860,2172,-26.8284,5,0,0.9704,1340.9360,48.4810,0.0286,0.0738
10865,2173,-26.0239,5,0,0.7724,1171.9391,45.6673,0.2097,0.0737
10870,2174,-37.8449,5,0,0.9614,1235.9900,45.5814,0.0390,0.0737
10875,2175,-10.6770,5,0,0.9530,1193.7095,48.6135,0.0426,0.0737
10880,2176,6.3350,5,0,0.8820,1161.5748,56.7522,0.1434,0.0736
10885,2177,-32.8881,5,0,0.9681,1330.2820,51.5622,0.0304,0.0736
10890,2178,-10.2669,5,0,0.8888,1158.3844,44.1799,0.0891,0.0736
10895,2179,5.3226,5,0,0.9682,1297.5778,55.7521,0.0328,0.0735
10900,2180,39.4266,5,0,0.9096,1046.7830,47.0933,0.9764,0.0735
10905,2181,-5.7923,5,0,0.9722,1050.8286,50.0698,0.0258,0.0735
10910,2182,-10.5223,5,0,0.9245,1084.5596,39.4658,0.0630,0.0734
10915,2183,-21.6899,5,0,0.9464,1074.3550,50.2687,0.0552,0.0734
10920,2184,-53.9165,5,0,0.9596,1393.8130,49.5583,0.0455,0.0733
10925,2185,-10.3570,5,0,0.8994,1312.2563,45.3053,0.0820,0.0733
10930,2186,39.3536,5,0,0.8969,1365.5315,50.5206,2.5569,0.0733
10935,2187,-26.8626,5,0,0.9707,1183.1664,53.1002,0.0247,0.0732
10940,2188,-26.3251,5,0,0.8758,1440.5239,49.3185,0.1226,0.0732
10945,2189,6.1005,5,0,0.8875,1258.2157,48.0695,1.9497,0.0732
10950,2190,-37.5298,5,0,0.8572,1076.2190,53.6123,0.1261,0.0731
10955,2191,-26.2724,5,0,0.8793,1131.3872,43.2514,0.1249,0.0731
10960,2192,-3.8211,5,0,0.9058,1194.8361,55.5331,2.4766,0.0731
10965,2193,-10.2586,5,0,0.8846,1177.6002,47.6471,0.1032,0.0730
10970,2194,-26.1260,5,0,0.8356,1169.4741,53.9375,0.1733,0.0730
10975,2195,-48.7602,5,0,0.8913,1075.7639,47.4295,0.1059,0.0729
10980,2196,-25.8337,5,0,0.8128,1101.0989,51.1885,0.2199,0.0729
10985,2197,6.1048,5,0,0.8891,1228.9276,46.2494,0.1171,0.0729
10990,2198,-42.0052,5,0,0.7675,1127.9502,48.9324,0.2793,0.0728
10995,2199,-26.4968,5,0,0.9102,1016.1262,46.4915,0.0896,0.0728
11000,2200,-37.5963,5,0,0.8782,1183.8784,51.5477,0.1119,0.0728
11005,2201,-26.4117,5,0,0.8998,1166.9185,44.9500,0.1071,0.0727
11010,2202,40.2175,5,0,0.8242,1205.8090,47.1583,1.0647,0.0727
11015,2203,-26.3122,5,0,0.8699,1387.0315,49.3456,0.1367,0.0727
11020,2204,-21.2412,5,0,0.8502,1096.8691,45.9474,0.1284,0.0726
11025,2205,-58.6676,5,0,0.8338,970.0737,50.1756,0.1328,0.0726
11030,2206,-21.3543,5,0,0.8756,936.5084,44.5845,0.1258,0.0725
11035,2207,-26.5962,5,0,0.9226,1307.8840,47.4080,0.0789,0.0725
11040,2208,-10.5123,5,0,0.9324,1229.4286,48.6686,0.0653,0.0725
11045,2209,-42.7970,5,0,0.9439,1233.9172,49.6153,0.0545,0.0724
11050,2210,-10.0459,5,0,0.8701,1024.5637,45.4326,0.1345,0.0724
11055,2211,-10.3448,5,0,0.9137,1344.8628,53.7909,0.0864,0.0724
11060,2212,28.4179,5,0,0.8563,1222.4670,48.1901,0.4469,0.0723
11065,2213,-42.5106,5,0,0.8485,1205.0029,49.1847,0.1397,0.0723
11070,2214,39.6948,5,0,0.8934,1095.2070,48.7030,2.3939,0.0723
11075,2215,-26.3574,5,0,0.8719,1232.9751,46.6642,0.1245,0.0722
11080,2216,6.2808,5,0,0.8666,1046.4165,49.0122,0.1375,0.0722
11085,2217,-26.4305,5,0,0.9044,1167.3495,45.7577,0.1019,0.0722
11090,2218,-37.5875,5,0,0.8692,1306.3284,54.7383,0.1264,0.0721
11095,2219,-26.7222,5,0,0.9545,983.1417,49.0026,0.0495,0.0721
11100,2220,23.8096,5,0,0.8686,1190.8696,43.8047,2.3012,0.0720
11105,2221,23.6965,5,0,0.7938,1120.1866,42.1862,0.3820,0.0720
11110,2222,45.1775,5,0,0.8214,1111.1149,48.6403,1.8457,0.0720
11115,2223,41.0961,5,0,0.7091,1226.9775,47.5376,1.4485,0.0719
11120,2224,6.7947,5,0,0.7239,1195.4019,49.9469,0.2019,0.0719
11125,2225,-9.5135,5,0,0.8019,1023.1075,46.9690,0.2153,0.0719
11130,2226,-25.6476,5,0,0.6950,1140.9681,52.2040,0.2710,0.0718
11135,2227,7.1645,5,0,0.7535,1298.6632,47.7360,0.2444,0.0718
11140,2228,-48.4957,5,0,0.7747,1273.5803,49.6057,0.2701,0.0718
11145,2229,-25.6979,5,0,0.7670,1306.0773,47.7757,0.2694,0.0717
11150,2230,46.5517,5,0,0.6841,1310.9218,49.6681,1.1564,0.0717
11155,2231,56.0345,5,0,0.8734,1140.6942,49.0903,0.8909,0.0717
11160,2232,24.6691,5,0,0.6298,1159.9514,48.4178,0.6643,0.0716
11165,2233,-5.1793,5,0,0.8726,1198.4893,44.4040,0.1112,0.0716
11170,2234,-53.1639,5,0,0.6569,1253.0034,50.0187,0.4084,0.0715
11175,2235,-75.0000,5,0,0.7768,1185.1550,54.1025,0.2907,0.0715
11180,2236,-43.4839,5,0,0.7420,1063.9392,43.9851,0.2994,0.0715
11185,2237,-9.3819,5,0,0.7968,1083.5486,46.3354,0.2245,0.0714
11190,2238,29.6958,5,0,0.6654,1123.7839,47.5961,0.6271,0.0714
11195,2239,-9.2513,5,0,0.7756,1093.8083,46.3282,0.2318,0.0714
11200,2240,-41.8839,5,0,0.6803,1148.6591,47.9384,0.3322,0.0713
11205,2241,-9.3721,5,0,0.7647,1045.3103,49.7021,0.2086,0.0713
11210,2242,-26.2323,5,0,0.8672,1118.7036,48.1105,0.1386,0.0713
11215,2243,-26.2585,5,0,0.8891,1065.0249,49.1804,0.1223,0.0712
11220,2244,56.0986,5,0,0.8535,1220.1772,48.4770,2.3070,0.0712
11225,2245,-25.3903,5,0,0.5440,1222.4366,41.8782,0.3591,0.0712
11230,2246,34.4059,5,0,0.6693,1038.0090,48.7939,0.3969,0.0711
11235,2247,-21.3856,5,0,0.8965,1195.0393,50.4551,0.1027,0.0711
11240,2248,-58.7140,5,0,0.8311,1258.5715,50.8521,0.1840,0.0711
11245,2249,-58.7990,5,0,0.7969,1252.4565,51.4280,0.1559,0.0710
11250,2250,-42.6132,5,0,0.8907,1196.6533,51.4671,0.1321,0.0710
11255,2251,-16.1089,5,0,0.8451,1206.2639,46.2425,0.1548,0.0709
11260,2252,6.4876,5,0,0.8581,1066.2629,44.6258,0.1611,0.0709
11265,2253,-26.3428,5,0,0.8442,1277.6278,49.7616,0.1549,0.0709
11270,2254,-37.6291,5,0,0.8876,1166.2214,56.7935,0.0770,0.0708
11275,2255,-42.5938,5,0,0.7813,1371.6477,48.2785,0.1667,0.0708
11280,2256,6.2943,5,0,0.8756,1120.6578,42.7781,0.1390,0.0708
11285,2257,-9.8152,5,0,0.7236,1190.7523,51.4408,0.1930,0.0707
11290,2258,-10.6404,5,0,0.9341,1098.8357,51.6545,0.0461,0.0707
11295,2259,-16.7916,5,0,0.9618,1132.9436,51.2885,0.0343,0.0707
11300,2260,-4.7191,5,0,0.8318,1101.5603,51.9863,0.1608,0.0706
11305,2261,-26.6717,5,0,0.9223,1217.5305,47.9028,0.0568,0.0706
11310,2262,5.7844,5,0,0.9225,1222.9768,50.1627,0.0819,0.0706
11315,2263,44.5266,5,0,0.9191,1229.4208,48.4483,0.0658,0.0705
11320,2264,23.2393,5,0,0.9054,1116.6260,50.3257,0.5054,0.0705
11325,2265,33.4016,5,0,0.9335,1172.5750,51.2660,0.0629,0.0705
11330,2266,-9.9847,5,0,0.8359,1233.7446,46.2920,0.1254,0.0704
11335,2267,-5.8067,5,0,0.9736,1082.5111,55.1256,0.0226,0.0704
11340,2268,-42.8026,5,0,0.9222,1143.8735,51.9119,0.0392,0.0704
11345,2269,28.1814,5,0,0.9612,1197.5405,54.9143,3.3821,0.0703
11350,2270,-42.8158,5,0,0.8959,1244.5654,54.3226,0.0749,0.0703
11355,2271,-16.7287,5,0,0.9517,1050.6785,43.0114,0.0435,0.0702
11360,2272,-26.4315,5,0,0.9059,1090.3728,48.9528,0.0960,0.0702
11365,2273,-53.9214,5,0,0.9331,1372.7927,48.2276,0.0669,0.0702
11370,2274,-10.0294,5,0,0.8847,1417.0262,48.2753,0.1124,0.0701
11375,2275,-58.7160,5,0,0.8636,1115.9729,51.9306,0.1396,0.0701
11380,2276,-42.6442,5,0,0.9084,1127.6699,52.7470,0.0963,0.0701
11385,2277,7.3012,5,0,0.9285,1193.5413,50.7460,0.0774,0.0700
11390,2278,-75.0000,5,0,0.9309,1053.5739,54.7721,0.0681,0.0700
11395,2279,-26.3991,5,0,0.9124,917.7340,52.3540,0.1034,0.0700
11400,2280,-70.0000,5,0,0.9056,1222.2096,46.1021,0.5518,0.0699
11405,2281,-26.2499,5,0,0.8859,1051.9429,38.6171,0.1274,0.0699
11410,2282,-42.8598,5,0,0.9641,1043.5516,56.0684,0.0333,0.0699
11415,2283,5.9628,5,0,0.8948,1116.3414,43.8029,0.1013,0.0698
11420,2284,39.5526,5,0,0.9308,1287.6366,52.2510,1.0974,0.0698
11425,2285,-26.8001,5,0,0.9644,1107.8510,52.7472,0.0332,0.0698
11430,2286,-21.5653,5,0,0.9211,1156.2218,49.6896,0.0792,0.0697
11435,2287,-26.6081,5,0,0.9304,1483.1932,43.0289,0.0695,0.0697
11440,2288,-42.5348,5,0,0.8803,1061.3281,52.5930,0.1210,0.0697
11445,2289,-26.7760,5,0,0.9550,1185.7847,50.2135,0.0425,0.0696
11450,2290,-58.8899,5,0,0.9308,935.1543,52.2652,0.0690,0.0696
11455,2291,-37.7719,5,0,0.9472,1201.6567,53.1878,0.0641,0.0696
11460,2292,5.3287,5,0,0.9652,1202.1306,50.9638,0.0334,0.0695
11465,2293,5.6508,5,0,0.9353,1219.2201,50.4116,0.0673,0.0695
11470,2294,5.4748,5,0,0.9468,1069.6719,47.6625,0.0487,0.0694
11475,2295,-26.5192,5,0,0.9183,1199.6045,49.1069,0.0772,0.0694
11480,2296,-42.4148,5,0,0.8569,964.0297,48.4281,0.1212,0.0694
11485,2297,-21.8106,5,0,0.9505,985.5367,42.5807,0.0399,0.0693
11490,2298,-26.8170,5,0,0.9667,1234.3982,48.3039,0.0326,0.0693
11495,2299,5.5475,5,0,0.9429,1265.8235,52.6166,0.0563,0.0693
11500,2300,-65.0000,5,0,0.9186,1128.3169,51.5406,0.0717,0.0692
11505,2301,-10.2143,5,0,0.8810,1285.1407,51.3937,0.1084,0.0692
11510,2302,-26.6441,5,0,0.9447,1109.3341,55.5681,0.0603,0.0692
11515,2303,-58.8784,5,0,0.9392,1086.0055,51.6068,0.0366,0.0691
11520,2304,-26.7291,5,0,0.9563,1106.0054,50.1254,0.0467,0.0691
11525,2305,-21.6723,5,0,0.9337,1170.4373,54.7819,0.0518,0.0691
11530,2306,23.3256,5,0,0.9373,1291.2896,47.9311,2.2171,0.0690
11535,2307,-42.7742,5,0,0.9283,1083.8416,48.0100,0.0480,0.0690
11540,2308,-10.8231,5,0,0.9725,1067.5076,47.9034,0.0229,0.0690
11545,2309,-58.9346,5,0,0.9600,1468.8901,51.0661,0.0378,0.0689
11550,2310,44.4140,5,0,0.9399,1329.4272,51.4421,0.0518,0.0689
11555,2311,23.6722,5,0,0.8464,1036.4932,52.1198,1.2189,0.0689
11560,2312,-26.7781,5,0,0.9602,1377.3811,46.8103,0.0363,0.0688
11565,2313,-26.8198,5,0,0.9703,998.4409,46.1040,0.0309,0.0688
11570,2314,-10.7991,5,0,0.9733,1151.8826,57.2838,0.0255,0.0688
11575,2315,-42.7343,5,0,0.9098,988.3708,47.0338,0.0868,0.0687
11580,2316,28.8813,5,0,0.8564,1116.5925,48.6699,1.5834,0.0687
11585,2317,-21.4724,5,0,0.9389,1223.2961,46.5340,0.0819,0.0687
11590,2318,-26.6728,5,0,0.9306,1027.5122,50.1049,0.0567,0.0686
11595,2319,5.4372,5,0,0.9527,1132.7466,54.7859,0.0447,0.0686
11600,2320,28.3404,5,0,0.9203,1050.5752,52.5120,2.0206,0.0686
11605,2321,-53.8513,5,0,0.9044,1092.2211,46.8056,0.0923,0.0685
11610,2322,-9.6186,5,0,0.8410,1160.1285,49.2817,0.1608,0.0685
11615,2323,-10.5048,5,0,0.9386,1198.4780,49.1135,0.0638,0.0685
11620,2324,6.1258,5,0,0.8546,1070.4807,44.9898,0.1205,0.0684
11625,2325,-70.0000,5,0,0.8658,1213.4661,55.3853,0.1309,0.0684
11630,2326,-58.8829,5,0,0.9207,1065.9650,42.2767,0.0813,0.0684
11635,2327,-53.6330,5,0,0.8165,1077.5968,49.8128,0.2047,0.0683
11640,2328,-42.3105,5,0,0.7824,1292.4235,56.1479,0.1681,0.0683
11645,2329,-37.7788,5,0,0.9125,1398.1116,45.0792,0.0599,0.0683
11650,2330,6.2395,5,0,0.8664,1211.8895,52.0404,0.1325,0.0682
11655,2331,-26.7546,5,0,0.9559,1332.5178,56.0133,0.0389,0.0682
11660,2332,-65.0000,5,0,0.9293,1234.0227,49.7979,0.0697,0.0682
11665,2333,-10.4661,5,0,0.9353,1230.7871,55.7570,0.0725,0.0681
11670,2334,-5.7832,5,0,0.9741,1210.9026,50.8443,0.0270,0.0681
11675,2335,-42.7202,5,0,0.9093,1359.4731,47.4009,0.0610,0.0681
11680,2336,-53.7940,5,0,0.8970,1227.3146,58.2609,0.0845,0.0680
11685,2337,-10.5036,5,0,0.9297,1131.6997,49.2527,0.0697,0.0680
11690,2338,39.3669,5,0,0.9399,1226.9928,55.1236,1.5591,0.0679
11695,2339,-26.6712,5,0,0.9141,1258.9791,48.5325,0.0514,0.0679
11700,2340,-21.6757,5,0,0.9425,960.7260,48.5459,0.0583,0.0679
11705,2341,-5.7381,5,0,0.9632,1144.2825,51.6951,0.0342,0.0678
11710,2342,39.4590,5,0,0.9346,1098.2532,46.4494,1.6142,0.0678
11715,2343,29.0623,5,0,0.8177,1196.3154,56.1890,1.3081,0.0678
11720,2344,-26.5398,5,0,0.9156,1180.8811,43.7787,0.0764,0.0677
11725,2345,-26.2019,5,0,0.8445,1342.9402,44.6170,0.1598,0.0677
11730,2346,39.5357,5,0,0.9083,1183.5590,50.3619,2.6758,0.0677
11735,2347,7.0377,5,0,0.7905,1322.6926,53.3625,0.2282,0.0676
11740,2348,-10.3013,5,0,0.9022,1063.2368,45.7505,0.0915,0.0676
11745,2349,5.6740,5,0,0.9055,1378.2123,52.8242,0.0699,0.0676
11750,2350,-9.5841,5,0,0.7474,1251.2668,56.2576,0.1748,0.0675
11755,2351,-37.2758,5,0,0.8169,1353.4436,50.1901,0.2099,0.0675
11760,2352,-58.8044,5,0,0.8039,1141.2635,47.7789,0.4406,0.0675
11765,2353,-4.8882,5,0,0.8577,1051.5769,48.0276,0.1558,0.0674
11770,2354,5.7024,5,0,0.9187,1283.0530,56.6265,0.0729,0.0674
11775,2355,-65.0000,5,0,0.9295,1169.2972,42.0490,0.0637,0.0674
11780,2356,-26.4579,5,0,0.8492,1076.6182,49.5167,0.1102,0.0673
11785,2357,-37.2651,5,0,0.8213,992.6094,56.7393,0.1921,0.0673
11790,2358,-10.2588,5,0,0.9082,1237.2683,45.5030,0.0990,0.0673
11795,2359,7.4054,5,0,0.9052,1186.0410,52.2679,1.8510,0.0672
11800,2360,-53.6259,5,0,0.7383,1056.2383,49.5171,0.2364,0.0672
11805,2361,-5.0881,5,0,0.8686,1285.6805,42.7689,0.1162,0.0672
11810,2362,-37.0392,5,0,0.7278,1236.0862,53.2474,0.2641,0.0671
11815,2363,-25.8886,5,0,0.7680,1054.2405,49.2333,0.2295,0.0671
11820,2364,-42.7284,5,0,0.9071,919.0687,47.0343,0.0857,0.0671
11825,2365,-26.6341,5,0,0.9354,998.6432,42.7492,0.0590,0.0670
11830,2366,-37.2676,5,0,0.8354,1161.8840,54.9859,0.1612,0.0670
11835,2367,5.9942,5,0,0.8961,1178.4478,43.2017,0.1048,0.0670
11840,2368,55.6334,5,0,0.9241,1057.1846,49.5314,1.0443,0.0669
11845,2369,55.8960,5,0,0.8939,996.6923,46.0294,2.4209,0.0669
11850,2370,-42.2063,5,0,0.8149,1227.2056,47.8434,0.2000,0.0669
11855,2371,6.4451,5,0,0.8492,1101.5577,49.2909,0.1562,0.0668
11860,2372,-42.4338,5,0,0.8014,1122.7637,49.9213,0.1636,0.0668
11865,2373,-53.7000,5,0,0.8560,1147.7522,48.0308,0.1681,0.0668
11870,2374,-4.3831,5,0,0.7306,1103.5945,52.6020,0.2441,0.0667
11875,2375,-25.9101,5,0,0.8489,1083.8900,53.9210,0.2074,0.0667
11880,2376,-21.6663,5,0,0.9367,1138.0730,46.9544,0.0607,0.0667
11885,2377,-26.5694,5,0,0.9236,1206.1460,49.4601,0.0739,0.0666
11890,2378,-42.4732,5,0,0.8429,1237.3018,47.1529,0.1410,0.0666
11895,2379,56.1738,5,0,0.8330,1184.6249,55.2836,0.7604,0.0666
11900,2380,-26.6679,5,0,0.9366,1395.9194,53.8860,0.0564,0.0665
11905,2381,-42.7033,5,0,0.9123,1035.4073,45.5739,0.0796,0.0665
11910,2382,-10.1661,5,0,0.8951,1235.6895,53.9971,0.1106,0.0665
11915,2383,-70.0000,5,0,0.8673,1258.7694,43.4939,0.1318,0.0664
11920,2384,39.7179,5,0,0.8835,1176.2452,52.2301,1.8652,0.0664
11925,2385,-10.6031,5,0,0.9230,1381.8035,46.7834,0.0506,0.0664
11930,2386,-4.9378,5,0,0.8614,1185.9243,47.4668,0.1331,0.0664
11935,2387,-9.9615,5,0,0.8681,1312.1377,52.1534,0.1379,0.0663
11940,2388,-75.0000,5,0,0.9101,1377.9196,43.9653,0.0907,0.0663
11945,2389,-32.7738,5,0,0.9179,1097.9668,53.8288,0.0667,0.0663
11950,2390,5.7444,5,0,0.9137,1105.9789,43.9720,0.0775,0.0662
11955,2391,39.8037,5,0,0.8733,1043.1875,50.7706,1.7329,0.0662
11960,2392,-26.1667,5,0,0.8371,1246.5392,46.4215,0.1438,0.0662
11965,2393,-26.6151,5,0,0.9222,1108.3610,48.4219,0.0730,0.0661
11970,2394,56.0427,5,0,0.8925,1164.7637,45.2477,0.1102,0.0661
11975,2395,-58.8212,5,0,0.8923,1055.8533,52.6090,0.1113,0.0661
11980,2396,-5.3558,5,0,0.9167,1192.1257,43.5990,0.0843,0.0660
11985,2397,-32.7135,5,0,0.9199,1241.0525,50.5038,0.0709,0.0660
11990,2398,-25.7206,5,0,0.7666,1099.6794,53.6034,0.2283,0.0660
11995,2399,7.4364,5,0,0.8547,1120.4062,44.2720,1.1521,0.0659
12000,2400,-26.5205,5,0,0.8346,1141.9219,52.8117,0.0799,0.0659
12005,2401,-42.6419,5,0,0.9112,1214.9092,46.0473,0.0820,0.0659
12010,2402,-21.7103,5,0,0.9434,1235.1328,42.6811,0.0534,0.0658
12015,2403,-42.8156,5,0,0.9500,1235.2346,46.9850,0.0476,0.0658
12020,2404,39.3129,5,0,0.9524,1161.1665,54.0526,0.0411,0.0658
12025,2405,39.5177,5,0,0.9362,1047.5973,47.9751,2.7804,0.0657
12030,2406,-21.2039,5,0,0.8286,1160.3076,50.5498,0.1642,0.0657
12035,2407,5.9568,5,0,0.8905,1193.1313,43.8135,0.1006,0.0657
12040,2408,-42.3572,5,0,0.8294,1146.9827,51.3759,0.1731,0.0656
12045,2409,-4.8488,5,0,0.8472,1246.5602,47.3267,0.1380,0.0656
12050,2410,55.9680,5,0,0.9052,1440.9363,43.6670,0.1019,0.0656
12055,2411,56.2170,5,0,0.7571,1368.4391,46.2441,0.1324,0.0655
12060,2412,39.5824,5,0,0.9191,1455.2397,52.8801,0.5634,0.0655
12065,2413,6.0176,5,0,0.8944,1283.1877,45.4853,0.1074,0.0655
12070,2414,55.9727,5,0,0.8909,1233.8610,53.4585,2.3382,0.0654
12075,2415,-26.2942,5,0,0.8773,1149.1118,46.6574,0.1245,0.0654
12080,2416,-42.5790,5,0,0.8783,1422.2673,46.5184,0.1042,0.0654
12085,2417,5.9463,5,0,0.8863,971.3822,46.1183,0.0996,0.0653
12090,2418,-9.7955,5,0,0.8385,1338.6250,47.7273,0.1498,0.0653
12095,2419,-26.3727,5,0,0.8863,1197.3442,50.6729,0.1041,0.0653
12100,2420,-26.1321,5,0,0.8108,1100.6718,50.8745,0.1621,0.0652
12105,2421,6.6456,5,0,0.8372,1491.8926,46.9088,0.1810,0.0652
12110,2422,28.7055,5,0,0.8163,1151.1013,47.5296,0.4092,0.0652
12115,2423,28.6776,5,0,0.8729,1170.8628,47.6584,1.2651,0.0651
12120,2424,23.6360,5,0,0.8574,1172.6975,50.0883,1.2028,0.0651
12125,2425,56.0189,5,0,0.8660,1331.6545,41.5996,2.3098,0.0651
12130,2426,-4.6395,5,0,0.8093,1095.9678,49.6929,0.1839,0.0650
12135,2427,-41.8019,5,0,0.6594,1003.4650,48.0817,0.3991,0.0650
12140,2428,40.5332,5,0,0.7884,1040.4713,51.1485,1.6676,0.0650
12145,2429,-8.8194,5,0,0.7065,1061.6139,46.5569,0.3246,0.0650
12150,2430,-42.2442,5,0,0.7730,1270.0305,48.0020,0.2197,0.0649
12155,2431,-42.0982,5,0,0.7445,1226.9996,53.8660,0.2583,0.0649
12160,2432,-9.5740,5,0,0.7896,1430.7195,45.2278,0.2045,0.0649
12165,2433,-3.9788,5,0,0.7829,1445.4194,50.8098,0.2855,0.0648
12170,2434,-20.3130,5,0,0.7209,1163.9197,49.8184,0.2943,0.0648
12175,2435,6.7784,5,0,0.8243,1155.0964,50.1343,0.1961,0.0648
12180,2436,-9.7670,5,0,0.8337,1131.7621,48.5480,0.1688,0.0647
12185,2437,-42.1101,5,0,0.7630,1318.7576,43.9916,0.2476,0.0647
12190,2438,-21.4072,5,0,0.9085,1123.6646,51.0773,0.1014,0.0647
12195,2439,-26.1830,5,0,0.8673,1222.5637,47.0657,0.1427,0.0646
12200,2440,57.0724,5,0,0.7541,1112.1455,44.9417,0.4573,0.0646
12205,2441,-21.5091,5,0,0.8432,1052.4199,47.8298,0.1362,0.0646
12210,2442,-10.1407,5,0,0.8946,1192.8560,44.0247,0.1132,0.0645
12215,2443,-37.3951,5,0,0.8465,1303.8667,51.1322,0.1636,0.0645
12220,2444,23.5914,5,0,0.9037,1233.6965,52.4106,0.5489,0.0645
12225,2445,-21.4816,5,0,0.9067,1058.7722,52.7422,0.0965,0.0644
12230,2446,-10.4032,5,0,0.9078,1133.4296,50.0281,0.0741,0.0644
12235,2447,-10.1862,5,0,0.8925,1310.9121,46.4604,0.1163,0.0644
12240,2448,-26.5354,5,0,0.9274,1146.6677,49.3020,0.0832,0.0643
12245,2449,23.7819,5,0,0.7650,1126.4379,46.6945,1.0095,0.0643
12250,2450,-16.6102,5,0,0.9307,1508.7964,51.6495,0.0682,0.0643
12255,2451,23.7869,5,0,0.8733,1231.9868,47.7203,0.8087,0.0642
12260,2452,-26.3506,5,0,0.8754,1036.1838,46.2805,0.0916,0.0642
12265,2453,5.8431,5,0,0.9152,1301.8173,49.2688,0.0881,0.0642
12270,2454,-37.5595,5,0,0.8505,1207.2163,48.6278,0.1379,0.0642
12275,2455,5.8660,5,0,0.9101,1235.9978,41.9877,0.0906,0.0641
12280,2456,-42.6594,5,0,0.9172,1217.0422,51.1264,0.0914,0.0641
12285,2457,-26.2412,5,0,0.8823,1277.1411,47.7529,0.1335,0.0641
12290,2458,-26.6417,5,0,0.9379,1156.7410,46.2225,0.0641,0.0640
12295,2459,44.6676,5,0,0.8952,1188.7386,56.0020,2.5646,0.0640
12300,2460,-26.3541,5,0,0.8883,1083.2117,45.5591,0.1042,0.0640
12305,2461,-37.4323,5,0,0.8409,1238.3899,54.1803,0.1579,0.0639
12310,2462,-10.4168,5,0,0.9158,1254.1697,45.6188,0.0787,0.0639
12315,2463,-42.5955,5,0,0.8958,1235.1854,46.6255,0.1086,0.0639
12320,2464,-37.4843,5,0,0.8834,1273.1091,42.6142,0.1302,0.0638
12325,2465,56.2654,5,0,0.8725,1119.1562,47.3716,0.5199,0.0638
12330,2466,-10.2900,5,0,0.8905,1532.2471,45.5001,0.0878,0.0638
12335,2467,-42.7011,5,0,0.9205,1284.3479,48.0103,0.0762,0.0637
12340,2468,-58.8649,5,0,0.9137,1234.3142,47.7168,0.0826,0.0637
12345,2469,-26.5136,5,0,0.9144,1087.9001,47.0830,0.0867,0.0637
12350,2470,-58.6792,5,0,0.8567,1251.7469,38.4762,0.1416,0.0636
12355,2471,6.0538,5,0,0.8851,1085.1609,55.6144,0.1117,0.0636
12360,2472,-42.6471,5,0,0.9075,1165.5901,45.2832,0.0952,0.0636
12365,2473,5.8234,5,0,0.9172,1265.5836,46.2263,0.0861,0.0636
12370,2474,-26.4442,5,0,0.9105,1172.4728,49.6727,0.0867,0.0635
12375,2475,-10.6389,5,0,0.9554,1335.8759,48.6337,0.0461,0.0635
12380,2476,-37.6637,5,0,0.9202,1162.0758,45.9592,0.0870,0.0635
12385,2477,-58.9083,5,0,0.9475,1401.0117,54.7731,0.0537,0.0634
12390,2478,-42.8246,5,0,0.9524,1100.5375,43.5356,0.0439,0.0634
12395,2479,-5.4694,5,0,0.9312,1262.7700,41.1356,0.0709,0.0634
12400,2480,-10.5342,5,0,0.9406,1204.8390,45.1267,0.0599,0.0633
12405,2481,17.2075,5,0,0.9357,1490.6267,50.2721,0.0634,0.0633
12410,2482,-26.6732,5,0,0.9442,1308.6130,43.7592,0.0553,0.0633
12415,2483,-21.7942,5,0,0.9591,1281.0186,47.0338,0.0319,0.0632
12420,2484,-58.9299,5,0,0.9639,1157.3223,53.7147,0.0367,0.0632
12425,2485,-53.8799,5,0,0.8134,1178.7953,48.6285,0.1681,0.0632
12430,2486,-42.8837,5,0,0.9413,1064.5635,47.0940,0.0433,0.0631
12435,2487,-10.8049,5,0,0.9734,1140.0330,43.8865,0.0251,0.0631
12440,2488,-3.7802,5,0,0.8901,1148.0963,52.0497,1.3181,0.0631
12445,2489,5.3177,5,0,0.9563,1054.0759,46.4224,0.0323,0.0630
12450,2490,5.4141,5,0,0.9345,1096.7122,51.7550,0.0425,0.0630
12455,2491,-26.5245,5,0,0.9158,1215.1428,50.2385,0.0851,0.0630
12460,2492,5.4545,5,0,0.9534,1220.4569,49.0503,0.0467,0.0630
12465,2493,-42.8521,5,0,0.9471,1153.2828,40.0070,0.0427,0.0629
12470,2494,-37.8247,5,0,0.9499,1157.4856,49.9159,0.0506,0.0629
12475,2495,-5.7679,5,0,0.9688,1110.0636,47.7268,0.0293,0.0629
12480,2496,-3.8790,5,0,0.9395,1177.4928,43.1402,0.0524,0.0628
12485,2497,-10.6244,5,0,0.9394,994.4932,49.4553,0.0510,0.0628
12490,2498,-10.7607,5,0,0.9721,1044.5220,45.2653,0.0300,0.0628
12495,2499,-10.6488,5,0,0.9561,1098.2749,49.6506,0.0444,0.0627
12500,2500,-10.7616,5,0,0.9677,1112.8762,47.9099,0.0295,0.0627
12505,2501,-10.5739,5,0,0.9389,1087.8667,43.0340,0.0547,0.0627
12510,2502,-58.9658,5,0,0.9691,1375.3248,45.0744,0.0240,0.0626
12515,2503,-5.6762,5,0,0.9605,1295.2473,49.9751,0.0411,0.0626
12520,2504,-10.8503,5,0,0.9788,1104.3936,46.1459,0.0194,0.0626
12525,2505,-43.8218,5,0,0.8751,1173.9211,45.8222,0.0785,0.0626
12530,2506,55.8620,5,0,0.9190,1184.9556,43.9635,2.5216,0.0625
12535,2507,-26.7765,5,0,0.9602,1068.2683,41.2608,0.0357,0.0625
12540,2508,7.2150,5,0,0.9181,1074.2465,45.2364,0.0853,0.0625
12545,2509,-26.6711,5,0,0.9200,1108.0459,48.7824,0.0675,0.0624
12550,2510,-58.8743,5,0,0.9366,1233.2200,49.2391,0.0658,0.0624
12555,2511,-42.8887,5,0,0.9725,1214.2419,48.6035,0.0273,0.0624
12560,2512,5.2407,5,0,0.9759,1032.9154,43.1551,0.0244,0.0623
12565,2513,-10.7282,5,0,0.9671,945.0168,43.5419,0.0335,0.0623
12570,2514,-21.8148,5,0,0.9688,1308.5593,49.3235,0.0322,0.0623
12575,2515,-10.7918,5,0,0.9683,1253.9087,45.0157,0.0289,0.0622
12580,2516,-10.5705,5,0,0.9271,1041.1855,48.5329,0.0596,0.0622
12585,2517,-10.8083,5,0,0.9778,1259.9456,50.5010,0.0227,0.0622
12590,2518,39.5412,5,0,0.9353,1133.2239,40.2352,2.7193,0.0621
12595,2519,-5.2826,5,0,0.9188,1081.9812,48.7395,0.0908,0.0621
12600,2520,-5.4668,5,0,0.9353,1367.7793,45.4815,0.0670,0.0621
12605,2521,-16.2040,5,0,0.8773,1253.2249,48.2317,0.1432,0.0621
12610,2522,-42.7010,5,0,0.9064,1122.2279,45.2659,0.0778,0.0620
12615,2523,-10.6095,5,0,0.9539,1205.2739,46.1163,0.0476,0.0620
12620,2524,-26.6369,5,0,0.9419,1243.9958,49.4369,0.0629,0.0620
12625,2525,-42.4955,5,0,0.8625,1201.7819,47.5883,0.1363,0.0619
12630,2526,39.5213,5,0,0.9160,1263.3213,45.4422,0.0627,0.0619
12635,2527,44.3881,5,0,0.9395,1194.1881,49.0658,1.1520,0.0619
12640,2528,-42.8850,5,0,0.9058,1101.7490,46.9191,0.0471,0.0618
12645,2529,-21.3850,5,0,0.8450,1153.0156,44.9714,0.1380,0.0618
12650,2530,-58.8820,5,0,0.9232,1134.0745,45.0507,0.0760,0.0618
12655,2531,-26.7709,5,0,0.9590,1210.5100,46.8325,0.0407,0.0618
12660,2532,-58.7825,5,0,0.8600,1354.0071,44.6633,0.1385,0.0617
12665,2533,6.0815,5,0,0.8969,1097.3142,50.8191,0.1145,0.0617
12670,2534,5.9223,5,0,0.9320,1208.4880,58.7530,0.0970,0.0617
12675,2535,-37.6409,5,0,0.9249,1210.1846,51.5132,0.0933,0.0616
12680,2536,44.2154,5,0,0.9654,1352.4994,51.7815,2.0589,0.0616
12685,2537,-26.7228,5,0,0.9527,1164.5581,43.0911,0.0484,0.0616
12690,2538,-10.5949,5,0,0.9452,1230.7075,43.9284,0.0512,0.0615
12695,2539,-10.4942,5,0,0.9315,1193.5457,50.7802,0.0647,0.0615
12700,2540,5.2428,5,0,0.9704,1065.1527,43.9355,0.0246,0.0615
12705,2541,-10.5310,5,0,0.9376,978.6003,44.2063,0.0633,0.0614
12710,2542,-42.7417,5,0,0.9366,1294.1597,52.0914,0.0653,0.0614
12715,2543,-42.7753,5,0,0.9183,1335.9738,36.3177,0.0647,0.0614
12720,2544,-21.6207,5,0,0.9423,1295.7800,48.3107,0.0644,0.0614
12725,2545,44.5572,5,0,0.9119,1187.4626,43.5547,1.4256,0.0613
12730,2546,-26.5584,5,0,0.9083,1044.7043,45.2460,0.0792,0.0613
12735,2547,-37.4552,5,0,0.8187,1134.3934,37.8941,0.1655,0.0613
12740,2548,28.4227,5,0,0.8963,1226.4138,54.0516,0.5149,0.0612
12745,2549,-26.5485,5,0,0.9171,1183.7957,47.1408,0.0730,0.0612
12750,2550,39.3122,5,0,0.9599,1264.5701,41.7459,1.9751,0.0612
12755,2551,-5.6241,5,0,0.9438,1158.3910,43.7146,0.0501,0.0611
12760,2552,5.7983,5,0,0.9213,1201.2004,42.5076,0.0832,0.0611
12765,2553,-26.5005,5,0,0.8865,1289.4077,47.3261,0.1090,0.0611
12770,2554,39.4104,5,0,0.9437,1296.2386,46.1640,0.0531,0.0611
12775,2555,39.3528,5,0,0.9484,1266.2219,47.3811,1.8215,0.0610
12780,2556,5.6101,5,0,0.9326,1071.9403,43.9426,0.0630,0.0610
12785,2557,-42.5932,5,0,0.8970,1269.9707,46.3628,0.1058,0.0610
12790,2558,-42.5040,5,0,0.8765,1211.5283,44.7359,0.1284,0.0609
12795,2559,-9.2946,5,0,0.7900,1175.1350,48.4841,0.2203,0.0609
12800,2560,-26.2563,5,0,0.8771,1302.6788,43.4698,0.1268,0.0609
12805,2561,-26.3006,5,0,0.8546,1038.6798,48.2626,0.1433,0.0608
12810,2562,40.0638,5,0,0.8630,1398.2871,44.2873,2.0454,0.0608
12815,2563,-10.2629,5,0,0.8966,1453.4382,45.1929,0.0952,0.0608
12820,2564,56.2085,5,0,0.8787,1100.4907,50.9411,0.1288,0.0607
12825,2565,-48.7463,5,0,0.8609,1055.8142,43.6872,0.1537,0.0607
12830,2566,-21.4924,5,0,0.9065,1013.9713,36.0800,0.0905,0.0607
12835,2567,55.7011,5,0,0.9202,1373.4053,56.2274,0.0730,0.0607
12840,2568,-10.5269,5,0,0.9408,1262.3047,47.1863,0.0569,0.0606
12845,2569,-10.1779,5,0,0.8977,1106.5791,44.6241,0.1064,0.0606
12850,2570,5.6041,5,0,0.9298,1144.4141,47.7156,0.0624,0.0606
12855,2571,7.4756,5,0,0.8061,1139.4458,47.9995,1.3185,0.0605
12860,2572,-26.4824,5,0,0.8975,1084.8953,48.7681,0.0971,0.0605
12865,2573,5.7240,5,0,0.9173,1106.6754,44.0916,0.0757,0.0605
12870,2574,-42.5458,5,0,0.8916,1147.6082,45.9797,0.0819,0.0604
12875,2575,-21.4599,5,0,0.9053,1014.8154,48.9218,0.0874,0.0604
12880,2576,-53.6706,5,0,0.8353,1063.2959,47.2558,0.1297,0.0604
12885,2577,-25.4535,5,0,0.6504,1039.9772,43.0893,0.3711,0.0604
12890,2578,-37.8578,5,0,0.9292,1058.7157,44.1010,0.0489,0.0603
12895,2579,-10.4553,5,0,0.9168,980.0991,44.1688,0.0740,0.0603
12900,2580,-26.5395,5,0,0.9061,1303.4039,37.8270,0.0860,0.0603
12905,2581,5.5978,5,0,0.9205,1230.3678,52.9539,0.0618,0.0602
12910,2582,-26.6128,5,0,0.9388,1171.5155,52.0483,0.0636,0.0602
12915,2583,-21.7147,5,0,0.9478,1309.1067,42.3590,0.0515,0.0602
12920,2584,-5.1427,5,0,0.8914,1319.7729,44.7569,0.1193,0.0602
12925,2585,-5.4805,5,0,0.9075,1231.5659,43.7703,0.0630,0.0601
12930,2586,-42.8284,5,0,0.9570,998.4619,53.9792,0.0452,0.0601
12935,2587,-48.9160,5,0,0.9580,1305.7378,37.9093,0.0395,0.0601
12940,2588,28.2721,5,0,0.9467,985.8242,37.7644,1.7609,0.0600
12945,2589,28.2973,5,0,0.9196,1141.6034,41.2873,1.4561,0.0600
12950,2590,-42.8356,5,0,0.9565,1285.4585,44.6626,0.0414,0.0600
12955,2591,-42.7483,5,0,0.8800,1233.3495,41.5653,0.0903,0.0599
12960,2592,5.6037,5,0,0.9043,1133.9143,43.4621,0.0625,0.0599
12965,2593,-42.7274,5,0,0.9356,1064.1841,46.4874,0.0692,0.0599
12970,2594,-42.7960,5,0,0.9405,1240.4514,38.9953,0.0582,0.0599
12975,2595,-10.4972,5,0,0.9333,1003.1592,43.9358,0.0630,0.0598
12980,2596,-42.6704,5,0,0.9163,937.2054,47.1757,0.0821,0.0598
12985,2597,-42.8251,5,0,0.9433,1329.1953,46.4590,0.0522,0.0598
12990,2598,-10.2242,5,0,0.8979,1351.2058,44.9747,0.1035,0.0597
12995,2599,-26.7570,5,0,0.9577,1211.1807,52.7587,0.0382,0.0597
13000,2600,55.7802,5,0,0.9022,1435.8696,38.2848,0.5256,0.0597
13005,2601,-21.7787,5,0,0.9610,997.1731,44.7916,0.0354,0.0596
13010,2602,-32.5883,5,0,0.8221,1184.6226,46.0746,0.1597,0.0596
13015,2603,-21.4945,5,0,0.9210,1294.1145,44.5304,0.0820,0.0596
13020,2604,23.4354,5,0,0.9121,1101.3516,44.2255,1.4601,0.0596
13025,2605,-26.5638,5,0,0.9140,1238.0485,44.2133,0.0864,0.0595
13030,2606,-5.3932,5,0,0.9225,1172.7676,46.3732,0.0793,0.0595
13035,2607,-32.8303,5,0,0.9444,1185.0730,43.9944,0.0442,0.0595
13040,2608,-37.5781,5,0,0.8592,1374.1255,45.1751,0.1366,0.0594
13045,2609,-10.6052,5,0,0.9470,1119.2640,45.0585,0.0504,0.0594
13050,2610,-26.6912,5,0,0.9438,1237.4985,43.6317,0.0545,0.0594
13055,2611,39.1976,5,0,0.9678,1388.5406,44.3393,3.6738,0.0594
13060,2612,-42.6139,5,0,0.9024,1128.7842,48.4665,0.0992,0.0593
13065,2613,-26.3118,5,0,0.8573,1160.7732,44.2872,0.1405,0.0593
13070,2614,7.4150,5,0,0.8078,1332.8561,46.4504,0.4227,0.0593
13075,2615,5.7786,5,0,0.9173,1068.4673,38.5068,0.0811,0.0592
13080,2616,-10.4389,5,0,0.9211,1361.6698,46.0169,0.0713,0.0592
13085,2617,-21.2992,5,0,0.8784,1386.1770,46.1599,0.1250,0.0592
13090,2618,-26.3062,5,0,0.8715,1258.3220,46.1905,0.1296,0.0591
13095,2619,-9.6727,5,0,0.8408,1345.8754,41.0824,0.1848,0.0591
13100,2620,44.5590,5,0,0.9229,1170.6062,49.5599,2.1699,0.0591
13105,2621,6.0444,5,0,0.8873,1145.4968,40.5139,0.1107,0.0591
13110,2622,-58.7668,5,0,0.8773,1218.6389,43.6199,0.1175,0.0590
13115,2623,-26.6673,5,0,0.9265,1149.0015,50.2348,0.0628,0.0590
13120,2624,23.7547,5,0,0.8491,1256.8398,39.9524,2.0395,0.0590
13125,2625,-26.4050,5,0,0.8475,1317.6696,45.5708,0.1130,0.0589
13130,2626,56.7929,5,0,0.8069,1162.1110,44.4317,1.7266,0.0589
13135,2627,-9.5766,5,0,0.7965,1150.1577,46.2668,0.1932,0.0589
13140,2628,23.8891,5,0,0.8091,981.1155,47.2076,0.7546,0.0589
13145,2629,-42.3337,5,0,0.7987,1193.6664,39.9582,0.1985,0.0588
13150,2630,-37.1191,5,0,0.7786,987.8909,48.0269,0.2415,0.0588
13155,2631,-42.1203,5,0,0.7930,1156.2471,40.4263,0.2004,0.0588
13160,2632,45.8092,5,0,0.7078,1235.4883,42.2973,0.8085,0.0587
13165,2633,40.6760,5,0,0.7448,1140.0430,46.0149,0.6834,0.0587
13170,2634,-25.8531,5,0,0.7538,1394.2786,43.2898,0.2265,0.0587
13175,2635,-9.6990,5,0,0.8170,1209.1746,42.4535,0.1792,0.0587
13180,2636,-9.4936,5,0,0.7856,1296.0959,46.4064,0.2163,0.0586
13185,2637,-42.4107,5,0,0.8563,1228.6177,51.1352,0.1467,0.0586
13190,2638,-9.6119,5,0,0.8165,1171.4475,48.0177,0.1885,0.0586
13195,2639,-42.5198,5,0,0.8697,1148.0654,49.0277,0.1218,0.0585
13200,2640,40.4532,5,0,0.8078,1198.9927,49.8791,1.0495,0.0585
13205,2641,24.0003,5,0,0.8180,1129.5591,38.8737,1.1009,0.0585
13210,2642,-26.0542,5,0,0.8538,1226.8289,46.1468,0.1453,0.0584
13215,2643,40.5552,5,0,0.7628,1220.6069,39.6943,1.6083,0.0584
13220,2644,-53.8846,5,0,0.6814,943.6284,46.8695,0.2605,0.0584
13225,2645,-25.4968,5,0,0.7176,1146.5376,43.7960,0.2952,0.0584
13230,2646,45.9881,5,0,0.6926,1298.0894,46.0384,0.7811,0.0583
13235,2647,7.0336,5,0,0.7708,1300.4238,37.9331,0.2280,0.0583
13240,2648,-4.1158,5,0,0.7588,1179.4258,42.6313,0.2701,0.0583
13245,2649,-37.1127,5,0,0.7408,1024.2170,43.9932,0.2641,0.0582
13250,2650,-8.7945,5,0,0.6755,1160.5249,46.7976,0.3030,0.0582
13255,2651,-42.0101,5,0,0.7936,1215.0442,45.2480,0.2546,0.0582
13260,2652,-26.1770,5,0,0.7702,1229.4684,47.8113,0.1680,0.0582
13265,2653,6.2184,5,0,0.8659,1113.9012,46.3465,0.1305,0.0581
13270,2654,40.6420,5,0,0.8276,1257.0149,47.3968,0.2308,0.0581
13275,2655,-53.7657,5,0,0.8844,1230.2013,45.8468,0.1182,0.0581
13280,2656,-21.0392,5,0,0.8130,1389.8447,45.0628,0.1623,0.0580
13285,2657,6.5455,5,0,0.8369,1240.9336,42.9265,0.1681,0.0580
13290,2658,-10.1720,5,0,0.8810,1547.4148,43.8306,0.0999,0.0580
13295,2659,-26.3862,5,0,0.8951,1376.3062,47.6248,0.1095,0.0580
13300,2660,5.9951,5,0,0.8894,1188.8903,44.7665,0.1052,0.0579
13305,2661,-21.6198,5,0,0.9270,1221.1360,43.7534,0.0610,0.0579
13310,2662,-10.4517,5,0,0.8985,1350.4749,44.9665,0.0786,0.0579
13315,2663,-58.8841,5,0,0.9196,1232.3625,43.2458,0.0773,0.0578
13320,2664,-37.5977,5,0,0.8637,1252.3212,49.2184,0.1239,0.0578
13325,2665,-58.8340,5,0,0.9215,1432.6714,38.7720,0.0711,0.0578
13330,2666,5.7611,5,0,0.9248,1321.4792,46.9258,0.0792,0.0578
13335,2667,-21.6776,5,0,0.9385,1148.6201,46.2416,0.0579,0.0577
13340,2668,-42.7375,5,0,0.9276,1184.4716,40.2624,0.0691,0.0577
13345,2669,5.4287,5,0,0.9526,1078.3605,45.1142,0.0438,0.0577
13350,2670,-58.8757,5,0,0.9173,914.8138,48.0211,0.0792,0.0576
13355,2671,-37.8058,5,0,0.8991,1112.7314,42.1081,0.0786,0.0576
13360,2672,23.2328,5,0,0.9610,1232.0986,41.8903,2.6069,0.0576
13365,2673,5.5173,5,0,0.9375,1269.4850,46.2462,0.0531,0.0576
13370,2674,44.5540,5,0,0.9200,978.2395,46.3059,1.5042,0.0575
13375,2675,-10.3367,5,0,0.9113,1205.7552,44.3148,0.0885,0.0575
13380,2676,-42.2821,5,0,0.8718,1330.6179,48.8752,0.1783,0.0575
13385,2677,-26.3321,5,0,0.8866,1134.9133,40.9799,0.1239,0.0574
13390,2678,-21.5847,5,0,0.9151,1183.9062,40.9372,0.0734,0.0574
13395,2679,-10.4408,5,0,0.9038,1366.6095,40.8029,0.0782,0.0574
13400,2680,23.4849,5,0,0.9198,1158.5280,48.5773,1.0505,0.0574
13405,2681,-10.1554,5,0,0.8914,1153.1516,45.2744,0.1123,0.0573
13410,2682,-26.5273,5,0,0.9236,1241.0776,42.4354,0.0732,0.0573
13415,2683,-21.1461,5,0,0.8360,1163.0684,40.6821,0.1641,0.0573
13420,2684,-10.4888,5,0,0.9199,1057.4692,45.7684,0.0696,0.0572
13425,2685,-42.7806,5,0,0.9424,1203.6211,45.6945,0.0564,0.0572
13430,2686,-10.0070,5,0,0.8789,1110.7163,46.7107,0.1301,0.0572
13435,2687,-26.6329,5,0,0.9302,1131.6082,46.2229,0.0668,0.0572
13440,2688,-26.3711,5,0,0.8742,1121.8386,44.4430,0.1209,0.0571
13445,2689,-10.4414,5,0,0.9206,1190.1973,37.9823,0.0745,0.0571
13450,2690,-26.5813,5,0,0.9299,1139.9780,49.1153,0.0718,0.0571
13455,2691,-10.5135,5,0,0.9355,1216.2411,39.8530,0.0610,0.0570
13460,2692,-26.6587,5,0,0.9303,1205.9155,47.6991,0.0636,0.0570
13465,2693,-21.6904,5,0,0.9429,1144.8602,40.7008,0.0564,0.0570
13470,2694,5.3608,5,0,0.9552,952.7971,48.0608,0.0368,0.0570
13475,2695,23.3223,5,0,0.9413,1179.0669,37.7419,0.0510,0.0569
13480,2696,-42.7427,5,0,0.9423,1229.0354,49.3892,0.0475,0.0569
13485,2697,55.5460,5,0,0.9436,939.4083,43.2193,2.9133,0.0569
13490,2698,55.7614,5,0,0.8901,1165.3344,45.1421,0.9275,0.0568
13495,2699,5.9706,5,0,0.8963,1112.0684,43.6344,0.1021,0.0568
13500,2700,5.8235,5,0,0.8981,1108.7026,45.6359,0.0862,0.0568
13505,2701,-70.0000,5,0,0.9239,1267.6167,40.3494,0.0674,0.0568
13510,2702,56.0795,5,0,0.8641,1290.6257,49.8952,2.2500,0.0567
13515,2703,-58.8245,5,0,0.9072,1316.6792,43.8638,0.0891,0.0567
13520,2704,40.0387,5,0,0.8222,1071.3835,44.4519,0.4574,0.0567
13525,2705,23.8013,5,0,0.8536,1183.9274,46.7547,2.0172,0.0567
13530,2706,40.5215,5,0,0.7361,1241.7302,42.8450,0.2207,0.0566
13535,2707,-42.3976,5,0,0.8379,1088.4374,43.9405,0.1747,0.0566
13540,2708,-42.1962,5,0,0.7914,1268.4561,49.2116,0.2248,0.0566
13545,2709,-26.0518,5,0,0.7972,1188.2153,40.1239,0.1971,0.0565
13550,2710,-48.5168,5,0,0.7757,985.0278,43.5815,0.2969,0.0565
13555,2711,-10.1095,5,0,0.8714,1364.8611,47.3202,0.1204,0.0565
13560,2712,-42.3300,5,0,0.7792,1310.9474,46.1480,0.2173,0.0565
13565,2713,-42.3931,5,0,0.8254,1022.0024,42.1729,0.1843,0.0564
13570,2714,-58.7115,5,0,0.8655,1340.1504,43.9833,0.1275,0.0564
13575,2715,-26.0411,5,0,0.7993,1080.5325,39.3060,0.2073,0.0564
13580,2716,-5.0001,5,0,0.8636,1061.5503,43.8278,0.1347,0.0563
13585,2717,-26.0946,5,0,0.8392,1108.8840,42.4890,0.1759,0.0563
13590,2718,-10.1309,5,0,0.8678,1348.7510,41.4351,0.1206,0.0563
13595,2719,-21.4290,5,0,0.9057,1302.6050,41.3208,0.0979,0.0563
13600,2720,-10.0454,5,0,0.8776,1089.1838,45.6739,0.1276,0.0562
13605,2721,-26.4841,5,0,0.8886,1076.9012,43.0848,0.0883,0.0562
13610,2722,-26.2635,5,0,0.8754,1063.7581,50.7981,0.1350,0.0562
13615,2723,5.6876,5,0,0.9234,1040.4668,45.4047,0.0713,0.0562
13620,2724,39.5678,5,0,0.9295,1024.6731,41.9606,2.6722,0.0561
13625,2725,-42.5025,5,0,0.8787,1275.7893,52.3103,0.0999,0.0561
13630,2726,6.2063,5,0,0.8594,1098.9291,45.7965,0.1289,0.0561
13635,2727,-5.0602,5,0,0.8626,1324.4067,45.3001,0.1227,0.0560
13640,2728,55.9501,5,0,0.8853,1033.1863,47.6448,2.3753,0.0560
13645,2729,-26.3373,5,0,0.8903,1169.1910,48.3726,0.1090,0.0560
13650,2730,-26.3233,5,0,0.8431,1276.9578,44.2195,0.1310,0.0560
13655,2731,-26.5506,5,0,0.9077,1254.8701,46.7501,0.0824,0.0559
13660,2732,-53.8031,5,0,0.8061,1223.2697,47.5110,0.1563,0.0559
13665,2733,-4.5650,5,0,0.7960,1216.6147,45.1805,0.1983,0.0559
13670,2734,-58.7905,5,0,0.8159,1199.5316,54.4816,0.4580,0.0558
13675,2735,56.1933,5,0,0.8497,1186.1331,41.6831,1.1429,0.0558
13680,2736,-10.3727,5,0,0.9118,918.8085,45.7920,0.0796,0.0558
13685,2737,24.2042,5,0,0.7926,1124.1047,43.6077,1.3395,0.0558
13690,2738,7.1747,5,0,0.7734,1309.4106,43.6514,0.2457,0.0557
13695,2739,12.4837,5,0,0.8634,1050.5767,41.1592,2.2143,0.0557
13700,2740,-26.1674,5,0,0.8274,1046.7634,41.8300,0.1614,0.0557
13705,2741,-58.7612,5,0,0.7935,1270.7859,46.2452,0.1763,0.0557
13710,2742,-42.2058,5,0,0.7911,1153.5518,44.1852,0.2153,0.0556
13715,2743,45.8334,5,0,0.7458,1059.4229,50.7736,0.9510,0.0556
13720,2744,-25.7826,5,0,0.7684,1168.9541,42.7821,0.2390,0.0556
13725,2745,-42.1763,5,0,0.7825,1214.9589,36.9471,0.2145,0.0555
13730,2746,-42.4842,5,0,0.8509,1049.4081,45.6311,0.1417,0.0555
13735,2747,-58.6180,5,0,0.8087,1029.1047,40.6027,0.1915,0.0555
13740,2748,56.4007,5,0,0.8575,1074.5807,47.4377,0.1510,0.0555
13745,2749,-21.3452,5,0,0.8785,1235.7844,45.7488,0.1192,0.0554
13750,2750,-10.1946,5,0,0.8927,1209.7545,46.5348,0.1070,0.0554
13755,2751,-26.2091,5,0,0.8635,1173.2776,42.9986,0.1405,0.0554
13760,2752,-70.0000,5,0,0.8350,1199.7430,49.7800,0.4473,0.0554
13765,2753,-53.7377,5,0,0.8782,1198.5178,37.5898,0.1424,0.0553
13770,2754,-9.7099,5,0,0.8346,1272.4342,44.8916,0.1768,0.0553
13775,2755,-26.5114,5,0,0.9006,1142.2188,45.4190,0.0920,0.0553
13780,2756,-26.5391,5,0,0.9103,1217.9275,41.6851,0.0836,0.0552
13785,2757,45.0341,5,0,0.8432,1047.8406,47.9506,1.6577,0.0552
13790,2758,40.7765,5,0,0.7654,1260.3289,42.6216,0.9278,0.0552
13795,2759,-9.9448,5,0,0.8857,1162.6025,48.9952,0.1375,0.0552
13800,2760,-37.5856,5,0,0.8825,1242.8470,46.6391,0.1177,0.0551
13805,2761,-5.3014,5,0,0.9076,1096.4771,42.9567,0.0859,0.0551
13810,2762,56.9223,5,0,0.7935,1129.5112,42.9614,0.9158,0.0551
13815,2763,-21.4081,5,0,0.8712,1176.2971,46.2443,0.1069,0.0550
13820,2764,-37.5524,5,0,0.8677,1370.9028,41.6228,0.1137,0.0550
13825,2765,-3.5848,5,0,0.7377,930.9705,45.5940,0.6567,0.0550
13830,2766,-42.5431,5,0,0.7962,1063.1298,41.9177,0.1730,0.0550
13835,2767,56.2721,5,0,0.8698,1018.1583,40.5082,1.6152,0.0549
13840,2768,-21.1007,5,0,0.8332,970.2808,44.2795,0.1644,0.0549
13845,2769,-58.8372,5,0,0.8535,1199.2898,44.3742,0.1421,0.0549
13850,2770,-42.1002,5,0,0.7560,1238.9646,51.0695,0.2779,0.0549
13855,2771,-42.5794,5,0,0.8982,1200.1882,46.3447,0.1024,0.0548
13860,2772,-37.3353,5,0,0.8156,1272.2830,44.9608,0.1650,0.0548
13865,2773,-42.4473,5,0,0.8608,1309.4192,50.4423,0.1370,0.0548
13870,2774,-9.6692,5,0,0.8183,1112.3357,45.9867,0.1859,0.0548
13875,2775,-26.3514,5,0,0.8769,1146.0132,42.7468,0.1167,0.0547
13880,2776,-9.8611,5,0,0.8445,907.1744,49.6133,0.1567,0.0547
13885,2777,6.2439,5,0,0.8687,1104.9854,43.0652,0.1334,0.0547
13890,2778,-42.7549,5,0,0.9387,1207.5347,50.9472,0.0637,0.0546
13895,2779,-58.8197,5,0,0.8534,1081.0068,46.2796,0.1004,0.0546
13900,2780,28.4695,5,0,0.8647,1020.2654,44.8645,1.2236,0.0546
13905,2781,7.5258,5,0,0.8307,894.8453,50.8321,0.7691,0.0546
13910,2782,-42.3003,5,0,0.7771,1184.7314,37.5652,0.1754,0.0545
13915,2783,40.1453,5,0,0.8261,1126.0292,44.8486,1.4300,0.0545
13920,2784,-42.4759,5,0,0.8634,1048.3743,45.5177,0.1213,0.0545
13925,2785,-37.2352,5,0,0.8022,997.6682,42.0928,0.2207,0.0545
13930,2786,-42.3912,5,0,0.7645,1071.0507,48.6674,0.2143,0.0544
13935,2787,6.3051,5,0,0.8675,1145.9333,44.6441,0.1399,0.0544
13940,2788,-53.7207,5,0,0.8604,1137.7427,45.2477,0.1392,0.0544
13945,2789,-4.9221,5,0,0.8654,1186.0742,44.4021,0.1481,0.0543
13950,2790,-26.5624,5,0,0.9172,1137.1331,45.9812,0.0808,0.0543
13955,2791,-37.6992,5,0,0.8656,1237.8159,40.6786,0.1118,0.0543
13960,2792,-26.3782,5,0,0.8895,1142.3262,45.4115,0.1110,0.0543
13965,2793,-42.3392,5,0,0.7227,1130.2540,49.0451,0.1934,0.0542
13970,2794,6.2744,5,0,0.8781,1052.5083,44.2186,0.1365,0.0542
13975,2795,-26.1784,5,0,0.8505,1226.2227,44.1865,0.1540,0.0542
13980,2796,-42.7296,5,0,0.8674,960.5391,42.8750,0.1104,0.0542
13985,2797,-5.2364,5,0,0.9032,1183.4458,40.5364,0.1008,0.0541
13990,2798,-26.5828,5,0,0.9273,1129.0959,49.6814,0.0747,0.0541
13995,2799,23.8124,5,0,0.8534,1150.0769,42.5767,0.8376,0.0541
14000,2800,-16.6364,5,0,0.9338,1133.2798,40.8815,0.0667,0.0541
14005,2801,-10.6490,5,0,0.9484,1050.6608,49.4632,0.0465,0.0540
14010,2802,-10.4113,5,0,0.9248,1167.4834,50.7827,0.0794,0.0540
14015,2803,-26.5418,5,0,0.8344,1205.4202,51.2235,0.1261,0.0540
14020,2804,-10.6334,5,0,0.9505,1198.2899,41.2625,0.0443,0.0539
14025,2805,5.4636,5,0,0.9452,1117.8870,39.8064,0.0475,0.0539
14030,2806,-26.6904,5,0,0.9375,1211.2892,50.2978,0.0501,0.0539
14035,2807,-10.3731,5,0,0.9210,1087.1095,47.1418,0.0817,0.0539
14040,2808,-16.7767,5,0,0.9592,958.3258,47.3560,0.0380,0.0538
14045,2809,-37.6527,5,0,0.9274,965.0533,44.4092,0.0869,0.0538
14050,2810,5.3727,5,0,0.9591,1203.0813,48.0000,0.0380,0.0538
14055,2811,-26.7518,5,0,0.9545,1064.6914,45.2537,0.0422,0.0538
14060,2812,-53.9165,5,0,0.9638,1037.2158,37.9421,0.0367,0.0537
14065,2813,-10.2676,5,0,0.8989,1193.4628,50.7613,0.0991,0.0537
14070,2814,5.7372,5,0,0.9347,924.2743,45.4163,0.0767,0.0537
14075,2815,39.5262,5,0,0.9392,999.3490,40.4503,0.0679,0.0537
14080,2816,12.1563,5,0,0.9448,1002.2747,49.2409,3.3832,0.0536
14085,2817,-10.7602,5,0,0.9583,1216.1155,37.9297,0.0329,0.0536
14090,2818,39.2795,5,0,0.9442,1352.2097,43.2450,1.1527,0.0536
14095,2819,-42.8230,5,0,0.9455,1087.5541,40.9789,0.0504,0.0535
14100,2820,-10.4208,5,0,0.9107,1194.7668,48.6277,0.0718,0.0535
14105,2821,-26.4681,5,0,0.8866,1070.1316,45.3209,0.0721,0.0535
14110,2822,-26.6644,5,0,0.8612,1041.0786,48.3699,0.0769,0.0535
14115,2823,56.0254,5,0,0.8739,1107.8234,42.9541,0.8591,0.0534
14120,2824,23.8264,5,0,0.8559,866.6439,40.1016,0.7619,0.0534
14125,2825,-16.5045,5,0,0.8947,1240.8168,46.1432,0.0888,0.0534
14130,2826,28.9557,5,0,0.7826,1253.2449,43.8018,0.4548,0.0534
14135,2827,-10.3291,5,0,0.8992,1124.6367,45.2958,0.0874,0.0533
14140,2828,-10.2152,5,0,0.8985,1221.2280,40.3795,0.1040,0.0533
14145,2829,6.5044,5,0,0.7563,1171.1465,42.9387,0.1653,0.0533
14150,2830,-42.6944,5,0,0.9148,1164.0715,43.7259,0.0850,0.0533
14155,2831,-26.1261,5,0,0.8690,917.4445,44.1473,0.1624,0.0532
14160,2832,-10.5079,5,0,0.9407,1122.6167,45.3683,0.0630,0.0532
14165,2833,39.4193,5,0,0.9431,1060.1670,40.5489,0.0558,0.0532
14170,2834,-10.6061,5,0,0.9497,1128.8615,41.6891,0.0507,0.0531
14175,2835,-16.4953,5,0,0.9204,998.9774,44.7986,0.0807,0.0531
14180,2836,5.7684,5,0,0.9160,1080.6805,40.2040,0.0800,0.0531
14185,2837,-26.5391,5,0,0.9209,1160.8362,45.1866,0.0821,0.0531
14190,2838,5.7946,5,0,0.9327,1364.9941,47.9729,0.0828,0.0530
14195,2839,-26.5359,5,0,0.9300,1013.2689,46.5467,0.0703,0.0530
14200,2840,-32.7783,5,0,0.8544,1102.8439,43.8657,0.4312,0.0530
14205,2841,-42.8274,5,0,0.9567,1044.8694,44.3765,0.0457,0.0530
14210,2842,-42.7437,5,0,0.9108,1361.6469,51.0721,0.0622,0.0529
14215,2843,-10.0998,5,0,0.9079,1201.0503,46.8081,0.1150,0.0529
14220,2844,-26.7479,5,0,0.9485,1141.7402,39.6008,0.0462,0.0529
14225,2845,-75.0000,5,0,0.9220,1354.4281,51.4341,0.0734,0.0529
14230,2846,-70.0000,5,0,0.8924,1163.6230,37.5333,0.4821,0.0528
14235,2847,-26.7987,5,0,0.9547,1147.7019,44.1615,0.0355,0.0528
14240,2848,33.4226,5,0,0.9332,1143.5938,49.3376,2.0955,0.0528
14245,2849,39.5915,5,0,0.8790,1280.7076,43.7840,0.4682,0.0528
14250,2850,-53.9235,5,0,0.8660,1126.0182,49.1338,0.1511,0.0527
14255,2851,-37.7084,5,0,0.9173,1099.8450,46.6913,0.0759,0.0527
14260,2852,44.6849,5,0,0.8799,1346.9895,47.4477,0.9064,0.0527
14265,2853,-42.7853,5,0,0.9413,1115.2676,47.5549,0.0593,0.0527
14270,2854,-75.0000,5,0,0.8980,1131.4326,47.3833,0.0862,0.0526
14275,2855,-10.7261,5,0,0.9567,1081.7961,47.8859,0.0353,0.0526
14280,2856,-58.8392,5,0,0.9196,1232.2981,40.7417,0.0803,0.0526
14285,2857,-26.3728,5,0,0.8502,1138.3931,49.4168,0.1213,0.0525
14290,2858,56.5818,5,0,0.8199,944.5918,42.6237,1.4569,0.0525
14295,2859,-48.9373,5,0,0.9222,1196.9010,38.8972,0.0938,0.0525
14300,2860,-37.7486,5,0,0.9136,1140.3571,49.8171,0.0743,0.0525
14305,2861,-26.3300,5,0,0.8453,1062.5316,48.2184,0.1255,0.0524
14310,2862,28.6821,5,0,0.8792,1114.7865,44.2338,0.5138,0.0524
14315,2863,-53.8134,5,0,0.8726,1208.3176,44.9234,0.1153,0.0524
14320,2864,-10.0318,5,0,0.8467,1193.8342,40.5761,0.1441,0.0524
14325,2865,-26.2938,5,0,0.9007,1048.1996,40.0250,0.1226,0.0523
14330,2866,-26.7426,5,0,0.9576,1255.1152,48.7765,0.0423,0.0523
14335,2867,-58.8207,5,0,0.9103,1286.7014,38.9110,0.0821,0.0523
14340,2868,-32.8014,5,0,0.8507,1313.8512,44.8678,0.0924,0.0523
14345,2869,-42.3351,5,0,0.8276,1010.6920,39.8133,0.1458,0.0522
14350,2870,44.3650,5,0,0.9348,1257.4277,45.9388,2.3325,0.0522
14355,2871,23.5368,5,0,0.8957,1216.0210,40.5267,2.5584,0.0522
14360,2872,23.7022,5,0,0.8464,1329.4421,47.7883,0.4658,0.0522
14365,2873,5.9311,5,0,0.8941,1210.8896,39.4574,0.0979,0.0521
14370,2874,-10.0671,5,0,0.8823,1056.6555,43.5540,0.1172,0.0521
14375,2875,-42.1900,5,0,0.7940,1111.0935,39.7790,0.2323,0.0521
14380,2876,-26.4518,5,0,0.9020,1087.6694,43.9316,0.0860,0.0521
14385,2877,-4.3331,5,0,0.8200,1169.6721,37.9250,0.2274,0.0520
14390,2878,-58.7714,5,0,0.8567,1276.8918,46.1534,0.1239,0.0520
14395,2879,-58.8780,5,0,0.9308,1453.2380,44.5768,0.0616,0.0520
14400,2880,-20.9566,5,0,0.7966,1147.5487,42.7720,0.1677,0.0520
14405,2881,-37.7095,5,0,0.9049,1031.9402,43.3940,0.0844,0.0519
14410,2882,-37.3372,5,0,0.7872,1151.9709,42.8333,0.1797,0.0519
14415,2883,-10.1435,5,0,0.8700,1070.5542,41.9475,0.1109,0.0519
14420,2884,-32.5728,5,0,0.8654,1109.6050,37.6243,0.1004,0.0518
14425,2885,5.5635,5,0,0.9388,1053.1880,41.8374,0.0580,0.0518
14430,2886,-21.6852,5,0,0.9416,1018.0511,39.8252,0.0557,0.0518
14435,2887,57.0521,5,0,0.7674,1135.0026,40.0556,1.1800,0.0518
14440,2888,-26.5826,5,0,0.9286,1021.0219,40.1151,0.0673,0.0517
14445,2889,-42.8557,5,0,0.9484,1030.9984,44.8887,0.0410,0.0517
14450,2890,5.7973,5,0,0.8481,1112.5112,34.8366,0.0839,0.0517
14455,2891,-26.5337,5,0,0.8819,1226.3798,36.8179,0.0922,0.0517
14460,2892,-26.2816,5,0,0.8817,1173.4890,43.1409,0.1210,0.0516
14465,2893,39.5444,5,0,0.8935,1140.3258,42.5292,0.4969,0.0516
14470,2894,-21.1032,5,0,0.8938,1153.4498,41.8280,0.1521,0.0516
14475,2895,-58.8839,5,0,0.9340,1095.2493,43.9715,0.0714,0.0516
14480,2896,-26.6887,5,0,0.9415,1011.4273,36.1084,0.0560,0.0515
14485,2897,-9.4192,5,0,0.7974,1202.0465,47.7437,0.2170,0.0515
14490,2898,12.3943,5,0,0.9263,1093.7014,36.2739,0.9772,0.0515
14495,2899,-26.2205,5,0,0.8588,1037.0851,44.2194,0.1261,0.0515
14500,2900,5.4080,5,0,0.9507,1288.0016,48.2097,0.0417,0.0514
14505,2901,-58.8619,5,0,0.9310,1105.5435,41.8987,0.0588,0.0514
14510,2902,-10.5937,5,0,0.9507,992.4025,37.7375,0.0518,0.0514
14515,2903,-10.5453,5,0,0.9434,1134.9540,44.8762,0.0571,0.0514
14520,2904,-26.4046,5,0,0.8963,1280.9833,40.8113,0.0890,0.0513
14525,2905,-42.8589,5,0,0.9638,1164.7893,45.3589,0.0307,0.0513
14530,2906,-21.7545,5,0,0.9481,1196.0540,39.6405,0.0442,0.0513
14535,2907,-42.7525,5,0,0.9128,1143.5518,36.6077,0.0861,0.0513
14540,2908,-26.6181,5,0,0.9234,961.9331,38.7471,0.0700,0.0512
14545,2909,-26.7186,5,0,0.9390,1215.8606,41.6665,0.0542,0.0512
14550,2910,-70.0000,5,0,0.9487,965.4764,35.3222,0.0480,0.0512
14555,2911,-42.6533,5,0,0.9259,999.6593,40.4158,0.0942,0.0512
14560,2912,-26.8051,5,0,0.9664,1079.9720,39.8814,0.0336,0.0511
14565,2913,39.4630,5,0,0.9345,1207.2319,39.1941,2.2350,0.0511
14570,2914,-42.5415,5,0,0.8651,1181.5782,45.6758,0.1320,0.0511
14575,2915,-16.6621,5,0,0.9437,1190.4543,40.8943,0.0528,0.0511
14580,2916,-5.5278,5,0,0.9064,1075.8597,42.6246,0.0688,0.0510
14585,2917,-42.7036,5,0,0.9253,1200.8713,43.4624,0.0818,0.0510
14590,2918,-10.3717,5,0,0.9282,1137.3623,34.8766,0.0842,0.0510
14595,2919,-42.6924,5,0,0.9316,992.3597,51.7713,0.0772,0.0510
14600,2920,-16.8571,5,0,0.9675,1289.4167,41.0602,0.0270,0.0509
14605,2921,55.7175,5,0,0.9078,999.5434,40.6395,0.9789,0.0509
14610,2922,-58.8008,5,0,0.8647,903.4391,42.9002,0.0981,0.0509
14615,2923,-37.7292,5,0,0.8487,1125.9960,39.3099,0.1315,0.0509
14620,2924,-42.4349,5,0,0.8218,1228.4907,43.0832,0.1215,0.0508
14625,2925,-16.7976,5,0,0.9641,1117.1161,41.3209,0.0335,0.0508
14630,2926,-10.1919,5,0,0.8922,1335.8979,35.4588,0.1085,0.0508
14635,2927,-26.7548,5,0,0.9577,1068.6436,43.1584,0.0427,0.0508
14640,2928,-37.7723,5,0,0.9403,1098.8909,39.0927,0.0571,0.0507
14645,2929,-10.3683,5,0,0.9138,1281.1326,41.0797,0.0894,0.0507
14650,2930,-10.4612,5,0,0.9195,1104.1892,45.8205,0.0727,0.0507
14655,2931,-42.8756,5,0,0.9682,1103.8381,35.5351,0.0337,0.0507
14660,2932,-10.7409,5,0,0.9696,1030.3252,41.0707,0.0312,0.0506
14665,2933,-42.2708,5,0,0.8249,1200.6055,41.1126,0.2126,0.0506
14670,2934,-26.8265,5,0,0.9692,1562.0508,37.0071,0.0297,0.0506
14675,2935,7.1814,5,0,0.9542,1032.1689,32.8716,0.0514,0.0506
14680,2936,-26.8189,5,0,0.9722,1049.1981,45.3085,0.0302,0.0505
14685,2937,55.3895,5,0,0.9378,1229.4800,41.1073,1.0927,0.0505
14690,2938,-42.8749,5,0,0.9661,1206.0107,36.6493,0.0310,0.0505
14695,2939,-37.9276,5,0,0.9753,934.5696,43.1533,0.0209,0.0505
14700,2940,-10.7644,5,0,0.9659,954.0919,39.5489,0.0304,0.0504
14705,2941,-10.4804,5,0,0.9207,1117.2341,47.4973,0.0655,0.0504
14710,2942,-16.8149,5,0,0.9651,1124.6187,38.0294,0.0322,0.0504
14715,2943,39.3068,5,0,0.9092,1090.9144,47.0324,0.4958,0.0504
14720,2944,-42.8965,5,0,0.9710,988.5515,38.3195,0.0262,0.0503
14725,2945,23.4749,5,0,0.9205,1184.7542,36.4649,2.1682,0.0503
14730,2946,-42.6681,5,0,0.9183,1116.1858,41.7661,0.0883,0.0503
14735,2947,-58.7771,5,0,0.9217,1206.3103,46.0193,0.0696,0.0503
14740,2948,-10.6256,5,0,0.9483,1170.4778,36.9642,0.0490,0.0502
14745,2949,-10.6588,5,0,0.9521,1133.3722,40.4319,0.0451,0.0502
14750,2950,-37.7931,5,0,0.9328,1122.5386,45.6618,0.0609,0.0502
14755,2951,-10.6947,5,0,0.9628,1011.9709,37.0320,0.0399,0.0502
14760,2952,5.7032,5,0,0.9304,1103.8835,40.0814,0.0729,0.0501
14765,2953,5.3768,5,0,0.9619,1158.1642,41.2918,0.0384,0.0501
14770,2954,-21.5727,5,0,0.9293,1096.1576,41.0678,0.0738,0.0501
14775,2955,5.6795,5,0,0.9176,1216.1461,43.9882,0.0708,0.0501
14780,2956,-42.6999,5,0,0.9420,1039.8678,42.9087,0.0766,0.0500
14785,2957,-26.4909,5,0,0.8892,1142.7212,39.4941,0.0807,0.0500
14790,2958,-58.8861,5,0,0.9430,1204.1365,43.7628,0.0435,0.0500
14795,2959,55.8011,5,0,0.9166,1121.5232,40.6840,1.9112,0.0500
14800,2960,-26.5051,5,0,0.9197,1166.2534,38.9117,0.0729,0.0499
14805,2961,-21.7619,5,0,0.9603,1125.5239,37.7202,0.0397,0.0499
14810,2962,-37.1985,5,0,0.8071,1066.5493,40.4503,0.1709,0.0499
14815,2963,-42.6067,5,0,0.8845,1207.5825,40.2868,0.0887,0.0499
14820,2964,-42.8059,5,0,0.9294,1095.3149,34.3238,0.0624,0.0498
14825,2965,-58.9333,5,0,0.9543,1176.7604,40.0915,0.0415,0.0498
14830,2966,-10.4159,5,0,0.9081,1271.8638,35.7904,0.0685,0.0498
14835,2967,-26.7874,5,0,0.9623,1762.0402,38.3342,0.0362,0.0498
14840,2968,5.2510,5,0,0.9669,1117.9875,45.0604,0.0255,0.0497
14845,2969,-21.7874,5,0,0.9625,1188.2418,32.2809,0.0377,0.0497
14850,2970,5.8426,5,0,0.8987,1338.2643,42.8264,0.0881,0.0497
14855,2971,39.8411,5,0,0.8682,1393.8416,36.6012,0.8632,0.0497
14860,2972,-58.9311,5,0,0.9334,1129.7438,41.5157,0.0570,0.0496
14865,2973,-10.7275,5,0,0.9617,1120.1647,41.7299,0.0345,0.0496
14870,2974,-42.4295,5,0,0.8616,1311.5806,35.6380,0.1153,0.0496
14875,2975,-58.9208,5,0,0.9584,1225.0469,42.1395,0.0423,0.0496
14880,2976,-42.8060,5,0,0.9505,1139.9750,38.0480,0.0421,0.0495
14885,2977,-26.3615,5,0,0.9155,1116.1033,37.0948,0.1053,0.0495
14890,2978,-10.6951,5,0,0.9586,1130.9077,39.0366,0.0396,0.0495
14895,2979,5.6737,5,0,0.9135,1072.5791,40.5092,0.0701,0.0495
14900,2980,-48.9557,5,0,0.9478,1206.9070,35.4645,0.0337,0.0494
14905,2981,39.1448,5,0,0.9798,1145.6278,40.3799,0.0179,0.0494
14910,2982,-26.8233,5,0,0.9684,1239.5461,36.1960,0.0311,0.0494
14915,2983,-26.6448,5,0,0.9317,1129.4180,33.8031,0.0641,0.0494
14920,2984,-26.8912,5,0,0.9771,1133.8843,35.2597,0.0202,0.0493
14925,2985,39.3627,5,0,0.9571,1220.9504,36.9824,2.3444,0.0493
14930,2986,-42.8522,5,0,0.9620,1166.7664,45.8008,0.0343,0.0493
14935,2987,-10.6967,5,0,0.9630,1205.0503,34.1724,0.0381,0.0493
14940,2988,23.3077,5,0,0.9317,1001.8467,43.3295,1.5307,0.0492
14945,2989,-42.6192,5,0,0.9024,1245.7245,44.1853,0.0748,0.0492
14950,2990,-8.8322,5,0,0.9161,1199.8755,41.0149,1.5871,0.0492
14955,2991,-42.8085,5,0,0.9374,1306.3728,36.6107,0.0556,0.0492
14960,2992,-42.7457,5,0,0.9180,1261.2310,40.8853,0.0730,0.0492
14965,2993,-25.7680,5,0,0.8134,1161.1069,36.8366,0.2182,0.0491
14970,2994,-26.6475,5,0,0.9346,1251.1321,37.0579,0.0614,0.0491
14975,2995,5.7008,5,0,0.8717,970.0367,40.4987,0.0732,0.0491
14980,2996,-26.3322,5,0,0.8907,1124.6708,37.3141,0.1284,0.0491
14985,2997,-10.2560,5,0,0.9063,1220.7878,38.4560,0.0983,0.0490
14990,2998,-58.9074,5,0,0.9087,1045.7656,37.0627,0.0754,0.0490
14995,2999,-26.8149,5,0,0.9626,1093.1324,38.8231,0.0334,0.0490
15000,3000,39.2654,5,0,0.9201,1192.2107,34.5622,0.5324,0.0490
15005,3001,5.7866,5,0,0.9194,1057.2908,40.0481,0.0820,0.0489
15010,3002,28.3104,5,0,0.8981,1089.7766,36.0617,0.9154,0.0489
15015,3003,23.5346,5,0,0.8891,1273.6493,42.9467,1.3174,0.0489
15020,3004,6.2362,5,0,0.8588,945.1501,33.1335,0.1324,0.0489
15025,3005,12.7465,5,0,0.7458,1084.7861,39.0187,1.1366,0.0488
15030,3006,56.1473,5,0,0.8732,1051.8892,35.9094,1.6397,0.0488
15035,3007,-58.8218,5,0,0.9245,1032.2535,41.6267,0.0699,0.0488
15040,3008,-25.8015,5,0,0.7913,1065.5397,35.2524,0.2276,0.0488
15045,3009,-10.2462,5,0,0.8869,1154.5132,33.7972,0.1033,0.0487
15050,3010,-9.5312,5,0,0.7627,1101.1187,43.9629,0.1874,0.0487
15055,3011,55.7295,5,0,0.9168,1123.5010,31.3938,0.0759,0.0487
15060,3012,-58.5954,5,0,0.8340,961.6846,35.2987,0.1505,0.0487
15065,3013,55.8331,5,0,0.8901,1199.9517,46.3543,0.9144,0.0486
15070,3014,-26.5498,5,0,0.9156,1282.8379,38.3402,0.0799,0.0486
15075,3015,-5.3355,5,0,0.9085,1079.7828,38.4464,0.0785,0.0486
15080,3016,6.1463,5,0,0.8694,1391.5641,42.4485,0.1221,0.0486
15085,3017,-58.7147,5,0,0.8500,910.5804,36.7435,0.1612,0.0485
15090,3018,-26.3949,5,0,0.8933,1145.6403,37.5236,0.1141,0.0485
15095,3019,40.0975,5,0,0.8177,946.3513,33.8585,0.4422,0.0485
15100,3020,-9.0927,5,0,0.7902,1165.4946,38.0855,0.2853,0.0485
15105,3021,-26.1054,5,0,0.8429,1128.6323,35.7797,0.1543,0.0484
15110,3022,-9.4165,5,0,0.8123,1059.6163,41.2131,0.2012,0.0484
15115,3023,-5.4292,5,0,0.9155,1195.0190,39.7551,0.0772,0.0484
15120,3024,-10.6224,5,0,0.9430,1125.8997,37.7690,0.0506,0.0484
15125,3025,17.5460,5,0,0.8617,1043.9221,35.5474,0.8686,0.0484
15130,3026,-10.3700,5,0,0.9175,987.7667,33.8351,0.0812,0.0483
15135,3027,-42.5616,5,0,0.8758,1223.6541,37.5504,0.1327,0.0483
15140,3028,5.7868,5,0,0.9048,1180.6134,33.5084,0.0821,0.0483
15145,3029,-21.5918,5,0,0.9369,971.1527,41.0164,0.0621,0.0483
15150,3030,-21.7676,5,0,0.9590,1060.3300,36.5226,0.0394,0.0482
15155,3031,-10.5496,5,0,0.9383,1126.4128,44.2059,0.0537,0.0482
15160,3032,55.5947,5,0,0.9288,1187.6450,40.2067,2.8420,0.0482
15165,3033,-26.4388,5,0,0.9002,1224.8192,45.3835,0.1027,0.0482
15170,3034,-25.8386,5,0,0.8222,1258.8740,31.7685,0.2038,0.0481
15175,3035,-10.1685,5,0,0.8787,1333.9333,43.9404,0.1026,0.0481
15180,3036,5.7000,5,0,0.9303,1146.3879,39.4094,0.0726,0.0481
15185,3037,39.4255,5,0,0.9377,1191.0371,38.9227,0.0498,0.0481
15190,3038,-26.3968,5,0,0.8967,1217.5851,38.3548,0.1099,0.0480
15195,3039,-48.7804,5,0,0.7887,993.8184,37.1769,0.4148,0.0480
15200,3040,-42.7648,5,0,0.9324,1439.0911,39.4614,0.0634,0.0480
15205,3041,-53.9012,5,0,0.9506,1078.8488,36.5979,0.0417,0.0480
15210,3042,5.8199,5,0,0.9199,1037.5493,34.8405,0.0861,0.0479
15215,3043,-26.2175,5,0,0.8770,1147.0006,36.9408,0.1421,0.0479
15220,3044,-10.4602,5,0,0.9374,1059.7435,37.7746,0.0671,0.0479
15225,3045,-58.8854,5,0,0.9436,1110.5190,41.8702,0.0556,0.0479
15230,3046,-58.7710,5,0,0.9117,1161.5349,35.0927,0.0970,0.0479
15235,3047,-26.5027,5,0,0.9218,1054.3153,33.5591,0.0852,0.0478
15240,3048,-10.4855,5,0,0.9258,1004.5502,37.9582,0.0658,0.0478
15245,3049,-26.7215,5,0,0.9500,1002.3806,37.8637,0.0458,0.0478
15250,3050,5.6140,5,0,0.9396,1093.3486,38.9168,0.0634,0.0478
15255,3051,5.4117,5,0,0.9505,1307.6392,40.4003,0.0422,0.0477
15260,3052,-10.7629,5,0,0.9685,1215.4669,33.7661,0.0283,0.0477
15265,3053,-42.8398,5,0,0.9622,1062.5149,30.0162,0.0363,0.0477
15270,3054,5.2991,5,0,0.9645,1200.2898,35.0211,0.0304,0.0477
15275,3055,23.3570,5,0,0.9186,1120.6808,39.7989,0.5308,0.0476
15280,3056,23.3555,5,0,0.9257,1008.2081,45.7577,0.5622,0.0476
15285,3057,-8.9069,5,0,0.8480,1252.9385,33.3257,0.7855,0.0476
15290,3058,-26.7679,5,0,0.9545,1138.0837,42.7255,0.0423,0.0476
15295,3059,-58.8581,5,0,0.9136,1174.0234,33.9612,0.0550,0.0475
15300,3060,39.8565,5,0,0.8625,1021.9127,36.7820,1.7300,0.0475
15305,3061,-42.8115,5,0,0.9409,1016.6440,36.5205,0.0565,0.0475
15310,3062,5.6378,5,0,0.9314,1055.0590,38.9930,0.0660,0.0475
15315,3063,-26.6246,5,0,0.9307,1077.4224,42.1736,0.0671,0.0475
15320,3064,-26.3840,5,0,0.8862,1177.5337,31.6025,0.0956,0.0474
15325,3065,-5.0428,5,0,0.8731,1209.8857,37.7692,0.1386,0.0474
15330,3066,5.4389,5,0,0.9567,1100.7603,37.2405,0.0449,0.0474
15335,3067,-42.8547,5,0,0.9571,1246.7780,31.4328,0.0360,0.0474
15340,3068,39.6079,5,0,0.8946,935.2489,35.2281,0.0770,0.0473
15345,3069,5.8888,5,0,0.9234,1232.8879,41.8582,0.0934,0.0473
15350,3070,-48.9070,5,0,0.9467,1010.8239,36.6483,0.0489,0.0473
15355,3071,39.6621,5,0,0.8824,1181.9048,34.6860,0.8675,0.0473
15360,3072,-21.7008,5,0,0.9405,1140.7148,35.8764,0.0492,0.0472
15365,3073,-42.5612,5,0,0.8802,1087.9049,33.9029,0.1280,0.0472
15370,3074,39.8924,5,0,0.8924,1054.8738,37.4285,1.7541,0.0472
15375,3075,-9.9952,5,0,0.8535,1134.8905,37.7705,0.1404,0.0472
15380,3076,-58.9297,5,0,0.9564,1237.6205,37.0290,0.0369,0.0471
15385,3077,-42.8226,5,0,0.9454,1060.8376,42.8950,0.0457,0.0471
15390,3078,-10.6351,5,0,0.9570,865.5806,32.2060,0.0442,0.0471
15395,3079,-26.6569,5,0,0.9258,957.6257,38.5717,0.0618,0.0471
15400,3080,-10.6920,5,0,0.9593,1281.2578,36.0413,0.0358,0.0471
15405,3081,-10.5116,5,0,0.9342,977.7144,31.0930,0.0654,0.0470
15410,3082,55.5992,5,0,0.9361,870.1462,36.2725,1.5162,0.0470
15415,3083,-10.6120,5,0,0.9195,1009.6930,35.9640,0.0569,0.0470
15420,3084,39.8315,5,0,0.8733,1029.7615,36.7788,2.2280,0.0470
15425,3085,-10.1805,5,0,0.8795,1101.6504,40.3525,0.1106,0.0469
15430,3086,-75.0000,5,0,0.8805,1022.3698,36.8943,0.1035,0.0469
15435,3087,-16.2758,5,0,0.8680,1236.4451,37.4262,0.1328,0.0469
15440,3088,7.4310,5,0,0.7464,923.1204,38.3382,0.2790,0.0469
15445,3089,-8.5992,5,0,0.7996,1187.3467,33.9877,0.7276,0.0468
15450,3090,-48.6260,5,0,0.8130,1040.8923,31.3698,0.1692,0.0468
15455,3091,-48.9218,5,0,0.9347,1110.4197,39.9081,0.0560,0.0468
15460,3092,-42.6002,5,0,0.8677,1132.1378,29.3272,0.1082,0.0468
15465,3093,-43.0883,5,0,0.5441,1355.4688,36.8565,0.3961,0.0468
15470,3094,-10.4077,5,0,0.9146,1094.7271,37.1798,0.0795,0.0467
15475,3095,-25.9809,5,0,0.8699,953.0944,37.8934,0.1777,0.0467
15480,3096,-58.7135,5,0,0.8567,1126.7424,34.5751,0.1063,0.0467
15485,3097,-21.5792,5,0,0.9352,1137.6370,30.7320,0.0667,0.0467
15490,3098,-26.7826,5,0,0.9196,982.0579,33.9613,0.0568,0.0466
15495,3099,-42.6780,5,0,0.9161,1133.9868,37.2818,0.0848,0.0466
15500,3100,-42.7418,5,0,0.9269,1137.0205,35.2441,0.0729,0.0466
15505,3101,-26.8136,5,0,0.7632,1207.4060,37.4985,0.3344,0.0466
15510,3102,-58.6887,5,0,0.8443,1073.1287,30.4082,0.1312,0.0465
15515,3103,-21.6744,5,0,0.9388,1296.6189,36.8452,0.0580,0.0465
15520,3104,-26.6151,5,0,0.9258,943.3213,39.1331,0.0540,0.0465
15525,3105,-58.8728,5,0,0.9498,1121.3826,30.7409,0.0554,0.0465
15530,3106,23.6080,5,0,0.9078,1070.0016,39.9794,2.3473,0.0465
15535,3107,-10.3329,5,0,0.9224,841.8953,37.5428,0.0931,0.0464
15540,3108,-21.5363,5,0,0.9190,1160.3722,36.2338,0.0870,0.0464
15545,3109,-58.7559,5,0,0.8179,1266.0868,37.5298,0.1752,0.0464
15550,3110,-26.0983,5,0,0.7937,1221.7075,28.6146,0.1830,0.0464
15555,3111,-26.4725,5,0,0.9100,1187.7466,37.5923,0.0881,0.0463
15560,3112,-26.3947,5,0,0.8951,1023.8499,36.0142,0.1096,0.0463
15565,3113,-10.6996,5,0,0.9588,1228.6741,34.5367,0.0374,0.0463
15570,3114,45.0492,5,0,0.8614,1234.2335,42.7963,1.5925,0.0463
15575,3115,-37.1508,5,0,0.8289,1061.3881,28.7784,0.2004,0.0462
15580,3116,-9.5369,5,0,0.8215,1074.0051,30.9156,0.2013,0.0462
15585,3117,55.8035,5,0,0.9070,1048.8519,40.8566,2.5268,0.0462
15590,3118,-42.5297,5,0,0.8815,1132.0188,24.7916,0.1104,0.0462
15595,3119,-10.1133,5,0,0.9032,1239.4369,33.4795,0.1154,0.0462
15600,3120,5.8912,5,0,0.8883,1202.9382,41.3139,0.0936,0.0461
15605,3121,6.6687,5,0,0.7596,1174.9030,32.5543,0.1847,0.0461
15610,3122,-42.0769,5,0,0.7184,883.3834,36.4633,0.3389,0.0461
15615,3123,-26.4239,5,0,0.9034,1080.0103,33.7426,0.1037,0.0461
15620,3124,-37.2164,5,0,0.8044,1103.4172,34.6612,0.1585,0.0460
15625,3125,5.9400,5,0,0.9093,1102.3098,39.4643,0.1008,0.0460
15630,3126,-10.4299,5,0,0.8745,1250.4724,30.9716,0.0730,0.0460
15635,3127,-42.7047,5,0,0.9199,1021.4304,38.6564,0.0840,0.0460
15640,3128,-42.8615,5,0,0.9091,1043.3710,34.7259,0.0449,0.0459
15645,3129,-10.6121,5,0,0.9454,1109.7217,36.2509,0.0508,0.0459
15650,3130,17.6784,5,0,0.7690,1134.7021,35.6428,0.8801,0.0459
15655,3131,-10.2098,5,0,0.9069,1080.8481,34.7270,0.1036,0.0459
15660,3132,-21.6705,5,0,0.9157,1069.3496,36.0309,0.0733,0.0459
15665,3133,-26.7597,5,0,0.9561,1087.0225,38.4611,0.0394,0.0458
15670,3134,-10.4443,5,0,0.9307,1140.7449,37.9940,0.0720,0.0458
15675,3135,-5.1583,5,0,0.8880,951.7537,32.5973,0.1142,0.0458
15680,3136,-42.4073,5,0,0.8561,1196.6270,34.6726,0.1422,0.0458
15685,3137,-26.2773,5,0,0.8680,1032.7046,32.9244,0.1249,0.0457
15690,3138,-21.3322,5,0,0.8875,1069.4470,41.7085,0.1244,0.0457
15695,3139,5.8566,5,0,0.9147,996.8347,42.4194,0.0897,0.0457
15700,3140,-37.8852,5,0,0.9718,1122.4764,34.3925,0.0283,0.0457
15705,3141,-75.0000,5,0,0.9118,1069.7461,34.6497,0.0644,0.0457
15710,3142,-26.4202,5,0,0.8956,1090.0574,32.4082,0.1067,0.0456
15715,3143,7.4449,5,0,0.8598,1338.3807,28.0722,2.1754,0.0456
15720,3144,-26.6573,5,0,0.8877,1109.4678,37.2361,0.0715,0.0456
15725,3145,-26.2429,5,0,0.8712,1206.5920,35.3376,0.0999,0.0456
15730,3146,5.3337,5,0,0.9625,997.8481,40.4348,0.0339,0.0455
15735,3147,-42.7635,5,0,0.9234,1081.3210,34.6184,0.0464,0.0455
15740,3148,7.1966,5,0,0.9214,842.6772,39.5059,1.0411,0.0455
15745,3149,-26.8016,5,0,0.9625,1275.4250,32.2047,0.0340,0.0455
15750,3150,-42.7530,5,0,0.9278,1107.7061,33.4333,0.0709,0.0455
15755,3151,-10.2537,5,0,0.9100,1002.7357,34.7355,0.0935,0.0454
15760,3152,-10.4735,5,0,0.8871,995.0420,39.8639,0.0661,0.0454
15765,3153,12.3006,5,0,0.9013,1005.0776,31.6031,2.5129,0.0454
15770,3154,-5.1048,5,0,0.8843,1014.2690,38.3320,0.1149,0.0454
15775,3155,-36.8460,5,0,0.7383,1143.7203,38.8172,0.2682,0.0453
15780,3156,-9.9719,5,0,0.7712,1065.7939,29.3711,0.1379,0.0453
15785,3157,-42.3474,5,0,0.8312,999.1974,41.2449,0.1958,0.0453
15790,3158,-10.2708,5,0,0.8952,1101.2832,30.3917,0.0969,0.0453
15795,3159,-58.7490,5,0,0.8585,933.9839,38.6005,0.1257,0.0452
15800,3160,-26.2422,5,0,0.8581,1200.7893,39.1198,0.1397,0.0452
15805,3161,-21.4101,5,0,0.8646,1012.5431,35.0414,0.1016,0.0452
15810,3162,-42.3739,5,0,0.8275,950.4550,32.0330,0.1881,0.0452
15815,3163,5.3616,5,0,0.9609,885.3500,41.4776,0.0369,0.0452
15820,3164,-42.8787,5,0,0.9663,988.4144,31.3920,0.0325,0.0451
15825,3165,-10.3266,5,0,0.9055,1041.6157,34.4415,0.0907,0.0451
15830,3166,-42.6527,5,0,0.8686,1077.2036,33.5458,0.1149,0.0451
15835,3167,-26.7610,5,0,0.9393,1163.3351,34.9795,0.5983,0.0451
15840,3168,7.5795,5,0,0.8442,1100.0052,33.6286,0.1108,0.0450
15845,3169,-21.4452,5,0,0.8755,1384.8406,28.1743,0.0819,0.0450
15850,3170,-26.2068,5,0,0.8603,1089.6873,37.8703,0.1532,0.0450
15855,3171,-26.7442,5,0,0.9555,1109.9850,31.8036,0.0442,0.0450
15860,3172,-58.9443,5,0,0.9722,1068.0690,36.1522,0.0254,0.0450
15865,3173,-21.7732,5,0,0.8752,1183.1517,27.3865,0.0627,0.0449
15870,3174,-26.7875,5,0,0.9642,1190.8046,38.1185,0.0356,0.0449
15875,3175,5.2699,5,0,0.9717,1191.1060,38.3471,0.0274,0.0449
15880,3176,28.2662,5,0,0.9283,1108.4504,23.6655,2.4386,0.0449
15885,3177,-42.9032,5,0,0.9635,929.7411,38.7876,0.0290,0.0448
15890,3178,-26.7501,5,0,0.9530,1111.5930,31.1954,0.0463,0.0448
15895,3179,-10.1316,5,0,0.8968,1014.9375,40.1694,0.0998,0.0448
15900,3180,-26.3779,5,0,0.8836,1162.5801,31.2344,0.1115,0.0448
15905,3181,-26.7846,5,0,0.9597,1139.1306,30.3616,0.0363,0.0448
15910,3182,-10.2396,5,0,0.8297,1025.0297,39.9426,0.1190,0.0447
15915,3183,-26.7192,5,0,0.9333,1056.9288,33.3525,0.0444,0.0447
15920,3184,-42.8818,5,0,0.9404,1158.8998,25.2213,0.0377,0.0447
15925,3185,-10.1820,5,0,0.8888,1151.6360,39.8207,0.1004,0.0447
15930,3186,-42.8498,5,0,0.9068,1066.4890,29.3082,0.0741,0.0446
15935,3187,-10.1833,5,0,0.9186,1176.2363,30.3478,0.0932,0.0446
15940,3188,39.6933,5,0,0.8813,1046.5010,26.9172,0.8083,0.0446
15945,3189,39.4456,5,0,0.9291,1210.6799,30.0431,1.0675,0.0446
15950,3190,-21.8049,5,0,0.9621,1057.1804,34.8490,0.0315,0.0446
15955,3191,-21.5110,5,0,0.8924,1091.4741,38.3125,0.0958,0.0445
15960,3192,-32.7642,5,0,0.9333,1189.6082,30.5795,0.0625,0.0445
15965,3193,7.4718,5,0,0.8770,1084.6606,33.1267,1.2953,0.0445
15970,3194,-37.8206,5,0,0.9435,1136.6414,31.7416,0.0381,0.0445
15975,3195,-26.5924,5,0,0.9371,1137.7603,34.3679,0.0657,0.0444
15980,3196,-37.5743,5,0,0.8366,1037.9003,33.0245,0.1274,0.0444
15985,3197,-25.9941,5,0,0.6830,1417.9795,35.7376,0.2385,0.0444
15990,3198,-10.3732,5,0,0.9208,1087.5610,35.1580,0.0820,0.0444
15995,3199,55.5217,5,0,0.9403,1167.6145,28.3557,2.9642,0.0444
16000,3200,-26.4014,5,0,0.8827,1207.2856,34.7828,0.1212,0.0443
16005,3201,-42.5639,5,0,0.8731,1168.6907,32.1319,0.1209,0.0443
16010,3202,-10.6607,5,0,0.9477,1068.9133,30.4192,0.0455,0.0443
16015,3203,-9.7168,5,0,0.8212,1118.8558,38.8629,0.1879,0.0443
16020,3204,-5.5690,5,0,0.8974,1128.5701,27.9932,0.0660,0.0442
16025,3205,-70.0000,5,0,0.9155,1078.0525,32.2117,0.0970,0.0442
16030,3206,5.3824,5,0,0.9388,1117.8287,34.3720,0.0391,0.0442
16035,3207,-21.4347,5,0,0.8349,932.8574,31.4012,0.0853,0.0442
16040,3208,-37.6180,5,0,0.8963,1102.9709,33.6280,0.0970,0.0442
16045,3209,-26.7604,5,0,0.9106,1105.7318,29.4143,0.0578,0.0441
16050,3210,-42.5476,5,0,0.8399,1260.9802,31.2631,0.1478,0.0441
16055,3211,-10.2684,5,0,0.9398,1207.3081,34.2343,0.0978,0.0441
16060,3212,-26.7848,5,0,0.9546,1112.9200,29.7165,0.0373,0.0441
16065,3213,-21.4106,5,0,0.9089,1355.5139,38.5994,0.1044,0.0441
16070,3214,-10.6971,5,0,0.9631,1143.4703,38.4185,0.0370,0.0440
16075,3215,23.1093,5,0,0.9805,1051.4309,29.6009,0.0170,0.0440
16080,3216,39.4229,5,0,0.8645,1189.0402,37.8085,0.8230,0.0440
16085,3217,-26.6999,5,0,0.9420,1121.0266,28.6343,0.0554,0.0440
16090,3218,5.8567,5,0,0.9091,1190.3271,34.6293,0.0906,0.0439
16095,3219,-10.6227,5,0,0.9425,1261.3169,31.1819,0.0503,0.0439
16100,3220,-26.6779,5,0,0.9468,1319.7667,36.8192,0.0529,0.0439
16105,3221,-10.8298,5,0,0.9766,1138.8384,30.2528,0.0198,0.0439
16110,3222,5.3629,5,0,0.9636,1095.7552,33.5701,0.0370,0.0439
16115,3223,-53.8280,5,0,0.9176,1033.5159,30.9667,0.0957,0.0438
16120,3224,12.1664,5,0,0.9551,969.2858,31.7216,0.0456,0.0438
16125,3225,-10.5834,5,0,0.9458,1124.2449,30.5871,0.0533,0.0438
16130,3226,5.2220,5,0,0.9784,1283.6793,37.4215,0.0225,0.0438
16135,3227,-26.8668,5,0,0.9692,1193.9664,30.8611,0.0303,0.0437
16140,3228,-26.6431,5,0,0.8774,960.3476,33.2018,0.0805,0.0437
16145,3229,-10.8480,5,0,0.9785,1314.0459,27.7243,0.0200,0.0437
16150,3230,39.2048,5,0,0.9574,1024.1113,35.4406,0.6518,0.0437
16155,3231,5.1914,5,0,0.9796,1162.7524,33.3474,0.0193,0.0437
16160,3232,-26.8536,5,0,0.9632,1087.8718,24.9334,0.0272,0.0436
16165,3233,-58.8822,5,0,0.9070,1172.3478,35.0831,0.0815,0.0436
16170,3234,-53.9286,5,0,0.9526,1128.5002,27.8776,0.0430,0.0436
16175,3235,-42.7893,5,0,0.9500,998.6451,29.5152,0.0588,0.0436
16180,3236,55.5366,5,0,0.9375,1207.9600,29.3389,2.9381,0.0436
16185,3237,-10.7906,5,0,0.9652,1099.2413,30.7487,0.0244,0.0435
16190,3238,-26.7355,5,0,0.9546,1060.1257,33.7093,0.0415,0.0435
16195,3239,-26.7888,5,0,0.9617,1135.9473,30.0957,0.0406,0.0435
16200,3240,-58.8284,5,0,0.9030,1422.3566,26.8825,0.0854,0.0435
16205,3241,-26.6655,5,0,0.9426,1380.7817,23.6475,0.0525,0.0434
16210,3242,-58.9321,5,0,0.8701,1019.5327,28.2892,0.0745,0.0434
16215,3243,-26.7450,5,0,0.9470,1234.3992,28.5759,0.0460,0.0434
16220,3244,-26.4152,5,0,0.9023,1093.2273,27.5498,0.1028,0.0434
16225,3245,-26.7339,5,0,0.9380,1150.4963,28.8097,0.0519,0.0434
16230,3246,-10.5073,5,0,0.9372,1131.5499,37.9166,0.0599,0.0433
16235,3247,39.5687,5,0,0.8711,1088.4534,28.9960,0.4526,0.0433
16240,3248,-10.7580,5,0,0.9605,1040.7488,25.5054,0.0297,0.0433
16245,3249,-70.0000,5,0,0.9156,1116.2659,28.8381,0.0926,0.0433
16250,3250,-42.5452,5,0,0.8697,1235.8257,30.1304,0.1119,0.0433
16255,3251,-10.4828,5,0,0.9285,1295.2847,30.6940,0.0659,0.0432
16260,3252,-58.9566,5,0,0.9783,1048.3445,29.5882,0.0199,0.0432
16265,3253,-42.8322,5,0,0.9347,962.7167,24.8897,0.0554,0.0432
16270,3254,45.1995,5,0,0.8354,1174.1594,34.2514,0.7640,0.0432
16275,3255,5.8328,5,0,0.9144,1056.2827,27.0484,0.0873,0.0431
16280,3256,-58.8408,5,0,0.8517,1212.1897,33.4634,0.4563,0.0431
16285,3257,-10.4615,5,0,0.9131,1221.2515,26.9648,0.0679,0.0431
16290,3258,-37.8362,5,0,0.9383,1162.0640,39.3395,0.0432,0.0431
16295,3259,-26.6932,5,0,0.9587,1197.3379,30.9226,0.0488,0.0431
16300,3260,-42.8166,5,0,0.9538,1140.8298,27.8626,0.0429,0.0430
16305,3261,-42.7926,5,0,0.9395,1019.9087,33.3088,0.0599,0.0430
16310,3262,-10.6835,5,0,0.9604,1243.3667,32.5353,0.0438,0.0430
16315,3263,-42.7134,5,0,0.8847,1192.3315,34.5835,0.0589,0.0430
16320,3264,-42.8308,5,0,0.9410,1174.0842,24.1904,0.0575,0.0430
16325,3265,7.2566,5,0,0.9309,1077.4601,29.1183,1.5247,0.0429
16330,3266,-75.0000,5,0,0.9799,1000.4022,30.5528,0.0169,0.0429
16335,3267,-37.9135,5,0,0.9742,1115.4838,26.5038,0.0223,0.0429
16340,3268,-21.8228,5,0,0.9756,1052.9097,31.7417,0.0275,0.0429
16345,3269,55.4420,5,0,0.9522,1013.5295,27.1039,3.2005,0.0428
16350,3270,5.2581,5,0,0.9633,1311.7194,34.7067,0.0262,0.0428
16355,3271,-58.5089,5,0,0.7544,1346.5397,25.3403,0.2004,0.0428
16360,3272,39.4869,5,0,0.8953,1034.5638,31.9245,0.4889,0.0428
16365,3273,-10.0719,5,0,0.8563,1122.6284,25.1077,0.1432,0.0428
16370,3274,-26.7004,5,0,0.9343,957.9104,27.3538,0.0537,0.0427
16375,3275,-26.4561,5,0,0.9092,1208.8569,28.4368,0.0903,0.0427
16380,3276,-10.3680,5,0,0.8817,1182.2633,29.3909,0.0911,0.0427
16385,3277,-42.7348,5,0,0.9355,1207.6331,22.8897,0.0516,0.0427
16390,3278,56.5704,5,0,0.8413,913.7659,30.5894,1.3586,0.0427
16395,3279,55.6835,5,0,0.9274,932.0696,30.1862,0.5804,0.0426
16400,3280,-42.4935,5,0,0.8708,1234.3923,23.2202,0.1313,0.0426
16405,3281,-5.7084,5,0,0.9093,1177.9688,31.6445,0.0487,0.0426
16410,3282,-42.4221,5,0,0.7438,1122.8761,29.0316,0.1581,0.0426
16415,3283,55.6589,5,0,0.9225,1085.7219,25.2939,2.7687,0.0425
16420,3284,-10.2036,5,0,0.8880,1282.6938,32.2626,0.1042,0.0425
16425,3285,-10.2486,5,0,0.9192,1261.6421,31.5861,0.0880,0.0425
16430,3286,-42.0262,5,0,0.7286,1069.7913,30.6756,0.2806,0.0425
16435,3287,-26.4291,5,0,0.8819,1343.5808,31.8229,0.1090,0.0425
16440,3288,-42.5521,5,0,0.8692,1150.7224,28.5360,0.1310,0.0424
16445,3289,-26.6838,5,0,0.9415,994.4783,31.0084,0.0591,0.0424
16450,3290,-16.6853,5,0,0.9427,1270.2595,22.7396,0.0553,0.0424
16455,3291,5.7301,5,0,0.9243,1125.3450,32.4499,0.0759,0.0424
16460,3292,7.3421,5,0,0.9003,1228.2942,34.0586,0.0767,0.0424
16465,3293,-75.0000,5,0,0.9442,1053.2089,29.1503,0.0617,0.0423
16470,3294,-21.4554,5,0,0.8909,1185.4995,30.7745,0.0970,0.0423
16475,3295,5.3729,5,0,0.9584,1014.2245,28.5124,0.0380,0.0423
16480,3296,-37.7947,5,0,0.9414,1096.8862,35.7819,0.0562,0.0423
16485,3297,-26.7162,5,0,0.9497,1104.7202,29.2548,0.0443,0.0423
16490,3298,6.1326,5,0,0.8720,1149.7111,35.4818,0.1211,0.0422
16495,3299,-10.1878,5,0,0.8674,1188.2520,30.1545,0.1250,0.0422
16500,3300,-42.7409,5,0,0.9320,1038.2380,30.1600,0.0757,0.0422
16505,3301,-58.8920,5,0,0.9494,1452.8784,30.5024,0.0506,0.0422
16510,3302,-20.4390,5,0,0.7824,1278.8779,29.3855,0.2583,0.0422
16515,3303,-10.5316,5,0,0.9469,1364.3468,25.2658,0.0593,0.0421
16520,3304,-26.1760,5,0,0.8447,1075.9249,30.1824,0.1218,0.0421
16525,3305,-10.7112,5,0,0.9590,1074.4143,25.6292,0.0349,0.0421
16530,3306,-42.7075,5,0,0.9293,1012.8380,31.3205,0.0593,0.0421
16535,3307,-26.5411,5,0,0.8690,1048.8579,28.1814,0.1008,0.0420
16540,3308,-58.9430,5,0,0.9435,1233.4368,35.1871,0.0566,0.0420
16545,3309,-10.8318,5,0,0.9643,1176.6685,30.1406,0.0243,0.0420
16550,3310,-10.4482,5,0,0.9343,1324.9486,25.8649,0.0688,0.0420
16555,3311,-26.7808,5,0,0.9623,971.3276,29.5569,0.0394,0.0420
16560,3312,-26.7778,5,0,0.9462,1231.5977,26.7964,0.0428,0.0419
16565,3313,-26.8781,5,0,0.9795,1342.1804,35.8950,0.0202,0.0419
16570,3314,-10.7105,5,0,0.9654,1148.7900,28.3945,0.0372,0.0419
16575,3315,29.0260,5,0,0.6779,1222.8381,26.8660,1.3613,0.0419
16580,3316,-53.8986,5,0,0.9493,1100.7615,26.1745,0.0332,0.0419
16585,3317,-37.6477,5,0,0.9270,1194.7429,35.6930,0.0740,0.0418
16590,3318,-42.7301,5,0,0.9359,1233.0089,26.8291,0.0585,0.0418
16595,3319,-42.7406,5,0,0.9328,1154.9927,32.6957,0.0683,0.0418
16600,3320,5.4521,5,0,0.9578,1152.5886,35.0201,0.0463,0.0418
16605,3321,-53.8032,5,0,0.9132,1088.0125,29.8420,0.0938,0.0418
16610,3322,-26.6969,5,0,0.8840,1129.2489,29.6432,0.0650,0.0417
16615,3323,-37.8752,5,0,0.9661,1196.1106,30.9628,0.0351,0.0417
16620,3324,-26.8754,5,0,0.9560,1278.5989,27.0171,0.0271,0.0417
16625,3325,-10.8735,5,0,0.9797,1085.9199,22.7950,0.0160,0.0417
16630,3326,-26.8200,5,0,0.9690,1237.9587,35.5382,0.0345,0.0417
16635,3327,-26.7070,5,0,0.8813,1274.1030,27.8153,0.0432,0.0416
16640,3328,-42.9332,5,0,0.9709,1217.5516,26.8009,0.0174,0.0416
16645,3329,-21.8486,5,0,0.9734,1033.1309,29.9702,0.0274,0.0416
16650,3330,-42.7860,5,0,0.9505,1368.5540,22.0000,0.0454,0.0416
16655,3331,39.6787,5,0,0.9101,1080.5789,32.6927,0.9193,0.0415
16660,3332,5.1358,5,0,0.9846,1293.9928,26.7047,0.0137,0.0415
16665,3333,-58.9204,5,0,0.9404,1375.8953,24.8468,0.0535,0.0415
16670,3334,-10.6098,5,0,0.9544,1361.1322,29.1564,0.0514,0.0415
16675,3335,-26.5745,5,0,0.9384,1336.0327,26.5750,0.0723,0.0415
16680,3336,-26.2041,5,0,0.7696,1588.0962,33.6644,0.2288,0.0414
16685,3337,-5.6854,5,0,0.9620,1190.1860,21.7307,0.0446,0.0414
16690,3338,-10.7591,5,0,0.9712,1446.8737,28.5595,0.0258,0.0414
16695,3339,-10.4557,5,0,0.9240,1213.7368,28.1282,0.0743,0.0414
16700,3340,23.2165,5,0,0.9345,1446.7598,27.9239,1.0843,0.0414
16705,3341,-10.6015,5,0,0.9462,1283.5149,32.6786,0.0468,0.0413
16710,3342,-21.8339,5,0,0.9712,1264.1477,34.1033,0.0292,0.0413
16715,3343,39.6013,5,0,0.9267,1226.6775,25.8147,2.6310,0.0413
16720,3344,-42.8883,5,0,0.9687,1282.8518,34.6436,0.0321,0.0413
16725,3345,-42.6934,5,0,0.8952,1216.5110,25.0287,0.0746,0.0413
16730,3346,-5.5116,5,0,0.9492,1245.0198,31.6084,0.0609,0.0412
16735,3347,-10.8399,5,0,0.9777,1332.2788,28.6937,0.0220,0.0412
16740,3348,5.2646,5,0,0.9436,1050.7546,27.8316,0.0269,0.0412
16745,3349,5.2798,5,0,0.9737,1307.1887,29.6898,0.0284,0.0412
16750,3350,-37.7702,5,0,0.9486,1030.7638,29.0125,0.0541,0.0412
16755,3351,-10.0172,5,0,0.9039,1158.4058,31.2989,0.1232,0.0411
16760,3352,39.2602,5,0,0.9685,1182.4277,31.1305,0.0315,0.0411
16765,3353,-26.1098,5,0,0.8622,1040.2275,37.8854,0.1619,0.0411
16770,3354,5.5912,5,0,0.9405,1394.1626,21.3990,0.0610,0.0411
16775,3355,-42.6452,5,0,0.7594,1597.9604,37.4427,0.1365,0.0411
16780,3356,-26.6005,5,0,0.9233,1261.9037,27.3360,0.0680,0.0410
16785,3357,5.4413,5,0,0.9400,1270.1343,30.2508,0.0453,0.0410
16790,3358,5.9340,5,0,0.9052,1067.0645,26.2365,0.0981,0.0410
16795,3359,-26.7391,5,0,0.9556,1094.9858,26.9383,0.0447,0.0410
16800,3360,-26.8190,5,0,0.9617,1370.9316,28.5047,0.0319,0.0410
16805,3361,-42.7402,5,0,0.8486,1224.3040,31.7994,0.1225,0.0409
16810,3362,-26.6645,5,0,0.9326,1085.3926,28.4908,0.0538,0.0409
16815,3363,5.2503,5,0,0.9497,1181.2681,27.2446,0.0254,0.0409
16820,3364,-42.9295,5,0,0.8707,1098.8213,30.2084,0.0410,0.0409
16825,3365,-42.8624,5,0,0.9297,1032.9240,29.3621,0.5689,0.0409
16830,3366,-42.8477,5,0,0.9589,1071.4509,28.7621,0.0406,0.0408
16835,3367,-26.7248,5,0,0.9291,1275.3052,29.6919,0.0570,0.0408
16840,3368,-5.8314,5,0,0.9771,1088.5420,30.9493,0.0204,0.0408
16845,3369,-10.6690,5,0,0.9244,1288.0007,29.2244,0.0383,0.0408
16850,3370,-26.9087,5,0,0.9867,1126.1323,29.1738,0.0124,0.0408
16855,3371,-10.7536,5,0,0.9673,1259.1355,33.5266,0.0301,0.0407
16860,3372,-37.8644,5,0,0.9644,1107.0896,27.1674,0.0335,0.0407
16865,3373,39.3166,5,0,0.9567,1269.9592,25.4704,0.0462,0.0407
16870,3374,5.0727,5,0,0.9915,1298.8054,33.4622,0.0073,0.0407
16875,3375,-42.8910,5,0,0.9736,1225.6318,31.1471,0.0307,0.0407
16880,3376,17.2107,5,0,0.9541,1332.5676,22.9032,2.4099,0.0406
16885,3377,-5.3207,5,0,0.9045,1159.3774,27.2015,0.0940,0.0406
16890,3378,-10.4903,5,0,0.9049,1082.7345,28.1256,0.0730,0.0406
16895,3379,-42.8578,5,0,0.9628,1229.4817,30.5613,0.0358,0.0406
16900,3380,23.5246,5,0,0.9304,1200.1401,29.3830,1.9906,0.0406
16905,3381,-42.7688,5,0,0.9443,1707.3696,26.3136,0.0599,0.0405
16910,3382,-5.7150,5,0,0.9470,1087.8054,33.9019,0.0400,0.0405
16915,3383,23.4923,5,0,0.7837,1394.4146,24.1598,0.9489,0.0405
16920,3384,-10.2957,5,0,0.8900,1063.6945,30.8231,0.0985,0.0405
16925,3385,-42.6171,5,0,0.8985,1076.1062,29.5447,0.1051,0.0405
16930,3386,-42.0603,5,0,0.7998,961.0402,25.9362,0.2296,0.0404
16935,3387,-26.7386,5,0,0.8622,1116.6683,25.5190,0.0899,0.0404
16940,3388,-10.7099,5,0,0.9591,1206.4351,26.9485,0.0371,0.0404
16945,3389,-53.9747,5,0,0.9735,1126.1021,28.4528,0.0235,0.0404
16950,3390,-10.5873,5,0,0.9537,1036.8341,26.6552,0.0485,0.0404
16955,3391,-42.8438,5,0,0.9578,1429.6377,21.0875,0.0479,0.0403
16960,3392,-26.7212,5,0,0.9533,1182.6622,33.3808,0.0542,0.0403
16965,3393,-26.7717,5,0,0.9560,1045.7816,19.7981,0.0408,0.0403
16970,3394,-58.7650,5,0,0.9006,1304.1504,27.7863,0.1153,0.0403
16975,3395,-58.8852,5,0,0.9435,1036.0776,26.8658,0.0620,0.0403
16980,3396,-58.9338,5,0,0.9572,1227.4612,22.8748,0.0451,0.0402
16985,3397,12.1188,5,0,0.9635,1001.6216,33.8282,0.6839,0.0402
16990,3398,-5.7056,5,0,0.9597,1142.9822,25.0099,0.0348,0.0402
16995,3399,-10.0762,5,0,0.8663,1228.6306,23.5833,0.1250,0.0402
17000,3400,-53.8285,5,0,0.9305,1355.9470,23.9003,0.1161,0.0402
17005,3401,-37.8861,5,0,0.9685,1244.4370,32.0520,0.0295,0.0401
17010,3402,7.0898,5,0,0.9759,1441.1860,31.1907,2.2731,0.0401
17015,3403,-26.6898,5,0,0.9341,1211.9478,28.6026,0.0578,0.0401
17020,3404,-42.6830,5,0,0.8530,1266.8412,26.9172,0.1059,0.0401
17025,3405,5.5102,5,0,0.9503,1310.3855,24.6864,0.0525,0.0401
17030,3406,-21.5555,5,0,0.9017,1157.2023,28.1698,0.0672,0.0400
17035,3407,-10.6103,5,0,0.9638,1336.7847,27.1359,0.0474,0.0400
17040,3408,-10.7682,5,0,0.9604,1451.4324,28.9878,0.0282,0.0400
17045,3409,5.4266,5,0,0.9441,1279.9019,26.4585,0.0436,0.0400
17050,3410,23.3785,5,0,0.9353,1304.9922,21.9590,2.7351,0.0400
17055,3411,-5.5363,5,0,0.9264,1414.9368,34.4835,0.0675,0.0399
17060,3412,-10.7479,5,0,0.9622,1274.5909,19.7270,0.0326,0.0399
17065,3413,-26.6537,5,0,0.9489,1031.3523,30.6240,0.0543,0.0399
17070,3414,-42.8891,5,0,0.9096,1194.5370,24.7692,0.0717,0.0399
17075,3415,-75.0000,5,0,0.9490,1289.3801,29.8271,0.0508,0.0399
17080,3416,-58.8038,5,0,0.8576,1170.9661,22.3924,0.1036,0.0398
17085,3417,5.6377,5,0,0.8955,1311.1345,26.9447,0.0667,0.0398
17090,3418,-42.7012,5,0,0.9191,1148.2502,26.7721,0.0774,0.0398
17095,3419,-26.7342,5,0,0.9444,1246.4895,23.1989,0.0470,0.0398
17100,3420,-5.3405,5,0,0.9174,1107.8306,25.5702,0.0898,0.0398
17105,3421,39.2488,5,0,0.9620,1221.1045,23.4665,3.6199,0.0397
17110,3422,-26.2126,5,0,0.8616,1379.6619,30.8109,0.1384,0.0397
17115,3423,-10.0752,5,0,0.8890,1314.3497,24.2412,0.1192,0.0397
17120,3424,5.8935,5,0,0.8764,1502.2592,33.5164,0.0943,0.0397
17125,3425,-10.4616,5,0,0.9148,896.7350,24.5771,0.0689,0.0397
17130,3426,-10.1205,5,0,0.8928,1176.0641,21.9043,0.1133,0.0396
17135,3427,-10.1027,5,0,0.8873,1109.6736,22.8878,0.1192,0.0396
17140,3428,-10.2430,5,0,0.8574,1054.7351,27.1133,0.1093,0.0396
17145,3429,-42.5309,5,0,0.8340,1319.6758,20.1141,0.1665,0.0396
17150,3430,-9.9322,5,0,0.8770,1265.1273,28.3450,0.1500,0.0396
17155,3431,-26.7789,5,0,0.9452,1221.3347,22.1159,0.0441,0.0395
17160,3432,-42.6115,5,0,0.8980,1281.5331,20.0769,0.1057,0.0395
17165,3433,55.9930,5,0,0.8956,1133.7385,27.4023,1.7548,0.0395
17170,3434,-10.5898,5,0,0.9399,1095.2180,26.7333,0.0489,0.0395
17175,3435,-58.7271,5,0,0.8950,1407.4203,22.8627,0.0920,0.0395
17180,3436,-10.4124,5,0,0.9148,1287.3079,25.0002,0.0767,0.0394
17185,3437,-10.6105,5,0,0.9359,1391.0867,26.5978,0.0533,0.0394
17190,3438,5.9656,5,0,0.9014,1243.1543,20.9320,0.1016,0.0394
17195,3439,-10.3221,5,0,0.9010,1317.8317,25.6589,0.0966,0.0394
17200,3440,-42.8748,5,0,0.9415,1037.2705,25.0891,0.0400,0.0394
17205,3441,-26.5034,5,0,0.9156,1226.6421,27.0421,0.0905,0.0393
17210,3442,-75.0000,5,0,0.9213,1142.5740,32.1334,0.0759,0.0393
17215,3443,-10.0871,5,0,0.8417,1086.8508,27.4177,0.1237,0.0393
17220,3444,-10.6455,5,0,0.9553,1261.0590,27.3336,0.0457,0.0393
17225,3445,-10.4243,5,0,0.9009,1223.0679,29.9843,0.0787,0.0393
17230,3446,-26.4084,5,0,0.8927,1392.2998,22.1678,0.0966,0.0392
17235,3447,23.3904,5,0,0.8967,1327.9346,27.6461,0.5402,0.0392
17240,3448,39.2888,5,0,0.9392,1172.3245,21.3972,1.7269,0.0392
17245,3449,23.3839,5,0,0.9022,1334.6611,24.0944,0.0953,0.0392
17250,3450,28.2070,5,0,0.9538,1333.2693,27.0794,1.2479,0.0392
17255,3451,-10.5718,5,0,0.9275,1207.3765,26.6173,0.0595,0.0391
17260,3452,-10.0995,5,0,0.8738,1205.7141,26.6777,0.1153,0.0391
17265,3453,55.7167,5,0,0.9280,1380.2513,26.4425,0.0748,0.0391
17270,3454,-26.9766,5,0,0.6922,1158.0830,29.2580,0.2467,0.0391
17275,3455,-21.6055,5,0,0.9226,1274.2729,25.5837,0.0754,0.0391
17280,3456,-10.4803,5,0,0.9220,1192.2921,24.7683,0.0702,0.0391
17285,3457,-58.7102,5,0,0.8551,1163.0107,25.1855,0.1556,0.0390
17290,3458,-42.8391,5,0,0.9511,1204.0366,22.2364,0.0371,0.0390
17295,3459,-26.7741,5,0,0.9604,1254.9919,22.7878,0.0369,0.0390
17300,3460,55.3259,5,0,0.9647,1073.8142,33.3803,0.0331,0.0390
17305,3461,-10.7723,5,0,0.9709,1365.3383,29.3645,0.0290,0.0390
17310,3462,-26.7297,5,0,0.9487,1030.4268,23.5464,0.0497,0.0389
17315,3463,5.2673,5,0,0.9657,1333.5215,18.6314,0.0271,0.0389
17320,3464,-58.8980,5,0,0.9418,1049.2511,27.2600,0.0620,0.0389
17325,3465,-58.9644,5,0,0.9718,1128.8768,23.8421,0.0245,0.0389
17330,3466,-10.6458,5,0,0.9522,1265.6760,21.3061,0.0460,0.0389
17335,3467,-21.7309,5,0,0.9359,1142.3936,20.7435,0.0421,0.0388
17340,3468,-26.6698,5,0,0.9322,1235.6062,21.0785,0.0589,0.0388
17345,3469,28.5083,5,0,0.9082,965.7090,29.6771,1.4095,0.0388
17350,3470,-26.6760,5,0,0.9343,1183.4745,25.5767,0.0602,0.0388
17355,3471,-10.2486,5,0,0.9232,963.6910,20.2227,0.0949,0.0388
17360,3472,55.4118,5,0,0.9481,1171.7751,23.3687,1.1416,0.0387
17365,3473,-26.4591,5,0,0.8993,1122.0721,25.9296,0.1004,0.0387
17370,3474,-10.5286,5,0,0.9235,1427.0288,21.9841,0.0537,0.0387
17375,3475,23.3155,5,0,0.8536,1163.0444,31.0441,1.5397,0.0387
17380,3476,-10.0906,5,0,0.8131,1126.9150,25.1583,0.1190,0.0387
17385,3477,-42.7559,5,0,0.9373,1190.3105,20.6070,0.0613,0.0386
17390,3478,-53.8426,5,0,0.9217,1170.7812,22.8329,0.0800,0.0386
17395,3479,6.2925,5,0,0.8700,1011.1187,31.4003,0.1390,0.0386
17400,3480,-26.1976,5,0,0.8806,1234.7793,24.9345,0.1546,0.0386
17405,3481,-32.5183,5,0,0.8132,1078.8911,28.5988,0.0968,0.0386
17410,3482,45.1689,5,0,0.8325,1212.8335,17.5243,0.9740,0.0386
17415,3483,5.9051,5,0,0.9040,1130.9863,32.3853,0.0950,0.0385
17420,3484,-5.4373,5,0,0.9249,1140.8263,23.4922,0.0678,0.0385
17425,3485,-5.3734,5,0,0.9282,1286.8853,29.3535,0.0826,0.0385
17430,3486,-26.5041,5,0,0.8446,1395.4202,21.8836,0.1102,0.0385
17435,3487,12.3948,5,0,0.8710,1260.2472,22.3704,1.7546,0.0385
17440,3488,-26.5463,5,0,0.9217,1017.4645,25.6865,0.0764,0.0384
17445,3489,23.5248,5,0,0.8954,1205.8669,25.9170,2.4444,0.0384
17450,3490,-8.6144,5,0,0.8072,1234.0127,23.4700,1.9707,0.0384
17455,3491,-25.5961,5,0,0.7064,1127.6025,27.9528,0.2470,0.0384
17460,3492,6.4349,5,0,0.8448,1202.0198,26.8337,0.1550,0.0384
17465,3493,6.6091,5,0,0.8283,1131.0093,23.2852,0.1757,0.0383
17470,3494,-75.0000,5,0,0.7979,1345.7655,21.6025,0.2137,0.0383
17475,3495,-58.5826,5,0,0.7119,1146.7346,24.6287,0.2365,0.0383
17480,3496,-58.8756,5,0,0.7815,1041.2310,26.2523,0.1321,0.0383
17485,3497,-25.7825,5,0,0.7747,1227.1970,24.6103,0.2479,0.0383
17490,3498,-9.2745,5,0,0.8193,1284.0486,25.0026,0.2430,0.0382
17495,3499,-26.4970,5,0,0.8957,1019.2081,22.9972,0.0879,0.0382
17500,3500,6.4375,5,0,0.8461,1142.9501,26.5431,0.1554,0.0382
17505,3501,-10.0660,5,0,0.8793,1080.5187,24.9829,0.1251,0.0382
17510,3502,-9.9487,5,0,0.8464,1250.1384,24.5981,0.1203,0.0382
17515,3503,-9.5663,5,0,0.7989,1059.2852,20.3249,0.1896,0.0382
17520,3504,40.0071,5,0,0.8651,929.8127,20.3055,2.0750,0.0381
17525,3505,57.3377,5,0,0.7085,1083.7694,27.0616,1.0778,0.0381
17530,3506,7.0711,5,0,0.7523,1196.4631,24.0757,0.2374,0.0381
17535,3507,-26.1440,5,0,0.8409,931.0417,26.9509,0.1541,0.0381
17540,3508,-21.2495,5,0,0.8617,1153.4072,23.1866,0.1258,0.0381
17545,3509,-25.9493,5,0,0.8353,1293.5374,25.8067,0.1900,0.0380
17550,3510,-10.3883,5,0,0.8346,1116.1010,25.2152,0.0999,0.0380
17555,3511,-9.7671,5,0,0.8537,1086.4041,20.6393,0.1615,0.0380
17560,3512,-25.8662,5,0,0.7804,1233.1924,26.4012,0.2126,0.0380
17565,3513,-42.6143,5,0,0.8912,1036.3059,13.7734,0.1042,0.0380
17570,3514,-26.0559,5,0,0.8585,885.9758,30.0547,0.1510,0.0379
17575,3515,-9.9824,5,0,0.8686,1237.9491,21.7178,0.1394,0.0379
17580,3516,-9.5647,5,0,0.8266,1466.5610,25.6563,0.1753,0.0379
17585,3517,-21.4404,5,0,0.8357,1102.0271,23.5467,0.1430,0.0379
17590,3518,-26.4899,5,0,0.8831,1097.3914,22.6475,0.1039,0.0379
17595,3519,39.4514,5,0,0.9311,1163.6079,25.9607,2.8453,0.0379
17600,3520,7.3840,5,0,0.9049,1168.8507,20.0925,2.4405,0.0378
17605,3521,-42.4734,5,0,0.7632,1005.5270,22.2296,0.1785,0.0378
17610,3522,-42.4697,5,0,0.8125,1271.0403,18.4626,0.1768,0.0378
17615,3523,-10.1260,5,0,0.8884,1351.9703,26.3716,0.1162,0.0378
17620,3524,-26.0653,5,0,0.7888,1368.9586,17.1155,0.1870,0.0378
17625,3525,-42.5361,5,0,0.8772,928.2603,28.8282,0.1078,0.0377
17630,3526,40.9489,5,0,0.6947,1323.6167,19.1483,0.4612,0.0377
17635,3527,-9.6564,5,0,0.7852,1216.0308,26.3277,0.1970,0.0377
17640,3528,-9.9902,5,0,0.8660,1132.0889,22.7952,0.1222,0.0377
17645,3529,-42.4796,5,0,0.8804,1138.7939,23.8607,0.1274,0.0377
17650,3530,-58.6398,5,0,0.8229,1145.4763,25.5731,0.2160,0.0376
17655,3531,-26.4942,5,0,0.8997,1345.7400,20.7524,0.0820,0.0376
17660,3532,-26.4447,5,0,0.8948,1150.1926,22.3894,0.1042,0.0376
17665,3533,-10.2889,5,0,0.9104,1144.9065,16.0481,0.0935,0.0376
17670,3534,12.5577,5,0,0.8366,1044.4243,23.4886,0.1519,0.0376
17675,3535,-10.5576,5,0,0.9303,1139.3220,28.0578,0.0554,0.0376
17680,3536,-42.6158,5,0,0.9022,1289.2483,18.7746,0.1103,0.0375
17685,3537,-26.7226,5,0,0.9328,998.8163,20.6201,0.0550,0.0375
17690,3538,-26.7809,5,0,0.9595,871.6289,27.1837,0.0373,0.0375
17695,3539,-10.2793,5,0,0.8052,850.1378,25.0227,0.1190,0.0375
17700,3540,5.6047,5,0,0.9423,1108.6896,25.1330,0.0624,0.0375
17705,3541,39.6703,5,0,0.8884,1143.8120,20.6057,1.3209,0.0374
17710,3542,-10.6731,5,0,0.9535,1318.3539,24.3117,0.0409,0.0374
17715,3543,-26.7813,5,0,0.9583,1348.0715,23.3753,0.0360,0.0374
17720,3544,-10.4084,5,0,0.8844,1116.5446,29.1132,0.0867,0.0374
17725,3545,5.4084,5,0,0.9535,1091.7186,25.4882,0.0417,0.0374
17730,3546,-26.4722,5,0,0.9041,1027.0814,22.4858,0.0978,0.0373
17735,3547,-10.5818,5,0,0.9470,1218.8989,17.8670,0.0535,0.0373
17740,3548,39.5536,5,0,0.9426,1010.3217,23.9378,1.0972,0.0373
17745,3549,-10.7003,5,0,0.9587,1031.2003,24.9746,0.0379,0.0373
17750,3550,39.5684,5,0,0.9015,1245.7947,28.0530,2.7589,0.0373
17755,3551,-10.2991,5,0,0.8924,1010.0857,17.0285,0.0898,0.0373
17760,3552,40.0605,5,0,0.8591,1222.5216,23.7997,2.0588,0.0372
17765,3553,-32.3010,5,0,0.7782,1326.2341,22.0861,0.1944,0.0372
17770,3554,40.2200,5,0,0.8338,1098.3297,26.0118,2.0464,0.0372
17775,3555,-26.5727,5,0,0.8833,1077.3369,26.2863,0.0866,0.0372
17780,3556,-9.7313,5,0,0.8101,1196.5371,26.4948,0.1760,0.0372
17785,3557,40.3186,5,0,0.7528,1120.4934,26.4243,0.6326,0.0371
17790,3558,-25.6630,5,0,0.7481,1134.1646,26.7961,0.2754,0.0371
17795,3559,40.7432,5,0,0.7245,1065.9956,25.0138,0.4373,0.0371
17800,3560,-9.6314,5,0,0.8142,1160.5740,27.0793,0.1913,0.0371
17805,3561,6.8486,5,0,0.7818,1202.8408,23.6569,0.2051,0.0371
17810,3562,-21.0745,5,0,0.8160,1098.8418,24.6364,0.1834,0.0371
17815,3563,24.4069,5,0,0.7225,1184.0759,25.2685,0.4474,0.0370
17820,3564,-3.6138,5,0,0.7799,996.8603,20.2860,1.5983,0.0370
17825,3565,5.8814,5,0,0.8850,1161.8077,22.4139,0.0926,0.0370
17830,3566,8.3009,5,0,0.6609,1078.0139,26.3968,0.5298,0.0370
17835,3567,-58.6567,5,0,0.8126,934.3664,21.4758,0.1975,0.0370
17840,3568,-9.8704,5,0,0.8495,1062.9180,20.2611,0.1544,0.0369
17845,3569,40.1794,5,0,0.8240,1209.0181,25.2960,1.8958,0.0369
17850,3570,-10.0479,5,0,0.8482,1253.7180,17.4857,0.1224,0.0369
17855,3571,-25.3239,5,0,0.6727,1011.7293,22.8775,0.3366,0.0369
17860,3572,-58.7555,5,0,0.8049,1188.2233,18.3602,0.1727,0.0369
17865,3573,7.5445,5,0,0.7582,1027.3589,26.4781,0.2943,0.0368
17870,3574,57.9719,5,0,0.6656,1008.0383,23.7922,0.6326,0.0368
17875,3575,-9.5700,5,0,0.7773,1368.8335,23.7126,0.2044,0.0368
17880,3576,7.7506,5,0,0.7212,1318.7820,22.6420,0.3221,0.0368
17885,3577,-58.8534,5,0,0.8875,1408.5416,24.0353,0.1006,0.0368
17890,3578,-25.9846,5,0,0.8562,1118.2148,25.7291,0.1702,0.0368
17895,3579,7.9538,5,0,0.6823,1192.7100,21.2343,0.3538,0.0367
17900,3580,24.1872,5,0,0.8131,1012.9782,22.6933,1.0969,0.0367
17905,3581,-9.6663,5,0,0.8172,1044.7672,27.1712,0.1800,0.0367
17910,3582,-58.7381,5,0,0.7971,1468.1711,23.0798,0.1679,0.0367
17915,3583,-9.8369,5,0,0.8085,1092.7458,21.3044,0.1611,0.0367
17920,3584,-42.2274,5,0,0.7756,1178.0358,22.5362,0.4583,0.0366
17925,3585,6.6576,5,0,0.7846,1299.8965,22.9048,0.1818,0.0366
17930,3586,-75.0000,5,0,0.8536,1170.7440,21.5594,0.1453,0.0366
17935,3587,-58.6966,5,0,0.8361,1034.4204,20.5090,0.1642,0.0366
17940,3588,-42.7916,5,0,0.9256,982.8035,29.3350,0.0652,0.0366
17945,3589,-58.8041,5,0,0.8787,1268.1144,22.9736,0.1241,0.0366
17950,3590,-42.6962,5,0,0.9094,1175.0127,23.7119,0.0739,0.0365
17955,3591,-26.5538,5,0,0.9257,1057.9805,26.5262,0.0798,0.0365
17960,3592,6.3118,5,0,0.8644,1202.7524,21.8977,0.1407,0.0365
17965,3593,40.1552,5,0,0.7981,1054.0918,24.2249,1.9657,0.0365
17970,3594,-26.4630,5,0,0.9004,1159.1260,19.9823,0.0976,0.0365
17975,3595,-58.7653,5,0,0.8553,1231.0996,17.4631,0.1353,0.0364
17980,3596,-42.6798,5,0,0.8944,1058.9739,22.6984,0.0916,0.0364
17985,3597,-26.0307,5,0,0.7962,1026.5049,25.4742,0.1749,0.0364
17990,3598,23.4280,5,0,0.9178,1281.7107,21.8817,2.7561,0.0364
17995,3599,56.5100,5,0,0.8303,1003.2522,22.7176,1.8966,0.0364
18000,3600,-26.2609,5,0,0.8515,1126.7908,24.7149,0.1405,0.0364
18005,3601,-42.4148,5,0,0.7765,1149.6055,22.0906,0.4674,0.0363
18010,3602,-42.2288,5,0,0.7418,1149.4440,22.3110,0.2041,0.0363
18015,3603,-9.9641,5,0,0.8354,1156.3918,20.7819,0.1388,0.0363
18020,3604,7.0694,5,0,0.7590,1034.0100,22.7035,0.2328,0.0363
18025,3605,-58.6525,5,0,0.8087,1472.9736,23.2956,0.1752,0.0363
18030,3606,56.6263,5,0,0.8201,1092.3398,21.1308,1.8245,0.0362
18035,3607,-25.8475,5,0,0.7836,1134.2812,24.4149,0.2066,0.0362
18040,3608,-25.7339,5,0,0.8048,1161.6511,27.1939,0.1994,0.0362
18045,3609,-9.2098,5,0,0.7574,1266.4437,22.4160,0.2584,0.0362
18050,3610,-8.9018,5,0,0.7254,989.7798,24.7745,0.3079,0.0362
18055,3611,-42.3931,5,0,0.7983,1008.0270,26.6152,0.1932,0.0362
18060,3612,-10.0529,5,0,0.8760,1256.8718,17.8975,0.1221,0.0361
18065,3613,40.6680,5,0,0.7479,982.3224,24.1711,1.7296,0.0361
18070,3614,-20.9242,5,0,0.8203,1349.4531,19.5807,0.1794,0.0361
18075,3615,-42.0865,5,0,0.6652,965.0322,23.6503,0.3026,0.0361
18080,3616,-42.3724,5,0,0.7879,1284.3396,17.8294,0.1743,0.0361
18085,3617,-26.1457,5,0,0.8391,1268.8966,28.3420,0.1636,0.0361
18090,3618,-9.4314,5,0,0.7918,1177.6208,18.8946,0.2213,0.0360
18095,3619,-9.6833,5,0,0.8042,974.2374,23.3528,0.1877,0.0360
18100,3620,6.9792,5,0,0.7971,1144.8098,16.1649,0.2208,0.0360
18105,3621,6.0321,5,0,0.8723,1319.7847,17.4524,0.1092,0.0360
18110,3622,-26.2879,5,0,0.8494,1055.3744,12.1653,0.1350,0.0360
18115,3623,-75.0000,5,0,0.8317,987.1512,21.4725,0.4590,0.0359
18120,3624,45.8440,5,0,0.7478,1193.3518,14.4210,0.2738,0.0359
18125,3625,-58.7917,5,0,0.8958,1069.4539,19.9542,0.0984,0.0359
18130,3626,-26.2785,5,0,0.8789,1132.4861,17.3589,0.1198,0.0359
18135,3627,12.4156,5,0,0.8828,1286.5065,21.8337,2.3203,0.0359
18140,3628,-9.7956,5,0,0.8287,1189.8115,22.7724,0.1608,0.0359
18145,3629,-26.2883,5,0,0.8771,1206.0347,17.5290,0.1349,0.0358
18150,3630,7.4456,5,0,0.8097,1428.5575,24.0814,0.7603,0.0358
18155,3631,24.0981,5,0,0.8146,1316.3340,16.6765,0.4737,0.0358
18160,3632,-26.1185,5,0,0.8495,1372.3500,22.8951,0.1554,0.0358
18165,3633,-58.8408,5,0,0.8979,1165.9934,11.6886,0.0907,0.0358
18170,3634,-9.6302,5,0,0.8236,1055.1199,21.7042,0.1884,0.0357
18175,3635,-21.3742,5,0,0.8939,916.9338,22.2145,0.1135,0.0357
18180,3636,23.6351,5,0,0.8648,1160.8531,18.3680,0.8319,0.0357
18185,3637,12.6207,5,0,0.8528,972.1370,23.8626,2.0217,0.0357
18190,3638,40.6609,5,0,0.7224,1012.5835,24.0691,1.6765,0.0357
18195,3639,-75.0000,5,0,0.8516,885.1348,26.1434,0.1312,0.0357
18200,3640,-26.2788,5,0,0.8658,1187.1040,17.1992,0.1336,0.0356
18205,3641,-26.1655,5,0,0.7807,1233.5327,24.3393,0.1755,0.0356
18210,3642,-9.0104,5,0,0.7480,1081.9126,19.4487,0.2873,0.0356
18215,3643,-25.9006,5,0,0.7894,1045.3556,24.9901,0.2094,0.0356
18220,3644,-25.9446,5,0,0.7660,1200.4272,17.9230,0.4592,0.0356
18225,3645,6.6385,5,0,0.8166,1228.0406,23.5101,0.1792,0.0356
18230,3646,-9.5508,5,0,0.7991,1080.8588,16.8278,0.2057,0.0355
18235,3647,-26.0009,5,0,0.8180,1276.6628,24.5817,0.1719,0.0355
18240,3648,-10.1516,5,0,0.8880,1028.7957,16.9775,0.1137,0.0355
18245,3649,-9.7293,5,0,0.8316,1364.5275,21.3037,0.1709,0.0355
18250,3650,6.1317,5,0,0.8730,1188.8501,22.5102,0.1202,0.0355
18255,3651,-25.8618,5,0,0.8046,1164.8110,25.0236,0.1997,0.0354
18260,3652,-58.7778,5,0,0.8889,1255.0901,16.7561,0.1019,0.0354
18265,3653,-42.2949,5,0,0.8301,1220.8447,23.3557,0.1670,0.0354
18270,3654,-42.5952,5,0,0.8962,982.8503,21.7877,0.0979,0.0354
18275,3655,-42.4028,5,0,0.8066,1295.0642,17.4809,0.1516,0.0354
18280,3656,-9.7228,5,0,0.8371,1047.2657,22.8333,0.1806,0.0354
18285,3657,-58.8414,5,0,0.9207,1331.6154,20.8057,0.0815,0.0353
18290,3658,6.3533,5,0,0.8613,1052.8762,20.8677,0.1456,0.0353
18295,3659,55.7010,5,0,0.9032,1330.9833,20.9861,2.0674,0.0353
18300,3660,-26.5304,5,0,0.9083,1136.6589,23.5322,0.0877,0.0353
18305,3661,39.8316,5,0,0.8904,880.5367,19.4885,0.5251,0.0353
18310,3662,39.7263,5,0,0.9095,1131.1401,25.1822,2.4044,0.0353
18315,3663,-9.5197,5,0,0.7930,1101.8967,24.5428,0.2150,0.0352
18320,3664,-42.3265,5,0,0.7415,1304.0918,18.3853,0.2127,0.0352
18325,3665,-10.3110,5,0,0.8915,985.9554,22.7949,0.0952,0.0352
18330,3666,-9.7284,5,0,0.8337,1024.6029,21.8845,0.1755,0.0352
18335,3667,-26.2480,5,0,0.8760,1042.0645,21.5116,0.1343,0.0352
18340,3668,56.6510,5,0,0.7994,1116.7156,16.7213,1.3599,0.0352
18345,3669,-26.3578,5,0,0.8874,1146.3926,22.2034,0.1037,0.0351
18350,3670,-9.9871,5,0,0.8582,1324.5925,21.4001,0.1435,0.0351
18355,3671,-26.2415,5,0,0.8639,1343.3693,24.3137,0.1344,0.0351
18360,3672,39.5941,5,0,0.9093,1243.3679,18.8370,0.0795,0.0351
18365,3673,40.5385,5,0,0.7520,795.7579,24.8170,0.8590,0.0351
18370,3674,-58.7726,5,0,0.8863,1058.4576,19.2321,0.1195,0.0350
18375,3675,-25.9387,5,0,0.8085,1119.5911,18.0462,0.1982,0.0350
18380,3676,-26.3214,5,0,0.8753,1249.0007,19.8698,0.1258,0.0350
18385,3677,23.6921,5,0,0.8395,1205.7775,21.8672,1.5379,0.0350
18390,3678,-42.3297,5,0,0.8134,1092.1514,16.2166,0.1962,0.0350
18395,3679,5.7789,5,0,0.9097,1007.3093,18.6701,0.0813,0.0350
18400,3680,-21.1393,5,0,0.8355,1101.2660,20.9281,0.1641,0.0349
18405,3681,-42.2997,5,0,0.8450,1371.1660,20.4999,0.2004,0.0349
18410,3682,-9.4032,5,0,0.7972,1074.3794,22.1557,0.2287,0.0349
18415,3683,-9.9894,5,0,0.8693,1195.5980,18.6963,0.1232,0.0349
18420,3684,6.3577,5,0,0.8539,1252.0112,22.0872,0.1461,0.0349
18425,3685,-53.7161,5,0,0.8549,1202.4624,18.1465,0.1486,0.0349
18430,3686,-9.6055,5,0,0.7830,1060.4862,18.3504,0.1990,0.0348
18435,3687,6.2259,5,0,0.8820,991.2202,21.6586,0.1308,0.0348
18440,3688,-10.5556,5,0,0.9363,1246.8489,16.4737,0.0589,0.0348
18445,3689,-42.7529,5,0,0.9177,1364.6560,19.7329,0.0763,0.0348
18450,3690,-10.1709,5,0,0.8721,1058.6676,20.4238,0.1175,0.0348
18455,3691,-26.5179,5,0,0.9100,1194.1897,17.4274,0.0820,0.0348
18460,3692,-10.1532,5,0,0.8946,1190.6301,13.3119,0.1012,0.0347
18465,3693,-9.7322,5,0,0.8326,1104.1313,17.4881,0.1795,0.0347
18470,3694,23.4298,5,0,0.8923,1172.6504,18.8638,1.8687,0.0347
18475,3695,39.3749,5,0,0.9464,1104.0006,19.8332,0.0448,0.0347
18480,3696,5.9276,5,0,0.8893,1060.7905,14.5947,0.0976,0.0347
18485,3697,12.6448,5,0,0.8220,1206.6201,20.3109,0.4493,0.0346
18490,3698,-26.6925,5,0,0.9360,1165.9718,16.0883,0.0564,0.0346
18495,3699,5.5151,5,0,0.9441,1245.0928,19.0636,0.0529,0.0346
18500,3700,-26.3574,5,0,0.8718,978.7212,23.9171,0.1075,0.0346
18505,3701,-10.5142,5,0,0.9343,1216.6904,17.6169,0.0618,0.0346
18510,3702,-26.5483,5,0,0.9022,1161.7428,21.3739,0.0865,0.0346
18515,3703,-58.8351,5,0,0.9050,1212.4475,20.5630,0.1006,0.0345
18520,3704,7.2926,5,0,0.9249,1172.0237,23.2368,0.0677,0.0345
18525,3705,-42.4465,5,0,0.8660,1362.4773,18.6590,0.1386,0.0345
18530,3706,39.5305,5,0,0.9274,1283.1243,26.7914,2.7054,0.0345
18535,3707,-53.8937,5,0,0.9468,1207.2639,17.2223,0.0633,0.0345
18540,3708,-26.6226,5,0,0.9215,1189.9565,22.7104,0.0710,0.0345
18545,3709,5.7484,5,0,0.9122,1190.5801,15.5730,0.0779,0.0344
18550,3710,-26.4585,5,0,0.9055,1289.2854,27.7278,0.0949,0.0344
18555,3711,-26.3471,5,0,0.8438,1273.3906,20.0898,0.0879,0.0344
18560,3712,28.6147,5,0,0.8463,1264.9683,23.0853,0.7396,0.0344
18565,3713,-26.0694,5,0,0.8170,1432.3479,16.5154,0.1775,0.0344
18570,3714,-10.4603,5,0,0.9244,1134.9446,22.0052,0.0700,0.0344
18575,3715,40.2121,5,0,0.8151,1101.5430,24.6918,1.3818,0.0343
18580,3716,-58.6886,5,0,0.8443,1220.1785,23.2766,0.1731,0.0343
18585,3717,-26.6380,5,0,0.9211,977.1354,22.2804,0.0661,0.0343
18590,3718,-42.6602,5,0,0.9049,1263.7842,17.1829,0.0918,0.0343
18595,3719,-10.4547,5,0,0.9066,1256.6079,24.9664,0.0676,0.0343
18600,3720,-58.7727,5,0,0.8941,1355.6937,21.4902,0.1002,0.0343
18605,3721,5.7099,5,0,0.9206,1264.9741,19.8080,0.0737,0.0342
18610,3722,-10.0416,5,0,0.8684,1016.6980,20.2828,0.1347,0.0342
18615,3723,39.5909,5,0,0.9156,969.4989,23.2165,0.0812,0.0342
18620,3724,-9.9536,5,0,0.8781,1145.4790,22.1831,0.1239,0.0342
18625,3725,-10.3564,5,0,0.9290,1333.9257,19.7154,0.0819,0.0342
18630,3726,-58.8556,5,0,0.9260,1345.2336,24.9584,0.0641,0.0342
18635,3727,-75.0000,5,0,0.9243,1151.7830,19.6989,0.0579,0.0341
18640,3728,-10.5028,5,0,0.9397,1089.9106,19.9414,0.0638,0.0341
18645,3729,-37.8230,5,0,0.9470,1023.1864,22.9832,0.0693,0.0341
18650,3730,55.3605,5,0,0.9595,1212.4583,22.3285,0.0367,0.0341
18655,3731,-37.8261,5,0,0.9508,914.9886,21.0501,0.0485,0.0341
18660,3732,-75.0000,5,0,0.8801,1186.3857,22.8051,0.1240,0.0341
18665,3733,-10.8023,5,0,0.9729,1207.8694,21.9461,0.0255,0.0340
18670,3734,5.3584,5,0,0.9469,1149.3408,16.5357,0.0365,0.0340
18675,3735,-26.3382,5,0,0.8308,986.1764,21.8122,0.1440,0.0340
18680,3736,-26.5008,5,0,0.9325,1200.4755,24.9569,0.0811,0.0340
18685,3737,-42.8931,5,0,0.9659,1052.9590,26.5120,0.0303,0.0340
18690,3738,-58.8563,5,0,0.9282,1160.6057,18.0445,0.0840,0.0339
18695,3739,39.4934,5,0,0.8729,1152.9678,26.5560,0.4456,0.0339
18700,3740,-58.8925,5,0,0.9462,1266.4619,15.7198,0.0398,0.0339
18705,3741,-26.6801,5,0,0.9442,1130.4987,14.7316,0.0594,0.0339
18710,3742,-37.8245,5,0,0.9598,1102.5927,18.6038,0.0411,0.0339
18715,3743,-10.8277,5,0,0.9758,1304.5806,15.5588,0.0205,0.0339
18720,3744,-26.3732,5,0,0.8691,1075.8826,22.9983,0.1296,0.0338
18725,3745,-42.7180,5,0,0.9174,1044.2981,18.7318,0.0678,0.0338
18730,3746,55.5265,5,0,0.9415,1248.8008,19.8616,2.3090,0.0338
18735,3747,7.1851,5,0,0.9269,1279.8574,13.8926,2.9234,0.0338
18740,3748,-10.6541,5,0,0.9167,1226.9778,26.2347,0.0444,0.0338
18745,3749,-42.5521,5,0,0.8849,1257.1458,19.1847,0.1261,0.0338
18750,3750,44.9199,5,0,0.8277,1105.9144,18.8406,1.0657,0.0337
18755,3751,-10.4226,5,0,0.8977,1045.0887,20.9909,0.0769,0.0337
18760,3752,-10.3743,5,0,0.8735,1161.7263,23.3578,0.0830,0.0337
18765,3753,-26.1226,5,0,0.8390,1117.3618,21.5555,0.1799,0.0337
18770,3754,-26.4052,5,0,0.8527,1026.7004,19.2474,0.1103,0.0337
18775,3755,6.2076,5,0,0.8665,1327.8928,16.5882,0.1288,0.0337
18780,3756,-10.1444,5,0,0.9002,1196.4495,17.2457,0.1080,0.0336
18785,3757,-26.4967,5,0,0.9114,1067.8335,26.5895,0.0883,0.0336
18790,3758,-42.5758,5,0,0.9022,1103.6605,17.0992,0.1236,0.0336
18795,3759,55.8299,5,0,0.9120,1295.2925,17.7597,2.4967,0.0336
18800,3760,-42.3234,5,0,0.8500,1177.0183,21.0756,0.1657,0.0336
18805,3761,-21.4545,5,0,0.8924,1142.5188,22.1730,0.0988,0.0336
18810,3762,-26.4116,5,0,0.8872,1362.9268,18.5643,0.1055,0.0335
18815,3763,23.7037,5,0,0.8479,1371.6205,15.6046,1.5493,0.0335
18820,3764,-21.5301,5,0,0.9013,1016.5861,17.1450,0.0831,0.0335
18825,3765,-58.7820,5,0,0.8850,1179.2223,20.6985,0.0949,0.0335
18830,3766,-58.8314,5,0,0.8669,1071.6021,21.3876,0.1479,0.0335
18835,3767,-26.5632,5,0,0.9070,1271.9174,11.9109,0.0866,0.0335
18840,3768,-48.7725,5,0,0.8866,1122.7756,18.0168,0.0940,0.0334
18845,3769,-10.3986,5,0,0.9084,1179.1384,19.6475,0.0807,0.0334
18850,3770,-26.6505,5,0,0.9228,1172.3850,23.9630,0.0645,0.0334
18855,3771,55.4965,5,0,0.9399,1288.9580,20.6196,1.1834,0.0334
18860,3772,-42.8068,5,0,0.9190,1113.5453,21.5613,0.0668,0.0334
18865,3773,-53.9126,5,0,0.9455,1125.4669,18.7391,0.0519,0.0334
18870,3774,7.6027,5,0,0.8054,1026.2870,19.0827,0.9105,0.0333
18875,3775,-10.1679,5,0,0.8084,991.4822,15.7196,0.1305,0.0333
18880,3776,55.7032,5,0,0.8727,1277.1790,25.0061,0.4584,0.0333
18885,3777,-26.1971,5,0,0.8642,1370.6007,15.8060,0.1404,0.0333
18890,3778,23.7038,5,0,0.8260,1182.1719,24.5063,0.4101,0.0333
18895,3779,-36.9076,5,0,0.7475,1095.9856,17.0133,0.2745,0.0333
18900,3780,-58.5621,5,0,0.8567,777.2318,20.7856,0.1796,0.0332
18905,3781,-53.7914,5,0,0.8770,1355.1555,15.1775,0.1229,0.0332
18910,3782,-10.0855,5,0,0.8663,996.4696,26.3159,0.1278,0.0332
18915,3783,-58.6672,5,0,0.8336,1062.7246,18.9591,0.1567,0.0332
18920,3784,-10.1234,5,0,0.8898,1169.6040,19.1434,0.1149,0.0332
18925,3785,-26.5151,5,0,0.9076,1289.1700,21.2941,0.0881,0.0332
18930,3786,-58.7315,5,0,0.8802,1487.5315,18.8350,0.1318,0.0331
18935,3787,-58.7957,5,0,0.9068,1058.4740,23.5518,0.0935,0.0331
18940,3788,-42.5759,5,0,0.8851,1119.8572,21.1892,0.1115,0.0331
18945,3789,7.6072,5,0,0.8299,1406.4590,18.1181,0.8152,0.0331
18950,3790,-26.7220,5,0,0.9313,1027.4586,20.8488,0.0488,0.0331
18955,3791,-10.7649,5,0,0.9633,1057.9058,19.6119,0.0301,0.0331
18960,3792,-26.7550,5,0,0.8845,1065.4996,21.8519,0.0613,0.0331
18965,3793,-42.7027,5,0,0.9211,995.3086,16.8085,0.0668,0.0330
18970,3794,-75.0000,5,0,0.9310,1137.6008,18.6266,0.0703,0.0330
18975,3795,-42.5597,5,0,0.8448,1233.0293,23.2754,0.8027,0.0330
18980,3796,-26.6732,5,0,0.9411,1206.4421,21.1149,0.0567,0.0330
18985,3797,-5.6311,5,0,0.9392,1143.5736,16.7444,0.0463,0.0330
18990,3798,-9.7400,5,0,0.8212,1133.4866,19.0860,0.1791,0.0330
18995,3799,-75.0000,5,0,0.9428,1160.8137,13.0333,0.0563,0.0329
19000,3800,5.6210,5,0,0.8742,972.8086,22.6946,0.0647,0.0329
19005,3801,-26.3798,5,0,0.8912,1072.8572,18.4198,0.1151,0.0329
19010,3802,40.2403,5,0,0.8323,972.2094,21.8782,0.1552,0.0329
19015,3803,-42.7670,5,0,0.9394,1025.5992,15.2273,0.0534,0.0329
19020,3804,5.4566,5,0,0.9437,1033.2834,18.8545,0.0468,0.0329
19025,3805,-10.7851,5,0,0.9709,1092.5715,17.0468,0.0251,0.0328
19030,3806,-26.6795,5,0,0.9355,1139.0040,19.9116,0.0623,0.0328
19035,3807,-10.6561,5,0,0.9546,1518.9199,18.4859,0.0432,0.0328
19040,3808,5.6096,5,0,0.9349,955.5779,20.9020,0.0630,0.0328
19045,3809,-37.5506,5,0,0.8737,1052.5757,21.1950,0.1092,0.0328
19050,3810,-10.5865,5,0,0.9153,1178.3662,14.9220,0.0506,0.0328
19055,3811,7.1543,5,0,0.9308,1094.3241,24.8088,2.2179,0.0327
19060,3812,5.3708,5,0,0.9579,1095.6888,20.1831,0.0378,0.0327
19065,3813,-10.5184,5,0,0.9373,1253.5770,21.0424,0.0588,0.0327
19070,3814,39.5213,5,0,0.9038,1179.5398,12.5175,2.2243,0.0327
19075,3815,-9.9342,5,0,0.8328,1174.0641,27.5379,0.1533,0.0327
19080,3816,-42.6187,5,0,0.8578,1299.1299,17.2688,0.0912,0.0327
19085,3817,-10.5845,5,0,0.9401,1154.3749,15.5209,0.0550,0.0326
19090,3818,-10.5812,5,0,0.9266,1057.7141,16.8349,0.0583,0.0326
19095,3819,-42.6203,5,0,0.9006,990.7983,21.5111,0.0990,0.0326
19100,3820,39.4075,5,0,0.9422,1142.9285,23.1516,0.0519,0.0326
19105,3821,-10.6898,5,0,0.9565,1384.6681,15.5742,0.0405,0.0326
19110,3822,-42.7094,5,0,0.8740,1112.2948,22.9712,0.0841,0.0326
19115,3823,-10.2396,5,0,0.9054,1044.0588,20.9773,0.0999,0.0325
19120,3824,-42.6994,5,0,0.9242,1047.0496,18.6284,0.0728,0.0325
19125,3825,-42.6151,5,0,0.9140,1266.9358,22.5699,0.0885,0.0325
19130,3826,-42.6759,5,0,0.9454,1191.2788,22.5689,0.0674,0.0325
19135,3827,-58.9273,5,0,0.9152,1222.4626,22.8885,0.0603,0.0325
19140,3828,-26.6295,5,0,0.9404,1039.9495,22.3037,0.0606,0.0325
19145,3829,-10.7463,5,0,0.9644,1306.4034,16.7933,0.0354,0.0324
19150,3830,55.5667,5,0,0.9105,1364.3962,21.9589,0.5228,0.0324
19155,3831,44.2918,5,0,0.9556,1206.6660,17.2796,0.0398,0.0324
19160,3832,-53.8475,5,0,0.8761,1116.4180,27.0738,0.1162,0.0324
19165,3833,-10.6417,5,0,0.9497,1119.7976,19.4295,0.0459,0.0324
19170,3834,-10.7724,5,0,0.9703,1159.2540,19.6154,0.0288,0.0324
19175,3835,-10.4569,5,0,0.9042,1067.2310,18.3275,0.0767,0.0324
19180,3836,-26.8650,5,0,0.9726,1141.9780,20.5317,0.0255,0.0323
19185,3837,-42.7603,5,0,0.9128,1373.0986,14.5361,0.0793,0.0323
19190,3838,23.1788,5,0,0.9586,1043.1660,26.8513,0.6566,0.0323
19195,3839,-26.6910,5,0,0.9313,1289.8209,16.6594,0.0620,0.0323
19200,3840,-26.4470,5,0,0.8693,1325.1531,20.8206,0.1142,0.0323
19205,3841,-10.6453,5,0,0.9530,1083.9435,22.7877,0.0460,0.0323
19210,3842,23.2557,5,0,0.9065,1015.4305,22.8429,0.4886,0.0322
19215,3843,-21.8164,5,0,0.9677,1029.6896,20.3468,0.0305,0.0322
19220,3844,-42.7460,5,0,0.9296,958.0885,18.2515,0.0688,0.0322
19225,3845,-10.3821,5,0,0.9367,1049.3223,19.4556,0.0822,0.0322
19230,3846,39.2979,5,0,0.9573,1153.3181,17.2169,1.9221,0.0322
19235,3847,-58.9131,5,0,0.9324,1124.4250,23.2370,0.0715,0.0322
19240,3848,-42.8156,5,0,0.9504,1309.0275,19.7107,0.0483,0.0321
19245,3849,-42.7948,5,0,0.9448,887.2426,19.9249,0.0490,0.0321
19250,3850,-42.7860,5,0,0.9393,1084.2889,18.1693,0.0541,0.0321
19255,3851,-42.6929,5,0,0.9285,919.2272,21.0045,0.0803,0.0321
19260,3852,23.2412,5,0,0.9602,1122.3199,21.2663,0.0385,0.0321
19265,3853,-10.7925,5,0,0.9685,1159.1440,19.8280,0.0274,0.0321
19270,3854,39.3435,5,0,0.9518,1125.1289,22.7127,1.2068,0.0320
19275,3855,55.8024,5,0,0.9163,1181.2894,22.3244,0.0837,0.0320
19280,3856,-26.6638,5,0,0.9355,1093.9539,17.9655,0.0604,0.0320
19285,3857,-58.8842,5,0,0.9440,1065.7838,16.4572,0.0561,0.0320
19290,3858,-58.8926,5,0,0.9463,1310.6576,18.2132,0.0488,0.0320
19295,3859,-26.7610,5,0,0.9457,1010.6818,21.2993,0.0458,0.0320
19300,3860,-42.8711,5,0,0.9665,1095.6884,18.5188,0.0285,0.0320
19305,3861,5.7264,5,0,0.9204,1197.8912,20.5418,0.0755,0.0319
19310,3862,-58.9521,5,0,0.9593,1475.1914,19.1729,0.0356,0.0319
19315,3863,7.1939,5,0,0.9350,1077.6619,22.8390,2.2579,0.0319
19320,3864,-26.8006,5,0,0.9516,1010.9193,22.8686,0.0342,0.0319
19325,3865,-75.0000,5,0,0.8944,1058.0869,22.6766,2.5261,0.0319
19330,3866,-26.6356,5,0,0.9299,1155.2483,20.0254,0.0649,0.0319
19335,3867,7.1921,5,0,0.8988,1288.2889,20.9160,2.5343,0.0318
19340,3868,-26.3786,5,0,0.8754,1065.5234,18.9926,0.0957,0.0318
19345,3869,23.6810,5,0,0.8917,1147.9417,17.9696,0.9596,0.0318
19350,3870,-42.4519,5,0,0.8476,1247.4413,20.4937,0.1768,0.0318
19355,3871,-75.0000,5,0,0.8382,1151.6731,16.6419,0.1606,0.0318
19360,3872,-58.8265,5,0,0.7560,1118.3501,18.7700,0.1336,0.0318
19365,3873,-21.4291,5,0,0.8652,1090.2722,19.8747,0.1153,0.0317
19370,3874,-42.2615,5,0,0.8192,1156.9556,19.8231,0.7677,0.0317
19375,3875,6.1614,5,0,0.8747,1244.8372,16.4055,0.1235,0.0317
19380,3876,-58.7251,5,0,0.8611,1186.3480,17.2019,0.1381,0.0317
19385,3877,-10.2508,5,0,0.9016,1056.9301,17.0223,0.0986,0.0317
19390,3878,-75.0000,5,0,0.9110,1049.4617,18.7334,0.0737,0.0317
19395,3879,24.7496,5,0,0.6859,1200.5636,13.8985,0.6163,0.0317
19400,3880,-42.2958,5,0,0.7782,1179.9312,17.3608,0.1954,0.0316
19405,3881,5.6462,5,0,0.9286,1146.9360,20.1090,0.0669,0.0316
19410,3882,6.5259,5,0,0.8321,1238.9380,23.7120,0.1660,0.0316
19415,3883,-37.5105,5,0,0.8919,1029.8204,20.3551,0.1162,0.0316
19420,3884,-26.2472,5,0,0.8526,1261.7875,15.2082,0.1391,0.0316
19425,3885,7.4135,5,0,0.8565,1460.5504,24.3126,0.8116,0.0316
19430,3886,-10.5221,5,0,0.9264,1161.6777,17.9381,0.0637,0.0315
19435,3887,-53.6969,5,0,0.8492,917.0410,17.7092,0.1444,0.0315
19440,3888,7.5841,5,0,0.8770,1143.9956,23.8542,1.2675,0.0315
19445,3889,-10.3296,5,0,0.9108,1152.0991,22.7017,0.0823,0.0315
19450,3890,-26.5200,5,0,0.9094,1005.3074,16.4788,0.0869,0.0315
19455,3891,-10.3780,5,0,0.9140,1131.2484,17.9336,0.0790,0.0315
19460,3892,-42.4916,5,0,0.7838,991.0669,16.9140,0.2085,0.0314
19465,3893,5.9127,5,0,0.9073,1205.6561,15.3889,0.0958,0.0314
19470,3894,6.4208,5,0,0.8265,1179.1362,20.1100,0.1537,0.0314
19475,3895,-58.9004,5,0,0.9274,1099.7698,18.0054,0.0651,0.0314
19480,3896,-26.8095,5,0,0.9628,1110.5051,22.0985,0.0330,0.0314
19485,3897,-42.8281,5,0,0.9183,1142.3896,19.1412,0.0618,0.0314
19490,3898,-42.7512,5,0,0.9430,1223.4231,19.1056,0.0561,0.0314
19495,3899,-58.9007,5,0,0.9184,1460.2485,23.8121,0.0708,0.0313
19500,3900,-9.8411,5,0,0.8628,1018.2538,20.9242,0.1560,0.0313
19505,3901,23.4167,5,0,0.9164,1127.4004,19.5904,1.5260,0.0313
19510,3902,-10.1711,5,0,0.8731,1089.4666,18.6954,0.1065,0.0313
19515,3903,-10.2837,5,0,0.9012,1346.8479,21.0287,0.0916,0.0313
19520,3904,-42.6467,5,0,0.9065,952.2148,20.1392,0.0892,0.0313
19525,3905,-10.1007,5,0,0.8874,1081.0652,12.4280,0.1205,0.0312
19530,3906,-10.1000,5,0,0.8748,1063.0823,17.8609,0.1229,0.0312
19535,3907,-21.4147,5,0,0.9008,1171.4722,21.3836,0.1068,0.0312
19540,3908,5.4806,5,0,0.9451,1160.9607,18.7384,0.0493,0.0312
19545,3909,-21.6788,5,0,0.9264,1044.0757,21.4153,0.0600,0.0312
19550,3910,-26.6228,5,0,0.9385,1162.3733,13.4020,0.0658,0.0312
19555,3911,-26.7124,5,0,0.9419,1080.1885,21.0071,0.0513,0.0312
19560,3912,-26.4348,5,0,0.9327,1499.4792,18.0041,0.0959,0.0311
19565,3913,-42.7216,5,0,0.8926,1025.3839,15.1708,0.5215,0.0311
19570,3914,7.1131,5,0,0.9565,1175.0747,18.6846,3.4131,0.0311
19575,3915,-26.4643,5,0,0.8911,1031.4878,21.1159,0.0888,0.0311
19580,3916,-42.5543,5,0,0.8894,1153.7297,17.9689,0.1054,0.0311
19585,3917,39.9984,5,0,0.8404,1163.8162,19.9062,0.8015,0.0311
19590,3918,5.7149,5,0,0.9207,1191.9987,19.6739,0.0742,0.0310
19595,3919,6.0832,5,0,0.8966,1120.0485,14.1261,0.1148,0.0310
19600,3920,23.7828,5,0,0.7522,1217.4590,13.4445,0.6056,0.0310
19605,3921,-10.4476,5,0,0.9083,1243.2673,21.6653,0.0765,0.0310
19610,3922,-42.3796,5,0,0.8319,1193.0897,11.1436,0.1634,0.0310
19615,3923,-26.7376,5,0,0.9469,1286.6974,21.0095,0.0494,0.0310
19620,3924,55.9067,5,0,0.8955,1119.2161,14.6797,0.0952,0.0310
19625,3925,-26.1830,5,0,0.8487,842.8947,15.3764,0.1553,0.0309
19630,3926,23.3765,5,0,0.9370,1339.6357,17.0207,1.7097,0.0309
19635,3927,-10.0599,5,0,0.8551,1511.7290,15.0242,0.1300,0.0309
19640,3928,-42.6136,5,0,0.8722,1252.2593,18.2448,0.1138,0.0309
19645,3929,-58.7567,5,0,0.8191,1089.9681,16.9483,0.1481,0.0309
19650,3930,-10.3524,5,0,0.9143,996.7366,20.2494,0.0855,0.0309
19655,3931,-25.9197,5,0,0.7938,1152.3042,15.9102,0.1778,0.0308
19660,3932,-26.4210,5,0,0.8916,1114.4464,22.3011,0.1045,0.0308
19665,3933,-26.7312,5,0,0.9332,1297.7817,12.1669,0.0506,0.0308
19670,3934,-10.1640,5,0,0.8815,1129.9138,22.4895,0.1197,0.0308
19675,3935,-75.0000,5,0,0.8690,1213.7073,19.4432,0.1481,0.0308
19680,3936,-42.6678,5,0,0.8765,938.7305,20.3074,0.1135,0.0308
19685,3937,-26.8317,5,0,0.9638,1144.1438,18.5250,0.0312,0.0308
19690,3938,-10.2542,5,0,0.9383,1291.4729,19.3169,0.0911,0.0307
19695,3939,-42.7938,5,0,0.9399,1379.6206,16.3590,0.0508,0.0307
19700,3940,-26.3679,5,0,0.8996,1176.2761,15.6995,0.1130,0.0307
19705,3941,39.5499,5,0,0.9148,1264.5723,20.4036,2.1106,0.0307
19710,3942,-58.9079,5,0,0.9428,1074.3866,18.1621,0.0511,0.0307
19715,3943,-26.5878,5,0,0.9158,1292.1714,22.0847,0.0764,0.0307
19720,3944,-10.3557,5,0,0.8991,1251.1487,8.5246,0.0855,0.0306
19725,3945,-26.7020,5,0,0.9034,1055.0837,18.9379,0.0679,0.0306
19730,3946,5.6735,5,0,0.9127,1236.0537,16.6241,0.0698,0.0306
19735,3947,5.4303,5,0,0.9477,1284.8823,19.4313,0.0440,0.0306
19740,3948,39.6585,5,0,0.8714,1031.8361,15.6850,1.3198,0.0306
19745,3949,-10.2620,5,0,0.8986,1167.9187,19.4343,0.0984,0.0306
19750,3950,-8.8708,5,0,0.8461,1148.4857,15.7921,1.1607,0.0306
19755,3951,5.5413,5,0,0.9344,1035.9922,17.8972,0.0557,0.0305
19760,3952,-9.9669,5,0,0.8094,1053.9214,14.1257,0.1253,0.0305
19765,3953,39.7095,5,0,0.9102,1285.9211,16.4582,0.0947,0.0305
19770,3954,-42.4451,5,0,0.8600,918.4327,19.6317,0.1476,0.0305
19775,3955,-42.3333,5,0,0.6997,1222.0509,23.0725,0.2816,0.0305
19780,3956,44.8956,5,0,0.8825,1194.6597,19.7409,1.3411,0.0305
19785,3957,-42.6533,5,0,0.9211,1321.0067,18.3398,0.0857,0.0304
19790,3958,-26.5978,5,0,0.9226,1077.2312,23.5147,0.0743,0.0304
19795,3959,-42.7472,5,0,0.9332,1190.4646,15.5587,0.0627,0.0304
19800,3960,-10.4300,5,0,0.8645,1294.8793,16.5936,0.0890,0.0304
19805,3961,-26.7790,5,0,0.9487,879.7075,19.4390,0.0398,0.0304
19810,3962,-10.1290,5,0,0.8985,1214.6780,16.5952,0.1147,0.0304
19815,3963,-42.6507,5,0,0.8598,1225.0121,17.7965,0.0627,0.0304
19820,3964,-26.4888,5,0,0.9095,1279.5446,14.8886,0.0842,0.0303
19825,3965,55.8917,5,0,0.9126,1460.1755,17.8569,2.4180,0.0303
19830,3966,-58.8579,5,0,0.9290,1361.9950,15.5380,0.0659,0.0303
19835,3967,-37.6611,5,0,0.9048,1021.2694,18.6130,0.0881,0.0303
19840,3968,-26.3145,5,0,0.8864,1294.8420,22.3528,0.1154,0.0303
19845,3969,39.7979,5,0,0.8639,1370.8336,20.6674,0.1286,0.0303
19850,3970,-5.1198,5,0,0.8808,1316.4250,10.3002,0.1187,0.0303
19855,3971,29.0020,5,0,0.8123,1215.0764,21.8788,1.0548,0.0302
19860,3972,-9.8666,5,0,0.8376,1264.2670,13.9046,0.1462,0.0302
19865,3973,-26.5397,5,0,0.9185,1244.2487,20.1892,0.0826,0.0302
19870,3974,6.1835,5,0,0.8742,1264.2534,12.8342,0.1260,0.0302
19875,3975,-10.3598,5,0,0.9141,1247.6648,21.6952,0.0848,0.0302
19880,3976,-10.3831,5,0,0.8997,987.5875,17.2906,0.0874,0.0302
19885,3977,39.5116,5,0,0.9373,1219.9803,18.8925,1.1458,0.0301
19890,3978,-10.6816,5,0,0.9535,998.3197,16.4430,0.0422,0.0301
19895,3979,-21.7079,5,0,0.8715,1268.4276,19.8801,0.0672,0.0301
19900,3980,-10.4152,5,0,0.9046,1252.7262,20.2852,0.0737,0.0301
19905,3981,-42.8292,5,0,0.8910,1300.6545,13.3984,0.0729,0.0301
19910,3982,-26.4459,5,0,0.9023,1244.7948,25.8514,0.0975,0.0301
19915,3983,-26.7355,5,0,0.9407,989.9246,13.1449,0.0505,0.0301
19920,3984,-10.1020,5,0,0.8806,1240.2443,23.9005,0.1210,0.0300
19925,3985,-26.6874,5,0,0.9449,1321.9451,17.7698,0.0514,0.0300
19930,3986,55.7285,5,0,0.9198,1083.9353,22.0538,2.6289,0.0300
19935,3987,-26.4503,5,0,0.8849,1209.2397,20.9833,0.0922,0.0300
19940,3988,-10.1915,5,0,0.9109,1068.4373,19.1218,0.1049,0.0300
19945,3989,-26.2957,5,0,0.8213,1176.3038,21.7564,0.1295,0.0300
19950,3990,-26.5967,5,0,0.9222,1406.9828,18.8805,0.0733,0.0300
19955,3991,-75.0000,5,0,0.8951,1055.9006,17.9916,1.3294,0.0299
19960,3992,6.1202,5,0,0.8757,1294.4253,18.3682,0.1190,0.0299
19965,3993,23.3907,5,0,0.9052,1000.9357,23.3758,2.5997,0.0299
19970,3994,-41.8892,5,0,0.7367,1286.7380,19.4078,0.2669,0.0299
19975,3995,-26.1405,5,0,0.7820,1298.4197,21.1930,0.1629,0.0299
19980,3996,-26.1721,5,0,0.8581,1419.9116,15.2978,0.1519,0.0299
19985,3997,-42.4541,5,0,0.8685,1148.5864,21.2085,0.1278,0.0298
19990,3998,-58.8690,5,0,0.8244,1085.3636,15.6531,0.1092,0.0298
19995,3999,-48.7779,5,0,0.8364,1018.2613,22.2135,0.1679,0.0298
20000,4000,-8.7941,5,0,0.8637,1054.5833,20.3473,1.6383,0.0298
20005,4001,-9.6793,5,0,0.7998,1075.9875,15.2521,0.1693,0.0298
20010,4002,40.1973,5,0,0.7694,1108.4083,20.7844,0.6685,0.0298
20015,4003,40.1664,5,0,0.8310,1085.9712,14.2811,1.5137,0.0298
20020,4004,-26.0993,5,0,0.8224,973.3663,21.0400,0.1711,0.0297
20025,4005,-58.7506,5,0,0.8754,1078.9161,16.8542,0.1274,0.0297
20030,4006,-25.5183,5,0,0.7420,1136.3541,23.6971,0.2717,0.0297
20035,4007,-9.5769,5,0,0.8267,1137.4185,13.3475,0.2104,0.0297
20040,4008,41.2029,5,0,0.7204,1299.0068,22.2996,0.6509,0.0297
20045,4009,56.2128,5,0,0.8566,1011.8939,19.2296,2.1271,0.0297
20050,4010,-25.5901,5,0,0.7454,1000.6334,16.4336,0.2680,0.0297
20055,4011,-25.9205,5,0,0.8113,1470.6249,16.0644,0.2047,0.0296
20060,4012,-37.5024,5,0,0.8417,1103.4722,22.5478,0.1472,0.0296
20065,4013,58.2391,5,0,0.6657,1137.3712,13.2014,0.8707,0.0296
20070,4014,-58.5506,5,0,0.7093,1089.4924,17.4797,0.2742,0.0296
20075,4015,-41.9101,5,0,0.7057,1080.3075,20.0017,0.3565,0.0296
20080,4016,-42.4522,5,0,0.8098,1270.3066,15.0118,0.1871,0.0296
20085,4017,-25.6936,5,0,0.7889,1336.2885,20.8260,0.2449,0.0296
20090,4018,-41.8745,5,0,0.7233,1141.4817,14.4054,0.7216,0.0295
20095,4019,-26.1208,5,0,0.8219,1169.9240,22.4845,0.1673,0.0295
20100,4020,-58.6710,5,0,0.8497,948.6106,12.9696,0.1646,0.0295
20105,4021,-10.3370,5,0,0.8938,1213.9690,20.8268,0.0900,0.0295
20110,4022,-26.5749,5,0,0.9095,1193.8461,16.1318,0.0728,0.0295
20115,4023,-9.8276,5,0,0.8337,1063.3081,20.9630,0.1626,0.0295
20120,4024,-42.6413,5,0,0.8958,1435.5480,17.8454,0.1044,0.0295
20125,4025,-26.4048,5,0,0.8939,1053.1085,16.2848,0.1008,0.0294
20130,4026,-25.9253,5,0,0.8178,1017.7477,15.2340,0.1985,0.0294
20135,4027,-26.0610,5,0,0.8367,1127.0447,20.7417,0.1665,0.0294
20140,4028,-37.6711,5,0,0.9170,1155.8304,11.7984,0.0762,0.0294
20145,4029,-9.9683,5,0,0.8073,1092.7568,16.2747,0.1576,0.0294
20150,4030,-26.1577,5,0,0.8300,1132.3237,15.9773,0.1697,0.0294
20155,4031,-10.5562,5,0,0.9309,1111.9437,18.4579,0.0600,0.0293
20160,4032,-42.5756,5,0,0.8887,1044.9044,15.6621,0.1147,0.0293
20165,4033,40.1058,5,0,0.8139,1060.6606,17.2169,0.7704,0.0293
20170,4034,-42.6156,5,0,0.8285,1083.9395,14.4431,0.1105,0.0293
20175,4035,-5.2390,5,0,0.8946,1261.8268,18.4812,0.1023,0.0293
20180,4036,-26.3035,5,0,0.8802,1141.3320,18.9445,0.1118,0.0293
20185,4037,-58.8207,5,0,0.9022,1252.2134,12.2508,0.1130,0.0293
20190,4038,-26.7899,5,0,0.9559,1171.7490,18.0783,0.0389,0.0292
20195,4039,56.1638,5,0,0.8250,1302.6073,16.7166,0.4353,0.0292
20200,4040,-10.6393,5,0,0.9408,1148.2261,23.7404,0.0439,0.0292
20205,4041,-42.8354,5,0,0.9531,1291.4805,17.4235,0.0420,0.0292
20210,4042,-10.5327,5,0,0.9332,1290.7280,19.2875,0.0561,0.0292
20215,4043,-9.6430,5,0,0.8286,1138.8005,19.8514,0.1792,0.0292
20220,4044,-10.5114,5,0,0.8956,1154.5040,16.4259,0.0728,0.0292
20225,4045,-26.6423,5,0,0.9140,1217.9469,17.5036,0.0609,0.0291
20230,4046,39.5755,5,0,0.9094,949.9545,21.7810,0.0726,0.0291
20235,4047,-58.7067,5,0,0.8587,1144.8916,14.8985,0.1166,0.0291
20240,4048,-26.6967,5,0,0.9429,893.9726,18.2243,0.0543,0.0291
20245,4049,-42.8185,5,0,0.9489,1020.4725,18.9968,0.0464,0.0291
20250,4050,23.4424,5,0,0.8777,1084.5208,22.5981,0.4597,0.0291
20255,4051,55.7562,5,0,0.9087,1137.8926,20.0668,0.9553,0.0291
20260,4052,-42.7751,5,0,0.9412,1318.5673,15.6696,0.0572,0.0290
20265,4053,-42.8355,5,0,0.9478,1360.0125,20.6273,0.0470,0.0290
20270,4054,-21.2845,5,0,0.8215,1055.8240,16.5216,0.1378,0.0290
20275,4055,-42.7490,5,0,0.9199,1238.6852,16.6615,0.0803,0.0290
20280,4056,-26.6366,5,0,0.9354,1189.9630,15.6630,0.0609,0.0290
20285,4057,-10.5735,5,0,0.9367,1320.2046,17.0470,0.0560,0.0290
20290,4058,-10.6467,5,0,0.9504,1421.7817,17.7470,0.0435,0.0290
20295,4059,-58.8798,5,0,0.8912,1362.2063,15.7667,0.0702,0.0289
20300,4060,-58.9100,5,0,0.9506,1094.4026,18.6105,0.0498,0.0289
20305,4061,-58.8785,5,0,0.9270,1156.5358,14.9573,0.0652,0.0289
20310,4062,-26.5106,5,0,0.9242,1233.9236,19.0500,0.0776,0.0289
20315,4063,-42.8780,5,0,0.9623,1082.8243,18.3288,0.0338,0.0289
20320,4064,-10.5809,5,0,0.9424,1268.8718,19.6212,0.0518,0.0289
20325,4065,23.4114,5,0,0.9108,1056.1631,14.9645,0.9929,0.0289
20330,4066,-42.8704,5,0,0.9645,1278.8083,22.1192,0.0314,0.0288
20335,4067,-10.7165,5,0,0.9538,1021.7516,17.3377,0.0371,0.0288
20340,4068,-26.5740,5,0,0.9273,1258.6031,19.6533,0.0792,0.0288
20345,4069,-10.2447,5,0,0.9016,980.3401,10.6220,0.0956,0.0288
20350,4070,-10.5154,5,0,0.9336,1197.8794,22.5624,0.0636,0.0288
20355,4071,39.8429,5,0,0.8950,1229.2126,14.1721,2.2609,0.0288
20360,4072,-10.1084,5,0,0.8380,1109.1248,17.3552,0.1303,0.0288
20365,4073,-8.7509,5,0,0.8821,982.8049,13.5355,1.7073,0.0287
20370,4074,-53.9130,5,0,0.9491,1079.9658,24.0218,0.0461,0.0287
20375,4075,-10.3707,5,0,0.9044,981.9973,17.4274,0.0700,0.0287
20380,4076,-10.5120,5,0,0.9344,1169.3003,22.5963,0.0631,0.0287
20385,4077,-42.5025,5,0,0.8837,1022.6777,25.1458,0.1235,0.0287
20390,4078,6.4626,5,0,0.7933,1412.8551,17.0853,0.1613,0.0287
20395,4079,-10.3811,5,0,0.9163,1194.2540,16.7618,0.0739,0.0287
20400,4080,55.9843,5,0,0.8286,1057.1377,22.7971,1.2651,0.0286
20405,4081,-26.6843,5,0,0.9411,1350.5649,16.1417,0.0504,0.0286
20410,4082,-26.3382,5,0,0.8510,1501.2534,15.2714,0.1198,0.0286
20415,4083,6.4545,5,0,0.8221,932.0516,22.2654,0.1588,0.0286
20420,4084,-25.9979,5,0,0.8114,1211.1758,15.3084,0.1906,0.0286
20425,4085,-75.0000,5,0,0.9162,1059.8123,21.9342,0.0842,0.0286
20430,4086,-10.3975,5,0,0.8901,1013.8873,14.9080,0.0756,0.0286
20435,4087,-58.7515,5,0,0.9016,1114.8822,17.6972,0.1193,0.0285
20440,4088,-42.5427,5,0,0.9024,1015.8781,23.0295,0.1078,0.0285
20445,4089,5.3769,5,0,0.9532,1181.3062,16.7423,0.0384,0.0285
20450,4090,-26.0869,5,0,0.8218,1333.3230,22.5325,0.1313,0.0285
20455,4091,39.5265,5,0,0.9356,1315.6147,20.6108,2.7613,0.0285
20460,4092,-42.7795,5,0,0.9217,1037.5223,22.4337,0.0471,0.0285
20465,4093,-75.0000,5,0,0.8928,1427.3735,20.4213,0.0999,0.0285
20470,4094,-26.5349,5,0,0.9105,1121.0792,17.1426,0.0843,0.0284
20475,4095,55.7435,5,0,0.9273,1438.1012,15.4044,0.0776,0.0284
20480,4096,5.7540,5,0,0.9124,1251.2043,17.5629,0.0785,0.0284
20485,4097,39.7364,5,0,0.9170,1061.3081,15.6549,1.5068,0.0284
20490,4098,-58.9392,5,0,0.9036,1223.0735,15.5863,0.0708,0.0284
20495,4099,-9.8520,5,0,0.8322,1152.0608,26.3535,0.1514,0.0284
20500,4100,55.8804,5,0,0.8595,1312.8403,16.4595,0.8293,0.0284
20505,4101,5.4855,5,0,0.9437,1345.0581,21.5207,0.0498,0.0283
20510,4102,-10.3510,5,0,0.9078,1096.6450,17.3939,0.0874,0.0283
20515,4103,-42.7362,5,0,0.9075,1132.9604,22.9969,0.0836,0.0283
20520,4104,6.3753,5,0,0.8509,1193.3912,13.8518,0.1487,0.0283
20525,4105,39.7472,5,0,0.8886,1493.3623,27.2525,0.5167,0.0283
20530,4106,6.0052,5,0,0.9030,1289.2988,15.1264,0.1060,0.0283
20535,4107,-42.6956,5,0,0.8605,1505.6910,21.3571,0.1047,0.0283
20540,4108,-10.5570,5,0,0.9306,1247.6050,18.7948,0.0587,0.0282
20545,4109,-42.7300,5,0,0.9266,1119.8535,24.8280,0.0653,0.0282
20550,4110,-75.0000,5,0,0.9118,1079.6688,18.2571,0.0470,0.0282
20555,4111,5.4007,5,0,0.9548,1113.0668,15.1175,0.0409,0.0282
20560,4112,-26.5323,5,0,0.9085,1274.9928,22.4951,0.0866,0.0282
20565,4113,-5.4375,5,0,0.8658,1311.2316,16.6572,0.0673,0.0282
20570,4114,-10.4442,5,0,0.9298,1356.8774,21.8127,0.0743,0.0282
20575,4115,5.4182,5,0,0.9559,1318.9287,17.7463,0.0427,0.0282
20580,4116,-58.8545,5,0,0.9272,1065.5298,20.6069,0.0904,0.0281
20585,4117,-10.4899,5,0,0.9242,1121.0544,18.3325,0.0695,0.0281
20590,4118,5.3310,5,0,0.9636,1021.0575,20.9443,0.0337,0.0281
20595,4119,5.3147,5,0,0.9631,1332.8895,22.2782,0.0320,0.0281
20600,4120,-58.7874,5,0,0.8939,1345.8320,22.3364,0.1028,0.0281
20605,4121,-10.4786,5,0,0.9453,1015.2289,18.4896,0.0700,0.0281
20610,4122,-26.6411,5,0,0.9359,1090.5908,19.3789,0.0608,0.0281
20615,4123,55.3565,5,0,0.9356,1208.8748,22.7597,2.5857,0.0280
20620,4124,-10.6097,5,0,0.9501,948.4858,19.0787,0.0488,0.0280
20625,4125,-42.7928,5,0,0.9331,1265.9493,18.0443,0.0608,0.0280
20630,4126,-26.7609,5,0,0.9252,1111.0260,20.6364,0.0453,0.0280
20635,4127,7.2515,5,0,0.9085,970.2615,16.0033,2.5776,0.0280
20640,4128,55.8374,5,0,0.9020,1293.5903,20.8453,1.9364,0.0280
20645,4129,-58.6940,5,0,0.7840,1057.9082,18.0618,0.1883,0.0280
20650,4130,-37.4653,5,0,0.8421,1266.2953,19.0580,0.1530,0.0279
20655,4131,6.0442,5,0,0.8841,1288.7427,23.0445,0.1105,0.0279
20660,4132,-42.3636,5,0,0.8322,1266.5039,19.0925,0.1764,0.0279
20665,4133,40.1600,5,0,0.7942,1018.2723,16.4143,1.5133,0.0279
20670,4134,55.9334,5,0,0.8861,1008.6730,19.2955,0.5084,0.0279
20675,4135,56.5749,5,0,0.7866,1038.9744,14.7670,1.9476,0.0279
20680,4136,6.4806,5,0,0.8382,1192.3684,22.7193,0.1606,0.0279
20685,4137,-25.9937,5,0,0.7760,1035.9885,19.1272,0.1972,0.0278
20690,4138,-26.0263,5,0,0.8335,1402.6689,21.4115,0.1819,0.0278
20695,4139,-42.5494,5,0,0.8621,1214.1516,20.9623,0.1389,0.0278
20700,4140,8.5393,5,0,0.5828,878.9949,20.7463,0.4838,0.0278
20705,4141,5.9997,5,0,0.8549,1038.8710,21.4793,0.1058,0.0278
20710,4142,-4.9232,5,0,0.8006,956.0234,20.4649,0.1703,0.0278
20715,4143,-42.3401,5,0,0.8078,1326.0662,14.0486,0.1899,0.0278
20720,4144,-9.9226,5,0,0.8553,1067.4473,19.6407,0.1471,0.0278
20725,4145,-58.3708,5,0,0.6968,1191.5808,20.6663,0.3413,0.0277
20730,4146,-26.0176,5,0,0.8018,1019.7199,22.8107,0.1543,0.0277
20735,4147,-10.3704,5,0,0.9072,1183.3110,18.4362,0.0854,0.0277
20740,4148,7.0688,5,0,0.7969,1018.5842,21.5777,0.2319,0.0277
20745,4149,-21.0597,5,0,0.8151,1051.4401,24.7525,0.1744,0.0277
20750,4150,-21.3822,5,0,0.8779,988.5037,19.8576,0.1084,0.0277
20755,4151,-26.6435,5,0,0.9108,1089.0403,23.1024,0.0593,0.0277
20760,4152,-75.0000,5,0,0.8745,987.2451,17.3705,0.1187,0.0276
20765,4153,-10.4687,5,0,0.9278,1159.2590,21.3762,0.0655,0.0276
20770,4154,5.5424,5,0,0.9459,1016.3214,15.5887,0.0558,0.0276
20775,4155,-58.8616,5,0,0.9308,1391.6526,24.7881,0.0668,0.0276
20780,4156,-10.1806,5,0,0.8831,1220.6157,17.1290,0.1103,0.0276
20785,4157,-26.5610,5,0,0.9117,1207.1904,22.7964,0.0797,0.0276
20790,4158,5.6396,5,0,0.9410,1016.5930,15.0660,0.0662,0.0276
20795,4159,-10.6985,5,0,0.9594,1359.1700,21.5770,0.0373,0.0275
20800,4160,5.5806,5,0,0.9365,1163.9014,13.6410,0.0598,0.0275
20805,4161,55.4651,5,0,0.9525,1040.1614,21.3071,3.0760,0.0275
20810,4162,-10.0565,5,0,0.8418,1569.7688,19.8380,0.1351,0.0275
20815,4163,5.5391,5,0,0.9420,1001.6355,24.4044,0.0555,0.0275
20820,4164,-58.7978,5,0,0.7921,1323.5321,19.8928,0.1952,0.0275
20825,4165,-10.2618,5,0,0.8683,1161.1118,22.2108,0.0919,0.0275
20830,4166,-10.0694,5,0,0.8795,1305.2977,16.8458,0.1268,0.0274
20835,4167,40.2205,5,0,0.7940,1076.0100,20.6838,0.9360,0.0274
20840,4168,-26.4457,5,0,0.8784,1100.9897,20.4903,0.0967,0.0274
20845,4169,40.5002,5,0,0.8096,1239.1411,18.1560,0.7382,0.0274
20850,4170,-10.2479,5,0,0.8930,1526.4873,20.1372,0.1012,0.0274
20855,4171,-26.2688,5,0,0.8821,1256.8065,19.7191,0.1255,0.0274
20860,4172,39.9238,5,0,0.8622,972.7651,23.3951,0.8372,0.0274
20865,4173,55.7221,5,0,0.9124,1187.6451,17.5345,2.0266,0.0274
20870,4174,40.0354,5,0,0.8292,1181.1244,22.8051,0.1532,0.0273
20875,4175,-25.7593,5,0,0.7879,1178.2329,19.0749,0.2121,0.0273
20880,4176,-10.0576,5,0,0.8572,1225.9014,16.2763,0.1239,0.0273
20885,4177,-26.1898,5,0,0.8186,1359.1631,20.6737,0.1692,0.0273
20890,4178,-10.4869,5,0,0.9247,1151.1864,12.2028,0.0675,0.0273
20895,4179,-58.8338,5,0,0.8687,1312.3225,19.6815,0.1108,0.0273
20900,4180,56.2143,5,0,0.8489,1157.9430,17.9596,0.4761,0.0273
20905,4181,6.3257,5,0,0.8591,1249.6494,15.8118,0.1423,0.0272
20910,4182,-42.5808,5,0,0.8940,1371.9185,17.5477,0.1099,0.0272
20915,4183,40.0534,5,0,0.8606,1181.1238,14.2763,1.5522,0.0272
20920,4184,-42.6019,5,0,0.9051,1051.2521,21.1129,0.0704,0.0272
20925,4185,39.5623,5,0,0.9107,925.5289,15.0156,2.6306,0.0272
20930,4186,-42.4966,5,0,0.8709,1319.6223,19.5987,0.1217,0.0272
20935,4187,6.6661,5,0,0.8258,1046.8165,18.7556,0.1835,0.0272
20940,4188,-9.7050,5,0,0.8194,1283.6619,22.0016,0.1775,0.0272
20945,4189,-9.7894,5,0,0.8486,1048.2864,21.8409,0.1617,0.0271
20950,4190,6.1736,5,0,0.8548,1026.1112,16.0533,0.1252,0.0271
20955,4191,-42.5449,5,0,0.8613,1038.3713,21.1022,0.1220,0.0271
20960,4192,-26.5486,5,0,0.9026,1216.2065,19.0342,0.0900,0.0271
20965,4193,-42.4990,5,0,0.8567,1152.4570,14.1838,0.1269,0.0271
20970,4194,-42.6797,5,0,0.9081,965.2295,19.6790,0.0901,0.0271
20975,4195,-42.5328,5,0,0.7201,1163.6078,15.0408,0.2722,0.0271
20980,4196,-26.1338,5,0,0.8215,1202.6855,15.8460,0.1424,0.0270
20985,4197,-26.5021,5,0,0.9087,1204.9360,22.5574,0.0904,0.0270
20990,4198,57.1495,5,0,0.7783,1396.2103,17.6462,0.9494,0.0270
20995,4199,40.4508,5,0,0.7712,1119.2394,17.5828,0.9243,0.0270
21000,4200,6.3120,5,0,0.8539,1107.7837,17.8928,0.1411,0.0270
21005,4201,-9.9054,5,0,0.8414,1348.9972,19.4688,0.1533,0.0270
21010,4202,-58.7355,5,0,0.8521,1171.4220,23.0247,0.1381,0.0270
21015,4203,-26.5815,5,0,0.9196,1197.4045,14.8669,0.0712,0.0270
21020,4204,55.7441,5,0,0.9084,1121.0505,17.5414,2.6142,0.0269
21025,4205,39.9816,5,0,0.8157,1106.6053,18.7450,0.1191,0.0269
21030,4206,-42.4093,5,0,0.8383,1060.3649,16.2992,0.1330,0.0269
21035,4207,-42.5986,5,0,0.8919,1049.3086,19.3975,0.0970,0.0269
21040,4208,-58.8093,5,0,0.8034,1321.4695,17.8504,0.1476,0.0269
21045,4209,-42.5925,5,0,0.8255,1135.3660,15.4832,0.1451,0.0269
21050,4210,6.3477,5,0,0.8441,1239.0276,22.5200,0.1452,0.0269
21055,4211,-10.0201,5,0,0.8725,1245.0142,20.8209,0.1319,0.0268
21060,4212,5.7261,5,0,0.9231,1085.5566,16.3164,0.0755,0.0268
21065,4213,-58.6246,5,0,0.8279,935.4143,26.5076,0.2040,0.0268
21070,4214,56.4038,5,0,0.7799,1266.9104,15.3106,0.4072,0.0268
21075,4215,-42.6600,5,0,0.8968,1277.2716,21.0433,0.1023,0.0268
21080,4216,-58.7982,5,0,0.8991,1178.2803,17.1854,0.0997,0.0268
21085,4217,-10.1787,5,0,0.8886,1263.4561,16.9978,0.1124,0.0268
21090,4218,-42.7412,5,0,0.8840,1073.2822,16.6136,0.0709,0.0268
21095,4219,39.9300,5,0,0.8869,1235.2148,16.6628,2.1884,0.0267
21100,4220,24.3688,5,0,0.7774,964.1975,21.3359,0.9291,0.0267
21105,4221,-42.4737,5,0,0.8431,1192.2755,24.0050,0.1600,0.0267
21110,4222,6.8368,5,0,0.7704,1048.2679,15.8675,0.2063,0.0267
21115,4223,-25.7998,5,0,0.7406,995.9756,18.4153,0.2322,0.0267
21120,4224,40.1872,5,0,0.7902,1025.8253,19.2216,1.4967,0.0267
21125,4225,-42.7326,5,0,0.9246,1310.5852,25.7296,0.0710,0.0267
21130,4226,5.8101,5,0,0.8859,1078.1565,16.7694,0.0851,0.0266
21135,4227,-25.6503,5,0,0.7322,1395.2704,19.2330,0.2051,0.0266
21140,4228,-10.3189,5,0,0.9087,1165.7083,20.3389,0.0900,0.0266
21145,4229,-26.4299,5,0,0.8940,1535.3256,21.9803,0.1040,0.0266
21150,4230,-26.2579,5,0,0.8605,1046.6089,19.5486,0.1405,0.0266
21155,4231,-58.8438,5,0,0.9137,1553.3335,20.2105,0.0810,0.0266
21160,4232,39.7642,5,0,0.8413,1076.7480,16.4393,0.7675,0.0266
21165,4233,57.8855,5,0,0.6961,1584.4961,17.9283,1.2474,0.0266
21170,4234,-42.3065,5,0,0.8056,1180.3322,20.2526,0.1677,0.0265
21175,4235,-9.8979,5,0,0.8562,1318.6926,19.6372,0.1479,0.0265
21180,4236,-10.0702,5,0,0.8847,1089.1052,22.2428,0.1237,0.0265
21185,4237,23.7851,5,0,0.8668,1204.9576,16.6998,2.0074,0.0265
21190,4238,-58.4996,5,0,0.7498,918.8367,19.8212,0.2027,0.0265
21195,4239,23.5174,5,0,0.8704,1164.2974,19.5420,0.8360,0.0265
21200,4240,-9.9824,5,0,0.8459,1185.0225,18.7559,0.1431,0.0265
21205,4241,41.2372,5,0,0.6699,1468.0801,20.9974,1.2579,0.0264
21210,4242,-58.6933,5,0,0.8395,961.3433,24.5806,0.1436,0.0264
21215,4243,8.2824,5,0,0.5783,1114.5819,15.6556,0.5356,0.0264
21220,4244,7.6355,5,0,0.7933,1357.7345,18.9162,0.9004,0.0264
21225,4245,-53.7202,5,0,0.8350,1153.7231,19.9655,0.1614,0.0264
21230,4246,-25.3921,5,0,0.5804,1208.5701,18.6030,0.3827,0.0264
21235,4247,-25.5968,5,0,0.7241,1042.4861,14.3755,0.2834,0.0264
21240,4248,-25.4410,5,0,0.7226,1121.1055,22.3097,0.2755,0.0264
21245,4249,-25.4124,5,0,0.7652,1159.1688,16.3178,0.2691,0.0263
21250,4250,-9.2598,5,0,0.7088,1349.3284,19.5925,0.2314,0.0263
21255,4251,-20.0446,5,0,0.6945,1011.8219,20.2420,0.3706,0.0263
21260,4252,-42.5036,5,0,0.8778,1227.0635,15.5133,0.1205,0.0263
21265,4253,-37.4862,5,0,0.8731,1224.9092,20.6082,0.1373,0.0263
21270,4254,-26.3334,5,0,0.8939,997.7629,19.5872,0.1102,0.0263
21275,4255,-75.0000,5,0,0.8812,1024.1484,19.8479,0.1165,0.0263
21280,4256,7.4991,5,0,0.8739,921.5230,16.5389,0.1176,0.0263
21285,4257,39.7004,5,0,0.9024,1093.0288,21.0015,2.4203,0.0262
21290,4258,-26.0130,5,0,0.8023,1089.5593,16.0833,0.1798,0.0262
21295,4259,-26.1221,5,0,0.8499,953.5742,22.7801,0.1688,0.0262
21300,4260,-26.3744,5,0,0.7284,1096.1528,17.2835,0.1814,0.0262
21305,4261,23.7934,5,0,0.7717,962.4203,16.1568,0.4054,0.0262
21310,4262,-5.3252,5,0,0.9031,1357.0876,15.7278,0.0884,0.0262
21315,4263,-42.7362,5,0,0.9180,1105.8933,20.0690,0.0738,0.0262
21320,4264,-42.4757,5,0,0.8260,1178.6146,17.4588,0.1570,0.0261
21325,4265,-25.1895,5,0,0.6766,1367.1001,16.0377,0.4220,0.0261
21330,4266,-41.8625,5,0,0.7555,1108.5796,23.0555,0.2682,0.0261
21335,4267,-42.3288,5,0,0.8355,1014.0054,17.4811,0.1685,0.0261
21340,4268,-26.6568,5,0,0.9147,1200.4167,20.2923,0.0615,0.0261
21345,4269,-26.3839,5,0,0.8946,952.0037,21.2734,0.1077,0.0261
21350,4270,6.5258,5,0,0.8141,1223.9818,16.3226,0.1711,0.0261
21355,4271,-42.8066,5,0,0.9351,1142.6643,23.5484,0.0599,0.0261
21360,4272,40.3664,5,0,0.7639,1095.9198,16.2606,0.6658,0.0260
21365,4273,-26.7474,5,0,0.9228,1280.3115,18.7870,0.0536,0.0260
21370,4274,-42.4333,5,0,0.8635,1468.3821,17.1773,0.1428,0.0260
21375,4275,-42.7183,5,0,0.9354,979.0411,18.0341,0.0670,0.0260
21380,4276,-42.7322,5,0,0.8797,1155.2170,16.2160,0.0936,0.0260
21385,4277,23.7378,5,0,0.8864,1141.2566,19.2617,2.1007,0.0260
21390,4278,-42.4788,5,0,0.8628,1173.1115,19.2725,0.1280,0.0260
21395,4279,-42.6132,5,0,0.8731,1072.9746,22.9080,0.1115,0.0260
21400,4280,-10.2322,5,0,0.8884,1328.8472,13.7527,0.1088,0.0259
21405,4281,-26.2353,5,0,0.8775,910.8759,20.3164,0.1225,0.0259
21410,4282,-26.4983,5,0,0.9064,1352.0334,15.9997,0.0759,0.0259
21415,4283,-9.7984,5,0,0.8552,979.8492,23.9727,0.1602,0.0259
21420,4284,-10.4435,5,0,0.9273,1064.2347,18.4793,0.0702,0.0259
21425,4285,5.6820,5,0,0.9240,956.8126,15.3015,0.0707,0.0259
21430,4286,-10.2562,5,0,0.8266,907.8862,23.6552,0.1011,0.0259
21435,4287,-26.6026,5,0,0.9302,1443.7751,16.6801,0.0624,0.0259
21440,4288,-26.6220,5,0,0.9009,1057.3374,22.3098,0.0597,0.0258
21445,4289,-21.6436,5,0,0.8926,1295.2000,21.3549,0.4967,0.0258
21450,4290,55.9976,5,0,0.9100,1256.6731,15.7719,0.1052,0.0258
21455,4291,-26.3769,5,0,0.9137,1256.4036,18.2702,0.1030,0.0258
21460,4292,-25.8597,5,0,0.8187,1251.9226,23.8073,0.2134,0.0258
21465,4293,-10.4215,5,0,0.9302,1100.3239,18.0471,0.0751,0.0258
21470,4294,-26.4387,5,0,0.8922,1141.6047,22.5280,0.1051,0.0258
21475,4295,-26.6261,5,0,0.9383,1038.5300,15.8487,0.0701,0.0257
21480,4296,39.4615,5,0,0.9370,1067.5687,24.8836,2.2256,0.0257
21485,4297,-21.2584,5,0,0.8719,1216.4824,19.6349,0.1418,0.0257
21490,4298,-10.3177,5,0,0.8864,1351.9874,21.7483,0.0961,0.0257
21495,4299,-26.7019,5,0,0.9431,1277.4602,18.3652,0.0521,0.0257
21500,4300,-26.2594,5,0,0.8735,928.1707,25.0545,0.1345,0.0257
21505,4301,5.3632,5,0,0.9561,1279.2991,17.2066,0.0371,0.0257
21510,4302,7.1935,5,0,0.9424,1160.3922,21.4366,0.0558,0.0257
21515,4303,-26.7363,5,0,0.9190,1127.5463,20.6729,0.0620,0.0256
21520,4304,-26.4639,5,0,0.9049,1155.2920,21.0823,0.0924,0.0256
21525,4305,-10.0794,5,0,0.8334,1079.2166,22.7089,0.1257,0.0256
21530,4306,-26.6528,5,0,0.8849,1152.9023,18.6002,0.0718,0.0256
21535,4307,-10.7013,5,0,0.9598,1068.4618,14.5539,0.0387,0.0256
21540,4308,-26.7871,5,0,0.9582,1196.6990,19.5489,0.0377,0.0256
21545,4309,23.2843,5,0,0.9255,1030.0605,21.2010,0.5568,0.0256
21550,4310,-26.7582,5,0,0.9579,1111.5525,17.8700,0.0379,0.0256
21555,4311,5.7217,5,0,0.9204,1093.7703,18.0579,0.0750,0.0255
21560,4312,-10.3023,5,0,0.8813,1246.2964,20.9949,0.0884,0.0255
21565,4313,-26.6341,5,0,0.9330,1003.0305,14.9439,0.0653,0.0255
21570,4314,-42.5637,5,0,0.8959,1233.1166,26.5550,0.1035,0.0255
21575,4315,-10.7148,5,0,0.9361,1238.8090,18.6907,0.0454,0.0255
21580,4316,-26.6124,5,0,0.9007,1144.8677,20.5968,0.0784,0.0255
21585,4317,-10.7697,5,0,0.9657,1033.6991,18.5281,0.0308,0.0255
21590,4318,55.9959,5,0,0.8821,1024.5972,16.3108,0.8844,0.0255
21595,4319,-26.5577,5,0,0.9201,986.6068,18.6743,0.0802,0.0254
21600,4320,-26.7600,5,0,0.9556,1290.2537,15.4519,0.0417,0.0254
21605,4321,55.4191,5,0,0.9368,1445.4417,20.3496,3.2427,0.0254
21610,4322,23.5152,5,0,0.8869,998.0391,17.1036,1.3539,0.0254
21615,4323,-42.6497,5,0,0.8666,990.6556,20.1029,0.1052,0.0254
21620,4324,-26.2786,5,0,0.7804,1183.1001,14.4793,0.1904,0.0254
21625,4325,-58.9329,5,0,0.8980,1365.5670,19.6366,0.0900,0.0254
21630,4326,-10.2826,5,0,0.9110,1450.9495,15.7438,0.0900,0.0254
21635,4327,-26.6428,5,0,0.9354,1055.6873,20.5278,0.0612,0.0253
21640,4328,-10.2892,5,0,0.9079,1110.6282,17.7956,0.0881,0.0253
21645,4329,6.6518,5,0,0.8265,1207.2550,15.5996,0.1883,0.0253
21650,4330,-58.8379,5,0,0.9265,1115.4543,19.3792,0.0733,0.0253
21655,4331,-58.6574,5,0,0.8267,1029.5847,23.4739,0.1783,0.0253
21660,4332,-42.7710,5,0,0.9400,1397.1886,12.2533,0.0639,0.0253
21665,4333,-10.4935,5,0,0.9328,1048.6158,16.9107,0.0628,0.0253
21670,4334,56.1455,5,0,0.8417,1052.7574,16.9812,0.7630,0.0253
21675,4335,23.3666,5,0,0.9295,1356.2766,22.1553,2.8783,0.0252
21680,4336,-10.6549,5,0,0.9494,1129.7437,17.9615,0.0457,0.0252
21685,4337,-25.9471,5,0,0.8095,1164.6160,16.9418,0.1439,0.0252
21690,4338,-10.2236,5,0,0.8952,1288.6826,15.8532,0.1190,0.0252
21695,4339,-10.0812,5,0,0.8722,1159.8344,18.3368,0.1284,0.0252
21700,4340,-42.5088,5,0,0.8209,1037.0505,18.4736,0.1655,0.0252
21705,4341,-26.3657,5,0,0.8776,1069.9417,20.6216,0.1064,0.0252
21710,4342,-26.7021,5,0,0.9392,1197.2634,18.0270,0.0537,0.0252
21715,4343,-26.3714,5,0,0.8919,1133.2909,21.9239,0.1240,0.0251
21720,4344,-10.2051,5,0,0.7856,1140.3203,21.0669,0.0952,0.0251
21725,4345,23.3248,5,0,0.9399,1135.3169,22.4012,3.0381,0.0251
21730,4346,40.3642,5,0,0.7928,1477.8951,18.4546,2.0365,0.0251
21735,4347,6.3653,5,0,0.8536,955.9185,19.3658,0.1469,0.0251
21740,4348,-26.3842,5,0,0.8810,1050.6545,18.0853,0.1156,0.0251
21745,4349,-53.7045,5,0,0.8255,1348.5103,16.6461,0.1937,0.0251
21750,4350,-58.8192,5,0,0.7685,924.0002,21.2154,0.2549,0.0251
21755,4351,23.6111,5,0,0.8933,1071.6730,17.5391,2.4433,0.0250
21760,4352,-9.8486,5,0,0.8294,1359.7356,17.4282,0.1621,0.0250
21765,4353,6.3098,5,0,0.8686,1448.8912,18.8166,0.1406,0.0250
21770,4354,-9.5338,5,0,0.8372,1126.7798,17.2882,0.1975,0.0250
21775,4355,40.5444,5,0,0.7671,1431.0217,15.5137,0.6492,0.0250
21780,4356,-42.5457,5,0,0.8837,1133.4238,23.9991,0.1118,0.0250
21785,4357,-26.1807,5,0,0.8547,1223.6802,15.9899,0.1484,0.0250
21790,4358,-10.1790,5,0,0.8960,1229.0601,20.0900,0.1108,0.0250
21795,4359,7.3670,5,0,0.7696,1253.9844,16.9452,0.2706,0.0249
21800,4360,-58.7235,5,0,0.8258,1266.8268,18.5151,0.1754,0.0249
21805,4361,-9.8021,5,0,0.8138,1474.6147,15.1590,0.1804,0.0249
21810,4362,-10.2980,5,0,0.9101,1355.3682,17.8329,0.0930,0.0249
21815,4363,23.9536,5,0,0.8472,1110.4639,20.1594,1.8696,0.0249
21820,4364,-42.6070,5,0,0.8996,1301.5640,18.0456,0.1013,0.0249
21825,4365,-26.1876,5,0,0.8554,1146.2690,16.1649,0.1475,0.0249
21830,4366,-25.8085,5,0,0.7549,1079.8503,17.5253,0.1844,0.0249
21835,4367,-42.4240,5,0,0.8524,1218.2991,20.3603,0.1524,0.0248
21840,4368,-26.5659,5,0,0.9037,1239.2451,18.9916,0.0833,0.0248
21845,4369,-26.2438,5,0,0.8735,1286.0396,18.8600,0.1326,0.0248
21850,4370,-10.0609,5,0,0.8413,1454.1162,14.6388,0.1207,0.0248
21855,4371,-58.7354,5,0,0.8592,1020.9719,19.9290,0.1493,0.0248
21860,4372,-9.9030,5,0,0.8332,1176.5825,13.4015,0.1507,0.0248
21865,4373,39.6697,5,0,0.9080,1157.2065,20.6317,0.0888,0.0248
21870,4374,-26.3685,5,0,0.8775,1410.7438,11.2247,0.1180,0.0248
21875,4375,6.0646,5,0,0.8676,1005.0889,17.5263,0.1134,0.0247
21880,4376,23.6354,5,0,0.7967,949.5766,17.0180,0.7117,0.0247
21885,4377,-26.5322,5,0,0.9097,1135.6675,13.7588,0.0854,0.0247
21890,4378,-10.3095,5,0,0.9240,1113.4358,19.9802,0.0922,0.0247
21895,4379,5.5341,5,0,0.9350,1068.1758,17.0520,0.0549,0.0247
21900,4380,-42.4832,5,0,0.8797,1070.5791,16.9251,0.1306,0.0247
21905,4381,55.7111,5,0,0.9130,1073.7858,13.4220,2.6644,0.0247
21910,4382,-26.3755,5,0,0.8618,992.5615,21.5351,0.1145,0.0247
21915,4383,-10.5216,5,0,0.9225,1465.7402,15.2434,0.0634,0.0246
21920,4384,-9.3889,5,0,0.7841,1241.9677,22.9048,0.2323,0.0246
21925,4385,5.9287,5,0,0.9062,1246.7493,12.9708,0.0975,0.0246
21930,4386,-58.6067,5,0,0.8034,1251.2281,19.1726,0.2132,0.0246
21935,4387,-26.1411,5,0,0.8555,1087.6010,17.0530,0.1423,0.0246
21940,4388,-42.6902,5,0,0.8343,1450.1031,20.9946,0.1205,0.0246
21945,4389,5.8335,5,0,0.9132,1179.3145,22.0223,0.0871,0.0246
21950,4390,45.4149,5,0,0.8099,1212.0251,15.4130,0.1854,0.0246
21955,4391,-26.5018,5,0,0.8811,1231.0061,21.7506,0.0833,0.0246
21960,4392,-42.7580,5,0,0.9306,1379.9099,14.2614,0.0673,0.0245
21965,4393,-58.8805,5,0,0.9191,1132.9860,14.1164,0.0782,0.0245
21970,4394,-42.6848,5,0,0.9160,1164.3342,16.1556,0.0719,0.0245
21975,4395,-42.4890,5,0,0.8814,1118.3553,15.8193,0.1192,0.0245
21980,4396,-42.5040,5,0,0.8383,1282.8734,14.9244,0.1397,0.0245
21985,4397,39.3829,5,0,0.9005,1332.4252,20.9093,0.5008,0.0245
21990,4398,-42.6914,5,0,0.9006,1297.0468,12.7816,0.0841,0.0245
21995,4399,-10.2131,5,0,0.9109,1184.4049,18.0110,0.0912,0.0245
22000,4400,-26.5907,5,0,0.8979,1389.3743,15.5611,0.0866,0.0244
22005,4401,5.4666,5,0,0.9477,1043.9974,15.4546,0.0478,0.0244
22010,4402,-26.4638,5,0,0.9077,1166.7427,17.5049,0.0940,0.0244
22015,4403,39.6580,5,0,0.8944,1080.9067,18.4999,0.9527,0.0244
22020,4404,7.3246,5,0,0.9230,1162.4312,14.9185,2.5812,0.0244
22025,4405,-42.5527,5,0,0.8811,1161.3604,16.0497,0.1038,0.0244
22030,4406,6.2170,5,0,0.8833,1084.2419,18.5404,0.1299,0.0244
22035,4407,-26.2523,5,0,0.8693,1303.0500,12.5259,0.1300,0.0244
22040,4408,-9.9109,5,0,0.8426,1473.0767,17.7143,0.1419,0.0243
22045,4409,-10.5418,5,0,0.9414,1160.4016,14.5214,0.0579,0.0243
22050,4410,39.8250,5,0,0.8591,1208.3584,17.4545,0.4705,0.0243
22055,4411,5.6948,5,0,0.9229,1063.6266,13.7672,0.0721,0.0243
22060,4412,56.1924,5,0,0.8589,1316.5293,12.3993,0.8289,0.0243
22065,4413,-10.3866,5,0,0.9219,1225.4963,13.7018,0.0799,0.0243
22070,4414,23.7832,5,0,0.8695,1224.3936,15.1432,0.1383,0.0243
22075,4415,-10.1540,5,0,0.8931,1199.3340,19.9894,0.1162,0.0243
22080,4416,-26.5735,5,0,0.9273,1085.4301,15.7425,0.0735,0.0242
22085,4417,-26.5624,5,0,0.9004,1167.7539,14.5872,0.0811,0.0242
22090,4418,-26.3879,5,0,0.9070,1173.2966,18.2641,0.1024,0.0242
22095,4419,5.5014,5,0,0.9425,1321.3372,13.5525,0.0515,0.0242
22100,4420,-42.2076,5,0,0.8294,1230.9614,18.4965,0.2075,0.0242
22105,4421,-26.5228,5,0,0.9114,1272.6934,13.0586,0.0702,0.0242
22110,4422,-26.4139,5,0,0.8936,1077.0773,18.2308,0.0991,0.0242
22115,4423,-26.3697,5,0,0.9167,1346.3127,14.8445,0.1019,0.0242
22120,4424,5.4083,5,0,0.9422,1212.5627,20.3197,0.0418,0.0242
22125,4425,6.1494,5,0,0.8871,1058.7620,11.0353,0.1221,0.0241
22130,4426,23.6173,5,0,0.8512,1348.1510,19.5367,0.8170,0.0241
22135,4427,-42.8081,5,0,0.9046,1012.0952,16.9417,0.0676,0.0241
22140,4428,6.0321,5,0,0.9086,979.7705,15.9188,0.1091,0.0241
22145,4429,-75.0000,5,0,0.8767,1269.4323,15.2436,0.1157,0.0241
22150,4430,-26.7340,5,0,0.9361,1350.4436,15.4521,0.0371,0.0241
22155,4431,-26.5152,5,0,0.8619,1263.6067,13.9763,0.1092,0.0241
22160,4432,-26.7301,5,0,0.9485,1182.0022,11.2233,0.0471,0.0241
22165,4433,-75.0000,5,0,0.9264,1188.2211,14.2838,0.0627,0.0240
22170,4434,-26.8258,5,0,0.9568,1144.3496,17.1788,0.0347,0.0240
22175,4435,-42.8114,5,0,0.9152,1031.8979,21.4792,0.5373,0.0240
22180,4436,-58.8828,5,0,0.9406,1480.4735,18.0497,0.0568,0.0240
22185,4437,23.2564,5,0,0.9436,1208.7207,20.3210,3.0519,0.0240
22190,4438,-26.8000,5,0,0.9271,1309.5569,18.0641,0.0422,0.0240
22195,4439,-75.0000,5,0,0.9489,1244.3623,15.6319,0.0511,0.0240
22200,4440,28.4336,5,0,0.9047,1225.1222,14.4756,2.7962,0.0240
22205,4441,23.5360,5,0,0.8864,1257.8542,10.8045,0.9184,0.0240
22210,4442,-26.2744,5,0,0.8294,1292.4954,19.9317,0.1400,0.0239
22215,4443,40.4803,5,0,0.8074,1315.5148,12.6231,1.3922,0.0239
22220,4444,-26.0309,5,0,0.8416,1285.2009,15.6808,0.1504,0.0239
22225,4445,-75.0000,5,0,0.7063,1134.9625,13.2106,0.2759,0.0239
22230,4446,-58.7742,5,0,0.8712,1236.4495,13.8334,0.1408,0.0239
22235,4447,-10.0169,5,0,0.8665,1239.8975,16.9576,0.1340,0.0239
22240,4448,-58.7962,5,0,0.8994,1394.4552,11.1329,0.1081,0.0239
22245,4449,-9.6849,5,0,0.8137,1459.7218,15.8361,0.1867,0.0239
22250,4450,-9.8083,5,0,0.7897,1144.7452,11.0155,0.1511,0.0238
22255,4451,23.5681,5,0,0.9018,1554.0632,15.0665,0.9722,0.0238
22260,4452,23.7180,5,0,0.7973,1167.1514,15.9235,0.3884,0.0238
22265,4453,-10.0209,5,0,0.8565,1302.2094,16.8810,0.1344,0.0238
22270,4454,-10.2716,5,0,0.9062,1231.9730,20.7750,0.0903,0.0238
22275,4455,-26.3301,5,0,0.7989,1368.0498,13.4628,0.4385,0.0238
22280,4456,-42.6682,5,0,0.7581,1197.8750,15.7298,0.1760,0.0238
22285,4457,-9.8076,5,0,0.7746,1141.9775,15.0450,0.1489,0.0238
22290,4458,-58.7759,5,0,0.9024,1152.5941,16.4925,0.1048,0.0237
22295,4459,56.0904,5,0,0.8713,1319.2859,16.1532,1.2290,0.0237
22300,4460,-58.5798,5,0,0.7899,994.1168,16.0904,0.1782,0.0237
22305,4461,-10.3034,5,0,0.8976,1556.7582,9.6385,0.0947,0.0237
22310,4462,6.4520,5,0,0.8482,1083.1530,16.3182,0.1574,0.0237
22315,4463,24.2105,5,0,0.7903,1289.1276,13.2638,0.6862,0.0237
22320,4464,-42.6147,5,0,0.7751,1177.2401,15.7603,0.1394,0.0237
22325,4465,-42.6672,5,0,0.9153,1154.9351,14.2059,0.0903,0.0237
22330,4466,7.7976,5,0,0.8098,1252.9338,15.6694,0.2206,0.0237
22335,4467,5.6021,5,0,0.9364,1147.8420,16.8846,0.0621,0.0236
22340,4468,-5.2953,5,0,0.8779,1159.2200,13.5527,0.0999,0.0236
22345,4469,-26.4282,5,0,0.8751,1034.5038,19.5963,0.1152,0.0236
22350,4470,-26.3819,5,0,0.8958,1289.9839,11.9163,0.1136,0.0236
22355,4471,5.6091,5,0,0.9381,1197.7296,14.1752,0.0629,0.0236
22360,4472,-26.5510,5,0,0.9111,1166.9452,17.3014,0.5494,0.0236
22365,4473,-21.4817,5,0,0.8928,1113.0758,13.7599,0.0943,0.0236
22370,4474,-26.2617,5,0,0.8556,1134.3817,16.0207,0.1335,0.0236
22375,4475,23.6012,5,0,0.8431,1278.9934,16.6351,0.7522,0.0235
22380,4476,24.3304,5,0,0.7976,924.0869,16.2261,1.2381,0.0235
22385,4477,-26.3875,5,0,0.8670,1151.5620,14.0837,0.1246,0.0235
22390,4478,7.4438,5,0,0.8325,1154.7462,10.7980,1.1227,0.0235
22395,4479,-42.5623,5,0,0.8122,1164.5288,15.1322,0.1321,0.0235
22400,4480,6.7218,5,0,0.7336,1478.9291,17.3180,0.1963,0.0235
22405,4481,-25.9003,5,0,0.7825,1189.5034,12.8296,0.1984,0.0235
22410,4482,-42.3386,5,0,0.8413,1359.1973,16.6135,0.1743,0.0235
22415,4483,23.7608,5,0,0.8779,993.3926,11.0167,1.2049,0.0235
22420,4484,-26.6697,5,0,0.9309,1276.5148,15.8173,0.0610,0.0234
22425,4485,-10.3782,5,0,0.8935,1435.3728,14.9533,0.0805,0.0234
22430,4486,-26.6253,5,0,0.9218,1097.2769,11.5828,0.0683,0.0234
22435,4487,-26.3183,5,0,0.8798,1137.6727,16.7023,0.1288,0.0234
22440,4488,-8.8546,5,0,0.7653,1405.2867,15.6975,1.2408,0.0234
22445,4489,-10.4113,5,0,0.9189,1116.4915,16.3006,0.0689,0.0234
22450,4490,6.2976,5,0,0.8611,1241.6498,14.5054,0.1392,0.0234
22455,4491,-58.7888,5,0,0.8294,1488.5242,20.2784,0.7316,0.0234
22460,4492,5.8111,5,0,0.8952,1310.8252,12.1259,0.0852,0.0234
22465,4493,-26.4257,5,0,0.8827,1304.1620,16.2597,0.1118,0.0233
22470,4494,-42.6169,5,0,0.8145,1417.4457,14.2940,0.1499,0.0233
22475,4495,-42.4293,5,0,0.8514,1173.8857,15.3395,0.1612,0.0233
22480,4496,-75.0000,5,0,0.8579,1625.9795,14.6770,0.1520,0.0233
22485,4497,57.0080,5,0,0.6761,1217.6262,12.9573,0.3757,0.0233
22490,4498,-42.6274,5,0,0.8832,1324.3035,12.6181,0.1186,0.0233
22495,4499,-42.7337,5,0,0.9288,900.1577,11.8368,0.0638,0.0233
22500,4500,-26.7376,5,0,0.9521,1258.9229,19.9583,0.0478,0.0233
22505,4501,40.4821,5,0,0.7847,1136.3347,14.2058,1.6881,0.0232
22510,4502,-75.0000,5,0,0.8645,969.2412,16.5786,0.1271,0.0232
22515,4503,-26.4484,5,0,0.8882,1058.6500,12.7706,0.1057,0.0232
22520,4504,39.6852,5,0,0.8483,931.9998,17.0125,0.4298,0.0232
22525,4505,-10.0912,5,0,0.8874,1140.4888,17.2308,0.1177,0.0232
22530,4506,23.6088,5,0,0.8919,1070.1117,19.2240,1.8425,0.0232
22535,4507,-25.7384,5,0,0.7677,1411.6350,12.0602,0.2400,0.0232
22540,4508,-58.8478,5,0,0.8696,1096.2628,11.5091,0.1131,0.0232
22545,4509,6.6305,5,0,0.8241,1200.6464,16.5364,0.1790,0.0232
22550,4510,-10.4310,5,0,0.9020,1140.8015,15.0696,0.0685,0.0231
22555,4511,-58.7948,5,0,0.9051,1244.1399,13.2610,0.0944,0.0231
22560,4512,-58.5111,5,0,0.7589,1050.6052,17.5741,0.2258,0.0231
22565,4513,-26.5149,5,0,0.9240,1272.2831,17.0618,0.0802,0.0231
22570,4514,6.6511,5,0,0.8260,1193.7102,14.2672,0.1824,0.0231
22575,4515,-10.1287,5,0,0.8549,1102.9954,14.4250,0.1240,0.0231
22580,4516,-26.7840,5,0,0.9145,1071.2737,14.7553,0.0650,0.0231
22585,4517,-10.1317,5,0,0.8878,1218.5669,18.1744,0.1158,0.0231
22590,4518,-26.5012,5,0,0.9060,1351.4308,11.6266,0.0905,0.0231
22595,4519,56.2057,5,0,0.8455,943.0361,13.2789,0.7933,0.0230
22600,4520,39.6184,5,0,0.9162,1223.7417,15.4151,2.0420,0.0230
22605,4521,6.1733,5,0,0.8003,1224.0750,16.1522,0.1261,0.0230
22610,4522,-10.1725,5,0,0.8672,1252.7441,19.7362,0.1076,0.0230
22615,4523,-42.5605,5,0,0.8918,1132.6907,15.5384,0.1068,0.0230
22620,4524,7.8107,5,0,0.7812,918.1697,17.3332,1.3226,0.0230
22625,4525,-26.4209,5,0,0.8886,1233.6655,16.1872,0.1212,0.0230
22630,4526,-26.1135,5,0,0.8314,1236.0715,16.0553,0.1579,0.0230
22635,4527,5.8728,5,0,0.8939,1124.5698,12.6438,0.0916,0.0229
22640,4528,-10.2106,5,0,0.8892,1504.0828,12.8810,0.1067,0.0229
22645,4529,40.7742,5,0,0.7717,1089.4453,11.6899,1.1773,0.0229
22650,4530,-9.2484,5,0,0.7390,1089.9603,12.2211,0.2399,0.0229
22655,4531,-58.7652,5,0,0.7701,1180.8035,17.8911,0.1314,0.0229
22660,4532,-10.0604,5,0,0.8734,1436.6177,16.1301,0.1274,0.0229
22665,4533,-9.9319,5,0,0.8287,1153.5021,13.5591,0.1449,0.0229
22670,4534,-42.8284,5,0,0.9530,1353.3298,13.9240,0.0440,0.0229
22675,4535,-42.6046,5,0,0.9068,971.8597,20.6155,0.0942,0.0229
22680,4536,-10.4991,5,0,0.9341,944.9497,10.0545,0.0655,0.0228
22685,4537,-9.9240,5,0,0.8750,1279.7805,15.7429,0.1411,0.0228
22690,4538,-26.2427,5,0,0.8408,1189.2240,17.2704,0.1362,0.0228
22695,4539,-53.8274,5,0,0.8996,1251.6750,12.5471,0.1167,0.0228
22700,4540,-10.1217,5,0,0.7887,1293.0721,18.3325,0.1428,0.0228
22705,4541,5.3925,5,0,0.9555,1329.9974,9.9969,0.0401,0.0228
22710,4542,-26.7465,5,0,0.9553,1256.0027,19.7493,0.0468,0.0228
22715,4543,-26.7000,5,0,0.9464,1199.7915,14.0101,0.0475,0.0228
22720,4544,6.1733,5,0,0.8522,1228.2860,15.8669,0.1261,0.0228
22725,4545,-42.5954,5,0,0.8774,1159.0448,16.3064,0.1199,0.0227
22730,4546,-10.7593,5,0,0.9610,1102.3594,11.9558,0.0324,0.0227
22735,4547,-26.3389,5,0,0.7784,1117.7391,18.6884,0.0964,0.0227
22740,4548,-58.9234,5,0,0.9476,1401.1400,9.8578,0.0484,0.0227
22745,4549,5.7454,5,0,0.9237,1259.7262,9.0566,0.0775,0.0227
22750,4550,-58.9689,5,0,0.9550,1327.2209,12.5651,0.0361,0.0227
22755,4551,-58.5154,5,0,0.7806,1123.7091,17.0960,0.2084,0.0227
22760,4552,5.2897,5,0,0.9654,1146.0802,14.2570,0.0294,0.0227
22765,4553,-75.0000,5,0,0.9081,1022.0007,16.9787,0.0803,0.0227
22770,4554,23.2045,5,0,0.9584,1179.8340,17.1149,3.3614,0.0226
22775,4555,-10.3352,5,0,0.9006,1133.2207,10.5494,0.0781,0.0226
22780,4556,-26.5363,5,0,0.8986,1234.0028,13.4049,0.0893,0.0226
22785,4557,-10.6145,5,0,0.9229,965.9717,15.5724,0.0556,0.0226
22790,4558,-42.6568,5,0,0.8660,1161.8174,10.7667,0.1149,0.0226
22795,4559,-26.2523,5,0,0.8245,1322.4412,15.9340,0.1661,0.0226
22800,4560,-26.4835,5,0,0.8646,1141.4795,10.9274,0.0757,0.0226
22805,4561,-10.2207,5,0,0.9165,1304.4156,18.5519,0.0979,0.0226
22810,4562,-26.5772,5,0,0.9283,915.3354,16.1771,0.0768,0.0226
22815,4563,-42.6559,5,0,0.8836,1147.7009,14.7795,0.0996,0.0225
22820,4564,-42.6930,5,0,0.9189,1068.2595,18.1657,0.0862,0.0225
22825,4565,-26.7084,5,0,0.9497,1326.2163,10.6358,0.0460,0.0225
22830,4566,5.4134,5,0,0.9598,1311.7290,16.2206,0.0422,0.0225
22835,4567,-58.8703,5,0,0.9295,1061.5713,13.5184,0.0771,0.0225
22840,4568,-10.6202,5,0,0.9444,1052.2139,13.5321,0.0514,0.0225
22845,4569,-42.7244,5,0,0.9307,1298.8474,19.4285,0.0737,0.0225
22850,4570,-26.5287,5,0,0.9189,1087.5369,17.9235,0.0860,0.0225
22855,4571,5.5015,5,0,0.9434,1071.0344,12.0815,0.0515,0.0225
22860,4572,55.6830,5,0,0.9328,1118.3501,11.7971,1.5124,0.0224
22865,4573,5.3874,5,0,0.9602,1343.9078,12.4365,0.0396,0.0224
22870,4574,-42.6253,5,0,0.9047,1271.3762,14.9547,0.0826,0.0224
22875,4575,-42.8555,5,0,0.9565,1172.3770,16.4185,0.0431,0.0224
22880,4576,23.4499,5,0,0.9239,895.4199,14.8825,1.4471,0.0224
22885,4577,5.7631,5,0,0.9254,1224.5785,17.9375,0.0795,0.0224
22890,4578,5.7974,5,0,0.9185,1220.3066,14.6323,0.0832,0.0224
22895,4579,-10.5448,5,0,0.9317,1216.2949,14.6729,0.0569,0.0224
22900,4580,55.3422,5,0,0.9577,1165.3623,15.2235,2.6332,0.0224
22905,4581,-26.7165,5,0,0.9522,1025.9944,11.9111,0.0528,0.0223
22910,4582,-10.6944,5,0,0.9587,1176.1062,17.2767,0.0393,0.0223
22915,4583,-26.5409,5,0,0.9232,1017.5217,13.1234,0.0759,0.0223
22920,4584,-10.0602,5,0,0.8631,1312.8499,17.5929,0.1303,0.0223
22925,4585,-10.5493,5,0,0.9352,1404.2422,12.3353,0.0598,0.0223
22930,4586,6.1681,5,0,0.8775,1255.0035,17.8213,0.1244,0.0223
22935,4587,-42.8631,5,0,0.8751,1388.3081,10.3565,0.0991,0.0223
22940,4588,39.7193,5,0,0.8577,1186.5359,13.7227,0.4654,0.0223
22945,4589,23.8739,5,0,0.7984,1097.8342,15.5718,1.2909,0.0223
22950,4590,-10.1045,5,0,0.8560,1106.1589,10.0470,0.1263,0.0222
22955,4591,-26.5410,5,0,0.9244,1063.8185,10.2809,0.0759,0.0222
22960,4592,-9.5020,5,0,0.7696,1120.1765,6.9008,0.1908,0.0222
22965,4593,-26.4353,5,0,0.8321,1284.1631,17.4199,0.0779,0.0222
22970,4594,-10.4353,5,0,0.9236,1046.0222,13.5840,0.0738,0.0222
22975,4595,-58.8966,5,0,0.8229,1074.1497,5.2391,0.1122,0.0222
22980,4596,39.6430,5,0,0.9297,1478.3608,15.3313,0.0792,0.0222
22985,4597,5.7282,5,0,0.9225,1216.7800,13.9519,0.0764,0.0222
22990,4598,-10.3659,5,0,0.9082,1079.8286,12.2331,0.0849,0.0222
22995,4599,-58.8124,5,0,0.8464,1182.9504,15.9598,0.1611,0.0221
23000,4600,7.3676,5,0,0.8823,1187.6824,15.2108,0.5259,0.0221
23005,4601,-26.6142,5,0,0.9372,1279.9312,20.2812,0.0695,0.0221
23010,4602,-10.2076,5,0,0.8932,1098.7791,14.1577,0.1019,0.0221
23015,4603,-42.8858,5,0,0.9183,945.1758,17.7586,0.0664,0.0221
23020,4604,-42.7080,5,0,0.8973,1105.7686,12.3406,0.0608,0.0221
23025,4605,6.7949,5,0,0.6881,1261.4667,10.7880,0.2093,0.0221
23030,4606,-58.7926,5,0,0.8785,1118.8541,13.2872,0.4985,0.0221
23035,4607,-10.1346,5,0,0.9014,1099.9158,11.4445,0.1179,0.0221
23040,4608,-26.6699,5,0,0.9517,1190.1796,15.9677,0.0554,0.0220
23045,4609,-10.0854,5,0,0.8453,1212.5043,12.2374,0.1351,0.0220
23050,4610,5.5525,5,0,0.9344,1229.2194,20.0782,0.0569,0.0220
23055,4611,-75.0000,5,0,0.8975,1196.6340,8.0105,0.1137,0.0220
23060,4612,-26.6359,5,0,0.9273,1062.5247,18.9601,0.0654,0.0220
23065,4613,-42.7166,5,0,0.9311,1083.5778,9.5243,0.0744,0.0220
23070,4614,39.2728,5,0,0.9616,1205.9968,18.8197,3.3406,0.0220
23075,4615,39.6761,5,0,0.8344,1009.3124,12.6375,0.7311,0.0220
23080,4616,-42.8469,5,0,0.9549,1176.5573,14.8042,0.0408,0.0220
23085,4617,-10.7397,5,0,0.9633,1125.3372,12.7257,0.0327,0.0219
23090,4618,-26.4241,5,0,0.8706,1100.3303,13.6275,0.1177,0.0219
23095,4619,-26.3812,5,0,0.8755,1251.7429,16.4343,0.1083,0.0219
23100,4620,-21.4297,5,0,0.8914,1040.3165,11.7782,0.1058,0.0219
23105,4621,23.7002,5,0,0.8787,1281.0198,18.6162,2.1981,0.0219
23110,4622,-53.9429,5,0,0.9016,1039.5979,11.0046,0.5021,0.0219
23115,4623,23.3469,5,0,0.9117,1208.4923,13.9291,0.5257,0.0219
23120,4624,-42.7345,5,0,0.9201,1291.0354,14.8481,0.0959,0.0219
23125,4625,-42.6615,5,0,0.8892,1185.7003,14.4584,0.0930,0.0219
23130,4626,5.5249,5,0,0.9309,1147.4441,11.6099,0.0542,0.0218
23135,4627,5.5624,5,0,0.9316,1229.0829,14.5008,0.0580,0.0218
23140,4628,-26.6070,5,0,0.9293,1440.1635,10.0964,0.0697,0.0218
23145,4629,39.5753,5,0,0.9190,1360.6493,17.0981,0.5624,0.0218
23150,4630,-26.5991,5,0,0.9152,1082.6423,18.5208,0.0678,0.0218
23155,4631,56.1349,5,0,0.8474,1057.3628,15.9601,1.6211,0.0218
23160,4632,-10.3228,5,0,0.9140,915.1840,16.7434,0.0865,0.0218
23165,4633,-58.5826,5,0,0.8192,1291.2214,10.7607,0.1789,0.0218
23170,4634,-37.5394,5,0,0.8926,1040.4381,17.0249,0.1118,0.0218
23175,4635,-42.4372,5,0,0.8626,1101.2007,7.8632,0.1479,0.0218
23180,4636,-26.4449,5,0,0.8743,1157.0071,16.5477,0.1078,0.0217
23185,4637,-42.5060,5,0,0.8695,1258.3450,13.5205,0.1211,0.0217
23190,4638,-58.5687,5,0,0.7843,1142.5607,19.0856,0.1654,0.0217
23195,4639,-9.6460,5,0,0.8439,1129.8992,18.1434,0.1827,0.0217
23200,4640,-75.0000,5,0,0.9250,1209.0691,13.5906,0.0696,0.0217
23205,4641,23.5314,5,0,0.8372,1021.3853,17.0698,1.6247,0.0217
23210,4642,-10.4260,5,0,0.8282,1149.1281,17.1700,0.1167,0.0217
23215,4643,-26.1626,5,0,0.8680,1268.5209,14.0883,0.1383,0.0217
23220,4644,-42.6883,5,0,0.9088,982.5573,17.5106,0.0698,0.0217
23225,4645,5.5866,5,0,0.9316,1177.3438,11.6809,0.0605,0.0216
23230,4646,-26.1699,5,0,0.8716,1170.6492,16.0963,0.1404,0.0216
23235,4647,23.3994,5,0,0.9115,1141.0510,14.6891,0.9834,0.0216
23240,4648,-58.8678,5,0,0.8975,1040.9143,17.6048,0.0872,0.0216
23245,4649,-10.5182,5,0,0.9384,1168.6511,12.0145,0.0638,0.0216
23250,4650,-42.3009,5,0,0.8242,1254.6785,15.4324,0.1772,0.0216
23255,4651,-26.5263,5,0,0.9134,1184.4611,10.6177,0.1002,0.0216
23260,4652,6.2989,5,0,0.8022,1353.9194,19.0538,0.1429,0.0216
23265,4653,-42.7790,5,0,0.9384,1264.6047,13.6821,0.0569,0.0216
23270,4654,-42.5693,5,0,0.9032,1204.5278,18.4047,0.1150,0.0215
23275,4655,-42.6228,5,0,0.9185,1235.3192,14.4065,0.0927,0.0215
23280,4656,23.6068,5,0,0.9166,1120.0505,15.4976,0.5673,0.0215
23285,4657,5.3691,5,0,0.9587,1076.0244,13.9502,0.0376,0.0215
23290,4658,39.6055,5,0,0.9201,1091.0486,13.0694,2.6077,0.0215
23295,4659,-26.3257,5,0,0.8549,1146.5557,18.6846,0.1426,0.0215
23300,4660,-42.8356,5,0,0.8330,1185.7976,15.4565,0.0699,0.0215
23305,4661,-26.2222,5,0,0.8624,1113.8792,15.1765,0.1461,0.0215
23310,4662,-42.6099,5,0,0.8779,1205.0470,12.6685,0.1104,0.0215
23315,4663,-26.6999,5,0,0.9448,1174.2278,17.1011,0.0544,0.0215
23320,4664,55.7357,5,0,0.9139,1211.9915,14.1804,1.4822,0.0214
23325,4665,5.5320,5,0,0.9442,1101.7537,18.3761,0.0547,0.0214
23330,4666,-42.5838,5,0,0.8898,1280.9126,16.4162,0.1208,0.0214
23335,4667,-37.6260,5,0,0.9162,1481.7412,15.2553,0.0899,0.0214
23340,4668,-37.5348,5,0,0.8633,1252.8705,16.3799,0.1347,0.0214
23345,4669,-26.4633,5,0,0.9059,1134.8704,17.7187,0.0910,0.0214
23350,4670,-10.4055,5,0,0.9219,1418.1410,12.4962,0.0784,0.0214
23355,4671,-42.7912,5,0,0.9330,1370.6096,13.1138,0.0597,0.0214
23360,4672,-26.2468,5,0,0.8681,1143.6953,14.9400,0.1398,0.0214
23365,4673,-26.1895,5,0,0.8389,1285.1245,13.8429,0.1387,0.0213
23370,4674,-26.0205,5,0,0.8338,1034.7466,18.3505,0.1840,0.0213
23375,4675,-75.0000,5,0,0.8988,1356.2609,12.1438,0.0714,0.0213
23380,4676,23.9593,5,0,0.8393,1306.7073,14.1355,1.1323,0.0213
23385,4677,-26.7311,5,0,0.9453,1229.2441,14.8549,0.0483,0.0213
23390,4678,-42.5742,5,0,0.8774,980.7174,12.0114,0.1185,0.0213
23395,4679,-26.6076,5,0,0.9154,1344.0919,17.3685,0.0756,0.0213
23400,4680,-26.4407,5,0,0.8942,1287.7208,13.0651,0.1002,0.0213
23405,4681,5.8735,5,0,0.9104,1084.1295,13.5361,0.0918,0.0213
23410,4682,5.8627,5,0,0.8932,1404.6810,12.8639,0.0905,0.0212
23415,4683,23.6212,5,0,0.8401,1007.6423,18.3697,0.7856,0.0212
23420,4684,-75.0000,5,0,0.8656,1396.6946,10.7238,0.1378,0.0212
23425,4685,-58.8240,5,0,0.9189,1202.4401,14.8523,0.0859,0.0212
23430,4686,-26.3956,5,0,0.9096,1049.0029,16.2565,0.1001,0.0212
23435,4687,55.7136,5,0,0.9070,1492.4263,15.6685,1.4447,0.0212
23440,4688,-26.4749,5,0,0.9030,1281.5872,18.3645,0.0953,0.0212
23445,4689,-42.6986,5,0,0.9011,1163.5549,14.8887,0.1045,0.0212
23450,4690,-26.6966,5,0,0.9430,1065.1257,7.6772,0.0522,0.0212
23455,4691,-58.9139,5,0,0.8880,1196.3627,16.5600,0.0795,0.0212
23460,4692,5.4586,5,0,0.9464,1422.9873,9.9278,0.0470,0.0211
23465,4693,5.8124,5,0,0.8971,1133.0811,9.6252,0.0850,0.0211
23470,4694,5.5314,5,0,0.9417,1095.8750,11.1878,0.0547,0.0211
23475,4695,-42.6377,5,0,0.8982,1124.0310,18.5397,0.0952,0.0211
23480,4696,-10.4044,5,0,0.9299,1285.6315,11.0214,0.0793,0.0211
23485,4697,-42.7494,5,0,0.9315,1435.1074,11.1996,0.0702,0.0211
23490,4698,-42.7860,5,0,0.9510,1458.8823,10.4703,0.0551,0.0211
23495,4699,39.4873,5,0,0.9264,1381.1074,16.0789,2.1572,0.0211
23500,4700,-26.5325,5,0,0.8689,1209.8101,7.2011,0.0893,0.0211
23505,4701,-42.8570,5,0,0.9524,1422.0044,14.6314,0.0433,0.0210
23510,4702,-42.8390,5,0,0.9581,1430.4027,5.9029,0.0359,0.0210
23515,4703,5.3300,5,0,0.9532,1367.6283,9.7866,0.0336,0.0210
23520,4704,-42.6333,5,0,0.9133,1110.6320,16.0889,0.0904,0.0210
23525,4705,-42.7717,5,0,0.9257,1094.6272,13.3708,0.0690,0.0210
23530,4706,-58.9188,5,0,0.9015,1199.1750,14.9953,0.0622,0.0210
23535,4707,-10.3837,5,0,0.9382,1559.0742,11.6256,0.0770,0.0210
23540,4708,5.6631,5,0,0.9285,1382.3478,17.5085,0.0687,0.0210
23545,4709,56.5930,5,0,0.8350,1189.8789,5.3081,0.7690,0.0210
23550,4710,-26.5715,5,0,0.9057,1363.5502,7.4837,0.0864,0.0210
23555,4711,7.2088,5,0,0.9216,1567.3298,6.1950,2.0758,0.0209
23560,4712,-42.7876,5,0,0.9302,1300.1033,8.5324,0.0551,0.0209
23565,4713,-10.3956,5,0,0.9191,1442.4993,13.6445,0.0752,0.0209
23570,4714,-10.5850,5,0,0.9316,1348.6464,11.2717,0.0570,0.0209
23575,4715,-42.7683,5,0,0.8819,1421.0199,9.0602,0.0999,0.0209
23580,4716,-26.4021,5,0,0.9170,1484.2854,16.0927,0.0930,0.0209
23585,4717,-75.0000,5,0,0.9143,1222.8882,11.0056,0.0785,0.0209
23590,4718,-42.6201,5,0,0.9090,1288.7645,10.3124,0.0963,0.0209
23595,4719,-10.5714,5,0,0.9443,1270.4969,11.2188,0.0557,0.0209
23600,4720,-58.8420,5,0,0.9210,1127.0089,11.3460,0.0667,0.0209
23605,4721,-42.6313,5,0,0.8727,1365.6909,8.9278,0.1179,0.0208
23610,4722,5.6505,5,0,0.9184,1173.9514,10.5575,0.0673,0.0208
23615,4723,-58.8072,5,0,0.7720,1109.9476,12.9027,0.6279,0.0208
23620,4724,-26.7367,5,0,0.9350,1145.9998,4.7863,0.0495,0.0208
23625,4725,-10.5826,5,0,0.9448,1129.0420,14.1058,0.0539,0.0208
23630,4726,-26.5958,5,0,0.9201,1317.0039,11.8560,0.0722,0.0208
23635,4727,-26.7086,5,0,0.9505,1052.7200,13.6026,0.0455,0.0208
23640,4728,-10.2566,5,0,0.8806,1117.1063,6.4682,0.0917,0.0208
23645,4729,-26.7129,5,0,0.9451,1258.4827,15.4919,0.0531,0.0208
23650,4730,-42.6052,5,0,0.9039,1193.1711,16.3139,0.1055,0.0207
23655,4731,5.9578,5,0,0.9134,1629.1106,9.0229,0.1008,0.0207
23660,4732,-42.8869,5,0,0.9700,1335.1658,8.9759,0.0276,0.0207
23665,4733,-5.7692,5,0,0.9624,1310.9109,15.6379,0.0307,0.0207
23670,4734,-26.7326,5,0,0.9611,1002.5885,13.0917,0.0498,0.0207
23675,4735,-58.8206,5,0,0.8855,1249.3654,10.7984,0.1032,0.0207
23680,4736,-26.8642,5,0,0.9742,1406.2469,14.6129,0.0222,0.0207
23685,4737,5.7744,5,0,0.9228,1331.5698,7.8935,0.0806,0.0207
23690,4738,-42.8051,5,0,0.9338,1241.6646,12.0269,0.0663,0.0207
23695,4739,-10.7182,5,0,0.9551,1253.5002,12.4883,0.0342,0.0207
23700,4740,-26.6745,5,0,0.9469,1169.0380,16.1373,0.0562,0.0206
23705,4741,-58.9516,5,0,0.9289,1311.4800,12.0696,0.0645,0.0206
23710,4742,-10.5135,5,0,0.9129,1227.1157,5.8853,0.0721,0.0206
23715,4743,-26.6318,5,0,0.8816,1195.5696,18.8530,0.0689,0.0206
23720,4744,-10.8592,5,0,0.9784,1114.4460,10.1924,0.0186,0.0206
23725,4745,5.7832,5,0,0.9186,1115.7205,9.0931,0.0816,0.0206
23730,4746,39.4747,5,0,0.9165,1273.8135,12.8850,1.5364,0.0206
23735,4747,-26.7636,5,0,0.9697,1582.0122,10.7932,0.0396,0.0206
23740,4748,-42.6591,5,0,0.9110,1198.2982,12.0468,0.0909,0.0206
23745,4749,-42.7873,5,0,0.9385,1147.8062,13.0643,0.0630,0.0206
23750,4750,-10.6832,5,0,0.9643,1285.0452,13.2594,0.0403,0.0205
23755,4751,-10.6140,5,0,0.9395,1245.8259,13.0402,0.0436,0.0205
23760,4752,-58.9320,5,0,0.9613,1317.9102,4.7977,0.0357,0.0205
23765,4753,55.3527,5,0,0.9551,1426.1899,17.1377,0.6474,0.0205
23770,4754,55.8788,5,0,0.8888,1487.2188,11.2046,1.3095,0.0205
23775,4755,23.2459,5,0,0.9538,1640.2898,9.5520,1.8081,0.0205
23780,4756,39.2907,5,0,0.9539,1338.2693,10.2397,3.2143,0.0205
23785,4757,-10.4544,5,0,0.9144,1219.9951,12.3298,0.0744,0.0205
23790,4758,-42.6498,5,0,0.8612,1447.7571,9.0267,0.0846,0.0205
23795,4759,40.0549,5,0,0.8547,1410.4448,10.8772,0.1425,0.0205
23800,4760,-58.9176,5,0,0.9230,1200.0947,7.3549,0.0646,0.0204
23805,4761,-10.1347,5,0,0.8851,1117.8691,11.3967,0.1081,0.0204
23810,4762,5.6797,5,0,0.9238,1243.6311,10.0036,0.0706,0.0204
23815,4763,-42.5347,5,0,0.8784,1388.3040,14.1328,0.1326,0.0204
23820,4764,-9.7450,5,0,0.8319,1406.4272,6.9506,0.1729,0.0204
23825,4765,5.5830,5,0,0.9333,1189.3845,12.7710,0.0601,0.0204
23830,4766,-42.8186,5,0,0.8897,1108.7369,10.9661,0.4880,0.0204
23835,4767,-58.8890,5,0,0.8890,1439.3718,14.7839,0.0742,0.0204
23840,4768,55.8820,5,0,0.8696,1129.0868,14.0979,0.4728,0.0204
23845,4769,5.5114,5,0,0.9486,1389.5349,10.4764,0.0525,0.0203
23850,4770,-10.2091,5,0,0.9193,1256.7542,9.9184,0.1002,0.0203
23855,4771,-9.7346,5,0,0.7913,1307.7839,10.8776,0.1626,0.0203
23860,4772,-26.2766,5,0,0.8633,1264.5432,12.3244,0.1143,0.0203
23865,4773,-58.7706,5,0,0.8833,1140.8835,10.2501,0.1397,0.0203
23870,4774,-42.7225,5,0,0.9349,1351.5520,14.6474,0.0671,0.0203
23875,4775,-10.6497,5,0,0.9472,1363.8154,9.8171,0.0451,0.0203
23880,4776,-10.4896,5,0,0.9249,1060.3789,10.7752,0.0684,0.0203
23885,4777,-26.7800,5,0,0.9554,1450.9241,9.5843,0.0415,0.0203
23890,4778,-21.3576,5,0,0.8516,1162.8767,4.0321,0.0838,0.0203
23895,4779,-26.3730,5,0,0.9060,1500.4441,7.8811,0.1174,0.0202
23900,4780,-42.4077,5,0,0.8160,1410.7922,9.6384,0.1516,0.0202
23905,4781,-42.7309,5,0,0.9382,1415.9955,14.4334,0.0701,0.0202
23910,4782,-26.7670,5,0,0.9621,1533.0747,10.7253,0.0373,0.0202
23915,4783,-10.4717,5,0,0.9263,1496.6998,6.5226,0.0675,0.0202
23920,4784,-26.5633,5,0,0.9339,1401.8680,13.2369,0.0716,0.0202
23925,4785,55.2494,5,0,0.9608,1194.4900,3.8422,0.6653,0.0202
23930,4786,-10.7636,5,0,0.9700,1574.5002,14.6900,0.0297,0.0202
23935,4787,-58.9239,5,0,0.9088,1086.4794,7.7001,0.0701,0.0202
23940,4788,5.4954,5,0,0.9449,1179.9371,11.8763,0.0508,0.0202
23945,4789,-58.6031,5,0,0.8016,1220.2345,11.3655,0.1784,0.0201
23950,4790,5.3431,5,0,0.9616,1384.5854,10.0368,0.0349,0.0201
23955,4791,-42.7029,5,0,0.9098,1247.1738,10.5463,0.0709,0.0201
23960,4792,-42.8323,5,0,0.9574,1167.7275,10.6919,0.0458,0.0201
23965,4793,-26.7763,5,0,0.9466,1281.1665,11.1058,0.0397,0.0201
23970,4794,-8.7167,5,0,0.8584,1121.6667,12.9588,0.1559,0.0201
23975,4795,-26.7955,5,0,0.9677,1279.7450,12.8032,0.0344,0.0201
23980,4796,-42.9410,5,0,0.9802,1248.1160,13.3945,0.0185,0.0201
23985,4797,5.2760,5,0,0.9708,1318.7170,9.6435,0.0280,0.0201
23990,4798,5.6633,5,0,0.9252,1301.2843,15.0083,0.0690,0.0201
23995,4799,-26.6753,5,0,0.9496,1299.6877,7.5163,0.0554,0.0200
24000,4800,23.2101,5,0,0.9325,1344.7549,10.3612,1.0859,0.0200
24005,4801,39.1542,5,0,0.9610,1090.3362,12.8726,2.9692,0.0200
24010,4802,-42.8933,5,0,0.9528,1336.8950,11.4693,1.2573,0.0200
24015,4803,-42.8535,5,0,0.9539,1189.6758,15.7110,0.0397,0.0200
24020,4804,5.9351,5,0,0.8858,1198.3206,10.9529,0.0987,0.0200
24025,4805,23.6436,5,0,0.8435,1171.3208,15.1920,1.2632,0.0200
24030,4806,-10.0912,5,0,0.7752,1137.8024,13.3949,0.1175,0.0200
24035,4807,-26.1092,5,0,0.8088,1320.3599,13.9631,0.1512,0.0200
24040,4808,5.8632,5,0,0.9032,1261.3628,11.3540,0.0905,0.0200
24045,4809,-26.4625,5,0,0.9140,1079.0649,10.0961,0.0884,0.0199
24050,4810,7.6956,5,0,0.7820,1129.7231,10.8550,0.6484,0.0199
24055,4811,-10.4365,5,0,0.9245,1081.6396,12.4754,0.0712,0.0199
24060,4812,-10.2320,5,0,0.9002,1206.4180,9.9824,0.0982,0.0199
24065,4813,55.9961,5,0,0.8653,1385.8958,8.5879,0.8501,0.0199
24070,4814,-26.3212,5,0,0.8810,1159.4419,10.6539,0.1199,0.0199
24075,4815,-26.7070,5,0,0.9330,1330.6223,12.6728,0.0578,0.0199
24080,4816,-42.5392,5,0,0.8906,1276.3405,11.5590,0.1168,0.0199
24085,4817,5.6785,5,0,0.9324,1373.2271,8.9984,0.0703,0.0199
24090,4818,23.3931,5,0,0.9291,1238.4932,15.0540,0.5863,0.0199
24095,4819,-42.6300,5,0,0.8760,1255.7512,8.8677,0.0997,0.0198
24100,4820,55.8244,5,0,0.9269,1290.3108,12.2643,2.5014,0.0198
24105,4821,-58.8662,5,0,0.8784,1362.4099,7.8344,0.1102,0.0198
24110,4822,5.7088,5,0,0.9109,1247.5566,8.4221,0.0737,0.0198
24115,4823,-26.4087,5,0,0.9026,1183.3402,7.4272,0.0937,0.0198
24120,4824,-26.2612,5,0,0.8101,1227.8533,13.4590,0.1664,0.0198
24125,4825,-42.7185,5,0,0.9108,966.0444,10.8837,0.0839,0.0198
24130,4826,55.7940,5,0,0.8727,1381.4178,9.1096,0.4681,0.0198
24135,4827,-10.2431,5,0,0.8991,1243.6075,9.0097,0.1009,0.0198
24140,4828,-10.4359,5,0,0.9180,1571.2100,12.4308,0.0720,0.0198
24145,4829,-42.6892,5,0,0.9154,1171.2295,8.7448,0.0804,0.0198
24150,4830,-42.5566,5,0,0.8996,1250.4624,12.9894,0.1013,0.0197
24155,4831,-42.6938,5,0,0.9174,1122.9446,6.7659,0.0777,0.0197
24160,4832,-37.6268,5,0,0.8958,1290.1298,13.3348,0.0811,0.0197
24165,4833,-10.1865,5,0,0.8676,1404.5232,12.1158,0.0952,0.0197
24170,4834,39.9052,5,0,0.8487,1424.3466,12.2800,1.7162,0.0197
24175,4835,-10.2099,5,0,0.9058,1475.4818,7.4770,0.1021,0.0197
24180,4836,-58.6545,5,0,0.7993,1377.2871,13.7196,0.2171,0.0197
24185,4837,23.9137,5,0,0.8495,1172.6929,7.2804,1.1708,0.0197
24190,4838,-58.6007,5,0,0.8004,1377.8352,9.5204,0.2033,0.0197
24195,4839,56.5351,5,0,0.8516,1612.9653,12.6195,1.1504,0.0197
24200,4840,6.1660,5,0,0.8854,1392.4370,8.7988,0.1242,0.0196
24205,4841,5.9142,5,0,0.9097,1323.0959,16.2716,0.0964,0.0196
24210,4842,-26.1383,5,0,0.8110,1252.1356,9.4791,0.1653,0.0196
24215,4843,-42.7181,5,0,0.9316,1273.3965,14.0114,0.0663,0.0196
24220,4844,7.3575,5,0,0.8729,1254.1865,10.3859,1.2962,0.0196
24225,4845,-58.6845,5,0,0.8497,1068.9237,9.4736,0.1242,0.0196
24230,4846,5.5915,5,0,0.9331,1259.1277,11.6283,0.0610,0.0196
24235,4847,5.8004,5,0,0.8929,1249.9561,11.0166,0.0838,0.0196
24240,4848,5.7230,5,0,0.9285,1446.2686,10.2426,0.0752,0.0196
24245,4849,-42.5580,5,0,0.8675,1365.1343,12.1577,0.1048,0.0196
24250,4850,-58.8741,5,0,0.9043,1571.4819,8.5393,0.0880,0.0195
24255,4851,56.4754,5,0,0.7857,1271.4243,12.9896,0.6895,0.0195
24260,4852,-42.7831,5,0,0.9294,1343.1294,11.3985,0.0601,0.0195
24265,4853,5.6859,5,0,0.9418,1398.1345,12.4507,0.0711,0.0195
24270,4854,-75.0000,5,0,0.9090,1187.6030,9.4033,0.0853,0.0195
24275,4855,-10.0636,5,0,0.8927,1061.3507,11.7046,0.1238,0.0195
24280,4856,-42.5462,5,0,0.8778,1233.2791,9.4279,0.1112,0.0195
24285,4857,-10.1686,5,0,0.8962,1217.3379,15.5068,0.1242,0.0195
24290,4858,-26.6744,5,0,0.9344,1230.1038,10.7324,0.0598,0.0195
24295,4859,-26.0657,5,0,0.8381,1292.1823,5.4941,0.1761,0.0195
24300,4860,39.4950,5,0,0.9512,1383.5131,11.0703,1.8049,0.0194
24305,4861,-42.4995,5,0,0.8605,1122.5686,8.1130,0.1356,0.0194
24310,4862,23.5245,5,0,0.8222,1183.2196,4.5519,1.2710,0.0194
24315,4863,-42.1812,5,0,0.8250,1401.5975,11.8307,0.1468,0.0194
24320,4864,-42.7995,5,0,0.9307,1143.6843,5.9130,0.0580,0.0194
24325,4865,23.8896,5,0,0.7440,1245.2219,14.5620,0.3991,0.0194
24330,4866,6.0402,5,0,0.8825,1089.5503,13.5999,0.1113,0.0194
24335,4867,23.4215,5,0,0.7877,1245.6987,8.2177,0.3665,0.0194
24340,4868,-42.6087,5,0,0.8819,1458.2971,9.5025,0.1202,0.0194
24345,4869,23.6946,5,0,0.8703,1646.8508,10.5470,0.8339,0.0194
24350,4870,-26.2134,5,0,0.7679,1433.6061,12.6207,0.1418,0.0194
24355,4871,-42.7211,5,0,0.8867,1608.0557,6.8130,0.0876,0.0193
24360,4872,23.9348,5,0,0.7456,1311.1357,10.2398,0.5981,0.0193
24365,4873,-42.1005,5,0,0.7703,1328.7439,12.3807,0.1706,0.0193
24370,4874,-8.6420,5,0,0.6136,1348.4075,10.1693,0.3160,0.0193
24375,4875,-9.9662,5,0,0.8723,1136.3400,9.1586,0.1351,0.0193
24380,4876,-42.8117,5,0,0.9430,1247.0288,10.9006,0.0519,0.0193
24385,4877,-10.3072,5,0,0.8930,1113.5110,10.0124,0.0973,0.0193
24390,4878,39.7991,5,0,0.8565,1181.9590,11.3995,1.1893,0.0193
24395,4879,-10.1962,5,0,0.8528,1241.2748,6.9389,0.1169,0.0193
24400,4880,23.8245,5,0,0.8045,1238.5240,13.2997,1.0452,0.0193
24405,4881,-10.1804,5,0,0.8695,1291.4169,12.3448,0.1151,0.0192
24410,4882,-42.5592,5,0,0.8926,1384.9783,11.1857,0.1131,0.0192
24415,4883,6.6804,5,0,0.8274,1539.1074,10.2854,0.1850,0.0192
24420,4884,-42.8235,5,0,0.9258,1370.3647,9.0195,0.0543,0.0192
24425,4885,6.1471,5,0,0.8793,1221.2007,9.7792,0.1219,0.0192
24430,4886,-42.5712,5,0,0.8485,1339.8629,11.0971,0.1255,0.0192
24435,4887,-58.7826,5,0,0.9041,1304.0059,11.2971,0.1098,0.0192
24440,4888,56.5264,5,0,0.7838,1375.9274,17.8427,0.6941,0.0192
24445,4889,-58.9226,5,0,0.9316,1166.2976,8.6922,0.0695,0.0192
24450,4890,-9.8861,5,0,0.8424,1547.6058,12.2671,0.1317,0.0192
24455,4891,5.7929,5,0,0.8992,1164.8083,10.3549,0.0834,0.0192
24460,4892,39.7696,5,0,0.8634,1250.0205,10.3434,1.2418,0.0191
24465,4893,23.4151,5,0,0.9265,1046.4006,13.9857,1.0745,0.0191
24470,4894,-42.3796,5,0,0.8318,1335.4021,11.9204,0.1732,0.0191
24475,4895,23.9174,5,0,0.7613,1104.6917,12.8264,0.9527,0.0191
24480,4896,7.2421,5,0,0.9042,1495.7103,7.7523,2.7073,0.0191
24485,4897,5.8120,5,0,0.9207,1153.1675,13.6345,0.0851,0.0191
24490,4898,40.1781,5,0,0.8304,1432.7708,10.5435,1.9451,0.0191
24495,4899,-26.2907,5,0,0.7984,1265.1042,14.0216,0.1667,0.0191
24500,4900,-25.7344,5,0,0.7665,1246.3000,10.7154,0.1943,0.0191
24505,4901,41.3908,5,0,0.6146,1463.3850,13.5410,0.6245,0.0191
24510,4902,-25.9706,5,0,0.8214,1381.4824,4.7471,0.1859,0.0190
24515,4903,-9.4797,5,0,0.7916,1105.3411,13.3526,0.2255,0.0190
24520,4904,58.0913,5,0,0.5734,1440.1149,11.3302,0.5845,0.0190
24525,4905,-25.2984,5,0,0.6787,1452.0640,9.5929,0.3392,0.0190
24530,4906,-9.0641,5,0,0.7421,1387.9330,7.6044,0.2823,0.0190
24535,4907,-42.3422,5,0,0.8072,1219.9407,10.6505,0.1971,0.0190
24540,4908,-25.8641,5,0,0.7510,1369.5021,12.0002,0.2032,0.0190
24545,4909,-25.5397,5,0,0.7185,1028.0670,11.7874,0.2922,0.0190
24550,4910,5.8858,5,0,0.9165,1398.3737,10.2312,0.0928,0.0190
24555,4911,-10.1437,5,0,0.8737,1137.5698,11.5167,0.1177,0.0190
24560,4912,40.5371,5,0,0.8062,1379.4510,12.2992,1.3121,0.0190
24565,4913,7.6858,5,0,0.7934,1313.2537,13.4793,1.8860,0.0189
24570,4914,-58.8318,5,0,0.8405,1227.4845,11.9224,0.1244,0.0189
24575,4915,-42.1395,5,0,0.7155,1048.1519,14.7992,0.2488,0.0189
24580,4916,-42.6015,5,0,0.8690,1163.4817,11.6817,0.1225,0.0189
24585,4917,-41.9381,5,0,0.6569,1444.6472,10.5851,0.2536,0.0189
24590,4918,45.2988,5,0,0.8157,998.0786,9.5874,1.8069,0.0189
24595,4919,25.3274,5,0,0.5602,1384.8408,1.4288,0.8283,0.0189
24600,4920,-24.9653,5,0,0.6336,1212.9536,18.0284,0.4199,0.0189
24605,4921,-9.2729,5,0,0.7695,1560.5237,8.9887,0.2265,0.0189
24610,4922,-58.7502,5,0,0.7969,1301.3076,12.1621,0.2206,0.0189
24615,4923,6.4480,5,0,0.8720,1338.6371,13.0823,0.1581,0.0188
24620,4924,-9.7912,5,0,0.8393,1350.8213,10.0990,0.1691,0.0188
24625,4925,24.1220,5,0,0.7570,1453.3289,6.3062,0.4421,0.0188
24630,4926,40.4646,5,0,0.7548,1287.0720,14.0430,1.7512,0.0188
24635,4927,-24.9626,5,0,0.6381,1310.6544,10.3668,0.4297,0.0188
24640,4928,-58.5298,5,0,0.7649,1324.4900,14.0645,0.2605,0.0188
24645,4929,-25.2636,5,0,0.6138,1440.7412,6.3238,0.3275,0.0188
24650,4930,6.0870,5,0,0.8584,1428.3219,6.9695,0.1153,0.0188
24655,4931,6.1396,5,0,0.8703,1236.2959,10.9458,0.1213,0.0188
24660,4932,-75.0000,5,0,0.7567,1366.0974,7.2234,0.2669,0.0188
24665,4933,-75.0000,5,0,0.8544,941.9573,10.5303,0.1500,0.0188
24670,4934,-58.7622,5,0,0.8233,1378.1765,8.3128,0.1470,0.0187
24675,4935,-75.0000,5,0,0.9115,1236.1892,11.6970,0.0855,0.0187
24680,4936,-41.8296,5,0,0.7061,1037.1001,13.7154,0.3500,0.0187
24685,4937,5.7018,5,0,0.9056,1302.2720,5.7887,0.0729,0.0187
24690,4938,-42.6608,5,0,0.9079,1387.8505,9.9911,0.0852,0.0187
24695,4939,-25.6714,5,0,0.7393,1441.0659,10.9592,0.2401,0.0187
24700,4940,-26.4665,5,0,0.8616,1515.2957,5.8648,0.1221,0.0187
24705,4941,-10.1139,5,0,0.8822,1087.7485,11.3077,0.1160,0.0187
24710,4942,-42.6787,5,0,0.9124,1275.4929,13.7676,0.0863,0.0187
24715,4943,-9.7872,5,0,0.8399,1356.2120,9.2204,0.1656,0.0187
24720,4944,-26.0132,5,0,0.8037,1394.3137,11.5849,0.1959,0.0187
24725,4945,-75.0000,5,0,0.8463,1078.3848,11.5289,0.1011,0.0186
24730,4946,-42.4180,5,0,0.8048,1154.7529,10.5304,0.4461,0.0186
24735,4947,-58.9070,5,0,0.8505,1296.3564,12.5431,0.4876,0.0186
24740,4948,-26.7067,5,0,0.9482,1045.5428,13.7945,0.0512,0.0186
24745,4949,23.5158,5,0,0.8423,1337.7808,5.5061,1.1366,0.0186
24750,4950,-42.7120,5,0,0.8047,1195.6949,11.0813,0.1106,0.0186
24755,4951,39.6252,5,0,0.8796,1238.4822,11.7967,0.4709,0.0186
24760,4952,-42.6564,5,0,0.9130,1086.0067,9.4666,0.0842,0.0186
24765,4953,55.6808,5,0,0.8592,1332.7052,10.0801,0.0715,0.0186
24770,4954,-42.7762,5,0,0.9218,1303.5676,11.2893,0.0667,0.0186
24775,4955,-26.3740,5,0,0.9017,1117.2627,14.0459,0.1101,0.0186
24780,4956,23.3022,5,0,0.9460,1296.8318,14.8818,0.0540,0.0185
24785,4957,-75.0000,5,0,0.7249,1291.2097,6.7460,0.1828,0.0185
24790,4958,-10.0505,5,0,0.8755,1243.8438,11.2573,0.1250,0.0185
24795,4959,-26.6387,5,0,0.9124,1177.7563,7.3100,0.0777,0.0185
24800,4960,-26.6322,5,0,0.9090,1122.1339,11.5928,0.0748,0.0185
24805,4961,-10.6176,5,0,0.9500,1229.2797,11.8629,0.0495,0.0185
24810,4962,-58.8778,5,0,0.9332,1348.6780,10.7994,0.0770,0.0185
24815,4963,24.3144,5,0,0.7521,1307.3020,6.1172,0.4485,0.0185
24820,4964,-26.5477,5,0,0.9133,1392.3903,8.9130,0.0824,0.0185
24825,4965,-26.6356,5,0,0.9368,1258.9918,8.2701,0.0597,0.0185
24830,4966,-26.7414,5,0,0.9594,1410.3715,5.3740,0.0469,0.0185
24835,4967,-10.6480,5,0,0.9206,1595.9241,12.4086,0.0552,0.0184
24840,4968,23.5448,5,0,0.8664,1171.3118,5.2482,0.8601,0.0184
24845,4969,7.1873,5,0,0.9519,1338.4673,1.3907,3.0605,0.0184
24850,4970,-10.6891,5,0,0.9420,1080.2117,13.5138,0.0438,0.0184
24855,4971,-26.6785,5,0,0.9318,1722.3669,5.2168,0.0574,0.0184
24860,4972,24.0477,5,0,0.7503,1665.1526,6.0510,1.1557,0.0184
24865,4973,-42.3689,5,0,0.7678,1145.1719,8.4716,0.1849,0.0184
24870,4974,56.4947,5,0,0.8491,1460.4425,9.1195,1.9063,0.0184
24875,4975,-10.6520,5,0,0.9535,1296.2393,7.0375,0.0450,0.0184
24880,4976,-25.7755,5,0,0.6949,1220.3345,9.6784,0.2558,0.0184
24885,4977,-53.3521,5,0,0.6462,1232.0342,17.0291,0.2254,0.0183
24890,4978,-42.7397,5,0,0.9230,1267.9049,7.0708,0.0766,0.0183
24895,4979,-9.7642,5,0,0.7748,1313.7908,15.3272,0.1659,0.0183
24900,4980,40.9718,5,0,0.6581,1222.3994,6.3821,1.0787,0.0183
24905,4981,-42.6275,5,0,0.6579,1282.6614,11.6283,0.2284,0.0183
24910,4982,-58.7346,5,0,0.6965,1116.8501,8.8461,0.2140,0.0183
24915,4983,40.3519,5,0,0.8301,1284.4110,8.5880,0.1787,0.0183
24920,4984,5.9623,5,0,0.8361,1275.7175,7.8168,0.1025,0.0183
24925,4985,-9.5528,5,0,0.7834,1162.0842,12.0259,0.2094,0.0183
24930,4986,-9.9269,5,0,0.7481,1398.8191,8.9977,0.1733,0.0183
24935,4987,-25.9137,5,0,0.8101,1025.7664,13.9738,0.2023,0.0183
24940,4988,-58.8349,5,0,0.9037,1324.7070,8.9066,0.0925,0.0183
24945,4989,-42.3046,5,0,0.7914,1372.0259,6.0932,0.2059,0.0182
24950,4990,-26.5020,5,0,0.8767,1291.0018,8.8028,0.1083,0.0182
24955,4991,-26.6081,5,0,0.8982,1171.0969,4.9049,0.0649,0.0182
24960,4992,6.2078,5,0,0.8833,1320.8542,10.6304,0.1300,0.0182
24965,4993,-75.0000,5,0,0.8729,1440.4493,12.5448,0.1377,0.0182
24970,4994,-42.6515,5,0,0.9086,1284.4788,10.9154,0.0917,0.0182
24975,4995,-42.7868,5,0,0.9338,1336.0916,11.3381,0.0569,0.0182
24980,4996,55.8247,5,0,0.9136,1021.6616,5.4329,1.9282,0.0182
24985,4997,-26.1865,5,0,0.8419,1424.2595,10.6477,0.1158,0.0182
24990,4998,-26.6054,5,0,0.9343,1442.0549,2.8416,0.0669,0.0182
24995,4999,-26.5769,5,0,0.9132,1239.5908,7.3173,0.0886,0.0182
25000,5000,-26.6674,5,0,0.9468,1349.8606,16.3677,0.0630,0.0181
25005,5001,-42.6189,5,0,0.9187,1630.8412,6.7669,0.0782,0.0181
25010,5002,-26.8372,5,0,0.9705,1361.2742,7.3213,0.0292,0.0181
25015,5003,7.1915,5,0,0.8820,1081.3257,10.2023,1.2949,0.0181
25020,5004,-26.2395,5,0,0.8922,1562.8058,9.4532,0.1358,0.0181
25025,5005,-42.1730,5,0,0.8201,1064.2793,8.0046,0.1564,0.0181
25030,5006,-42.6726,5,0,0.8900,1332.0237,6.0391,0.0643,0.0181
25035,5007,-10.6051,5,0,0.9363,1330.0288,9.1480,0.0512,0.0181
25040,5008,39.4172,5,0,0.9300,1322.7446,4.2736,2.9157,0.0181
25045,5009,-9.3758,5,0,0.7874,1153.7368,12.3250,0.1998,0.0181
25050,5010,-42.6287,5,0,0.8324,1313.0839,8.4261,0.1266,0.0181
25055,5011,-42.8249,5,0,0.9397,1410.6924,4.9918,0.0530,0.0180
25060,5012,-58.7628,5,0,0.8814,1505.6943,5.1753,0.1114,0.0180
25065,5013,-26.4139,5,0,0.8897,1179.2368,8.8278,0.1165,0.0180
25070,5014,23.6880,5,0,0.8367,1430.1973,10.6486,1.5136,0.0180
25075,5015,-10.3614,5,0,0.8905,1322.0518,8.7433,0.0749,0.0180
25080,5016,-26.2822,5,0,0.8059,1550.2815,9.4442,0.1327,0.0180
25085,5017,23.4658,5,0,0.8944,1460.4119,4.8542,2.5942,0.0180
25090,5018,-75.0000,5,0,0.7989,1263.9381,12.0278,0.2191,0.0180
25095,5019,40.7064,5,0,0.7706,1264.2527,14.0493,0.4668,0.0180
25100,5020,-9.4994,5,0,0.8026,1259.4288,4.9070,0.2104,0.0180
25105,5021,6.7840,5,0,0.7964,1177.9009,9.3094,0.1971,0.0180
25110,5022,56.3758,5,0,0.8174,1107.5647,5.5567,0.4483,0.0179
25115,5023,-25.8970,5,0,0.8162,1333.6772,8.7392,0.2104,0.0179
25120,5024,-26.2976,5,0,0.8548,1146.5061,4.2920,0.1231,0.0179
25125,5025,-8.7950,5,0,0.8975,1266.5161,4.0636,2.3788,0.0179
25130,5026,-10.1827,5,0,0.8902,1339.3984,9.6143,0.1054,0.0179
25135,5027,-42.4272,5,0,0.8440,1240.1226,1.6676,0.1151,0.0179
25140,5028,-41.9701,5,0,0.6839,1271.7466,8.7194,0.3190,0.0179
25145,5029,5.6697,5,0,0.9234,1352.9896,2.0629,0.0693,0.0179
25150,5030,-9.5897,5,0,0.8176,1425.9607,10.3553,0.1964,0.0179
25155,5031,-9.9462,5,0,0.8707,1216.6145,9.8500,0.1406,0.0179
25160,5032,6.6010,5,0,0.8588,1511.2456,7.0803,0.1746,0.0179
25165,5033,7.6812,5,0,0.8111,1346.7617,10.6665,0.1983,0.0178
25170,5034,-58.6386,5,0,0.8193,1269.3434,7.6114,0.1423,0.0178
25175,5035,40.4153,5,0,0.7628,1121.3975,4.9183,0.6010,0.0178
25180,5036,-58.8537,5,0,0.8287,871.2083,9.5594,0.0903,0.0178
25185,5037,-10.2871,5,0,0.9072,1117.4104,9.5815,0.0942,0.0178
25190,5038,-42.6875,5,0,0.9163,1487.2798,15.5773,0.0898,0.0178
25195,5039,6.3739,5,0,0.8555,1314.4092,7.2005,0.1482,0.0178
25200,5040,-26.3659,5,0,0.8939,1126.4812,4.8682,0.1116,0.0178
25205,5041,-26.3800,5,0,0.8823,1250.7489,6.8997,0.1164,0.0178
25210,5042,-58.8024,5,0,0.8337,1440.4091,7.5224,0.1317,0.0178
25215,5043,5.6264,5,0,0.9339,1315.4048,9.7988,0.0647,0.0178
25220,5044,-26.3682,5,0,0.9013,1017.5468,8.3728,0.1147,0.0177
25225,5045,-58.9336,5,0,0.9586,1127.5354,9.9698,0.0396,0.0177
25230,5046,56.0892,5,0,0.8740,1444.8743,9.6952,2.2353,0.0177
25235,5047,-26.7026,5,0,0.9214,1446.3584,5.8082,0.0609,0.0177
25240,5048,-10.0167,5,0,0.8716,1399.1549,14.3723,0.1334,0.0177
25245,5049,5.7866,5,0,0.8695,970.7040,4.4189,0.0824,0.0177
25250,5050,-58.8300,5,0,0.8119,1462.2620,15.8913,0.1777,0.0177
25255,5051,-10.0809,5,0,0.8658,1220.8406,8.7140,0.1276,0.0177
25260,5052,23.4341,5,0,0.8397,1450.9370,7.9177,0.4211,0.0177
25265,5053,-10.5553,5,0,0.9237,919.0377,11.2371,0.0618,0.0177
25270,5054,-26.4785,5,0,0.9018,1432.7434,4.6312,0.0875,0.0177
25275,5055,-42.4226,5,0,0.8451,1242.7947,1.9612,0.1515,0.0177
25280,5056,-26.6394,5,0,0.9246,1420.4263,5.4623,0.0696,0.0176
25285,5057,-42.7170,5,0,0.8396,1245.4453,4.8332,0.0950,0.0176
25290,5058,56.5231,5,0,0.8644,1191.6985,7.0076,1.9137,0.0176
25295,5059,-10.0690,5,0,0.8513,1810.4971,2.2810,0.1188,0.0176
25300,5060,23.6463,5,0,0.8539,1056.1342,10.5750,1.6260,0.0176
25305,5061,-58.8769,5,0,0.9146,1334.8848,4.7783,0.0783,0.0176
25310,5062,6.0032,5,0,0.8167,1541.0061,6.2463,0.1092,0.0176
25315,5063,-58.8867,5,0,0.9185,1301.7988,12.0617,0.0729,0.0176
25320,5064,-10.4149,5,0,0.9010,1317.6084,5.6057,0.0785,0.0176
25325,5065,-26.5646,5,0,0.9051,1324.5745,11.9045,0.0870,0.0176
25330,5066,-42.7390,5,0,0.9295,1380.0283,5.2922,0.0643,0.0176
25335,5067,-10.3000,5,0,0.9111,1176.0775,6.5709,0.0945,0.0175
25340,5068,-42.7435,5,0,0.9115,1303.3750,5.5901,0.0775,0.0175
25345,5069,-9.7679,5,0,0.8436,1369.6697,6.4996,0.1723,0.0175
25350,5070,-26.2932,5,0,0.8644,1265.6519,9.1829,0.1432,0.0175
25355,5071,-42.1180,5,0,0.7506,1267.4214,8.8054,0.2871,0.0175
25360,5072,-26.2766,5,0,0.8554,1328.2332,10.6949,0.1465,0.0175
25365,5073,-25.8481,5,0,0.7423,1198.3895,2.8895,0.2197,0.0175
25370,5074,23.8601,5,0,0.8149,1152.3901,3.6614,0.9671,0.0175
25375,5075,-42.4218,5,0,0.8425,1154.1321,8.6098,0.1128,0.0175
25380,5076,-10.7734,5,0,0.9482,1376.2792,8.8552,0.0336,0.0175
25385,5077,-42.7630,5,0,0.9181,1324.3777,5.5939,0.0773,0.0175
25390,5078,-10.4235,5,0,0.9221,1270.8118,8.4024,0.0772,0.0175
25395,5079,-26.4969,5,0,0.9074,1081.5721,6.7731,0.1002,0.0174
25400,5080,-58.8077,5,0,0.8787,1396.6376,11.9253,0.1230,0.0174
25405,5081,-42.8284,5,0,0.9369,1047.4138,10.5097,0.0620,0.0174
25410,5082,-26.5946,5,0,0.9352,1218.4053,6.6916,0.0713,0.0174
25415,5083,-10.1227,5,0,0.8930,1402.9912,9.1155,0.1130,0.0174
25420,5084,-26.7271,5,0,0.8939,1345.6294,5.1238,0.0551,0.0174
25425,5085,-26.5229,5,0,0.9302,1306.9773,10.7961,0.0753,0.0174
25430,5086,-42.5667,5,0,0.7906,1169.0957,7.2054,0.1474,0.0174
25435,5087,-10.7862,5,0,0.9626,1398.5117,8.4497,0.0293,0.0174
25440,5088,-42.7635,5,0,0.8490,1131.5508,7.5486,0.0809,0.0174
25445,5089,-26.6926,5,0,0.9499,1188.3352,9.3846,0.0495,0.0174
25450,5090,-26.2120,5,0,0.8808,1271.6968,3.7135,0.1690,0.0173
25455,5091,-26.8530,5,0,0.9616,1694.6321,13.3693,0.0302,0.0173
25460,5092,23.5087,5,0,0.9158,1256.0237,1.9143,0.0693,0.0173
25465,5093,5.1865,5,0,0.9784,1270.5986,6.6024,0.0188,0.0173
25470,5094,-10.0625,5,0,0.8891,1140.3030,12.2818,0.1226,0.0173
25475,5095,-26.6083,5,0,0.9330,1187.5568,3.8863,0.0676,0.0173
25480,5096,-26.8996,5,0,0.9352,1142.8503,13.5166,0.0269,0.0173
25485,5097,-58.9488,5,0,0.7946,1400.4716,4.2535,0.3664,0.0173
25490,5098,55.3576,5,0,0.9376,1160.4348,11.6097,0.0366,0.0173
25495,5099,-42.8744,5,0,0.9346,1289.2361,10.7876,0.0623,0.0173
25500,5100,-42.7487,5,0,0.9201,1196.3201,9.2167,0.0685,0.0173
25505,5101,39.4558,5,0,0.9279,1550.2090,11.3210,2.7894,0.0173
25510,5102,-10.3255,5,0,0.9068,997.3324,9.0530,0.0880,0.0172
25515,5103,-42.8906,5,0,0.9636,1222.4672,8.6273,0.0337,0.0172
25520,5104,-75.0000,5,0,0.9302,1263.6890,9.2648,0.0628,0.0172
25525,5105,5.6142,5,0,0.9158,1099.4856,11.1424,0.0635,0.0172
25530,5106,-10.5316,5,0,0.9580,1209.3455,5.4007,0.0569,0.0172
25535,5107,-42.7062,5,0,0.9178,1250.6506,8.0114,0.0835,0.0172
25540,5108,-58.8398,5,0,0.9312,1174.8350,8.4728,0.0714,0.0172
25545,5109,-42.8632,5,0,0.9603,1629.4604,1.0597,0.0339,0.0172
25550,5110,-42.7005,5,0,0.8936,1025.5841,14.6621,0.1127,0.0172
25555,5111,40.7200,5,0,0.8209,1363.9424,9.0389,1.1872,0.0172
25560,5112,-26.6751,5,0,0.9395,1241.1737,7.4238,0.0489,0.0172
25565,5113,-10.2629,5,0,0.8633,1133.8547,5.9629,0.0845,0.0172
25570,5114,-42.8759,5,0,0.9648,1190.0901,7.5422,0.0260,0.0171
25575,5115,-26.6336,5,0,0.9340,1181.8999,10.1344,0.0630,0.0171
25580,5116,-42.7570,5,0,0.9216,1279.4536,3.8649,0.0732,0.0171
25585,5117,-42.7765,5,0,0.9455,1198.9155,7.5756,0.0504,0.0171
25590,5118,-58.8223,5,0,0.9019,1103.8427,6.6190,0.0934,0.0171
25595,5119,55.9845,5,0,0.8692,1443.2385,6.9851,2.3576,0.0171
25600,5120,39.6188,5,0,0.9032,1044.1082,5.1885,2.5244,0.0171
25605,5121,23.5916,5,0,0.8974,1087.6664,6.4982,1.9808,0.0171
25610,5122,-42.0635,5,0,0.6560,1040.6794,10.2129,0.2813,0.0171
25615,5123,-25.9835,5,0,0.8259,1091.3655,2.7815,0.1841,0.0171
25620,5124,-26.4484,5,0,0.7862,1437.3551,8.7021,0.1714,0.0171
25625,5125,-26.6724,5,0,0.9319,1480.8445,7.3502,0.0597,0.0170
25630,5126,-58.8547,5,0,0.9273,1377.6990,7.5743,0.0641,0.0170
25635,5127,-26.4867,5,0,0.9047,1235.6298,10.3235,0.0895,0.0170
25640,5128,-26.1897,5,0,0.8331,1256.6151,8.3683,0.1545,0.0170
25645,5129,-25.5500,5,0,0.7924,1245.0175,11.8247,0.2504,0.0170
25650,5130,23.2530,5,0,0.7727,1280.0056,10.7782,0.5377,0.0170
25655,5131,-9.3249,5,0,0.8179,1226.2319,7.6217,0.2271,0.0170
25660,5132,40.1015,5,0,0.8371,1167.4246,8.5552,1.1328,0.0170
25665,5133,-42.6280,5,0,0.8821,1204.5626,4.3620,0.1086,0.0170
25670,5134,-58.7506,5,0,0.8861,1128.0930,10.0774,0.1176,0.0170
25675,5135,-9.9055,5,0,0.8651,1244.3037,9.6480,0.1381,0.0170
25680,5136,5.4644,5,0,0.9492,1439.4917,9.1836,0.0476,0.0170
25685,5137,-75.0000,5,0,0.8631,1258.4030,6.2135,0.1446,0.0169
25690,5138,-26.6605,5,0,0.9479,1194.8378,8.0342,0.0590,0.0169
25695,5139,-42.3755,5,0,0.8116,1223.4883,2.0817,0.2131,0.0169
25700,5140,-42.3148,5,0,0.8355,1315.9629,2.5495,0.1994,0.0169
25705,5141,7.5294,5,0,0.8562,1068.9802,3.1575,1.5194,0.0169
25710,5142,5.6112,5,0,0.9403,924.1133,8.2830,0.0632,0.0169
25715,5143,40.7013,5,0,0.7581,1392.1228,5.9644,1.1703,0.0169
25720,5144,-58.8192,5,0,0.7216,1081.1965,3.4800,0.2933,0.0169
25725,5145,6.6171,5,0,0.7801,1305.1274,8.9733,0.1807,0.0169
25730,5146,-58.7377,5,0,0.8868,1265.2146,3.3477,0.1378,0.0169
25735,5147,-25.8353,5,0,0.7674,1217.1860,8.1790,0.2457,0.0169
25740,5148,-58.8023,5,0,0.9087,1259.4509,5.6897,0.0853,0.0169
25745,5149,7.2733,5,0,0.7505,1403.1548,2.6266,0.2588,0.0168
25750,5150,-25.7630,5,0,0.8250,1117.8232,9.5377,0.2289,0.0168
25755,5151,55.5408,5,0,0.9256,1203.1123,4.9204,0.0557,0.0168
25760,5152,-9.7605,5,0,0.8311,1188.2699,6.9881,0.1743,0.0168
25765,5153,23.7552,5,0,0.8749,1350.7545,12.3575,2.1403,0.0168
25770,5154,-42.5407,5,0,0.8452,1114.0642,4.2888,0.1485,0.0168
25775,5155,-42.2257,5,0,0.7550,1233.3103,9.9028,0.2682,0.0168
25780,5156,-58.6008,5,0,0.7665,1127.1497,9.8349,0.2090,0.0168
25785,5157,-26.6734,5,0,0.9392,1100.5449,4.5759,0.0501,0.0168
25790,5158,-25.3971,5,0,0.6974,1340.8911,10.5592,0.2218,0.0168
25795,5159,23.6181,5,0,0.8863,1221.7516,3.7312,1.8407,0.0168
25800,5160,-42.3110,5,0,0.8324,1280.3241,9.0723,0.1522,0.0168
25805,5161,-10.7458,5,0,0.9632,1136.9175,3.4352,0.0342,0.0167
25810,5162,-58.8668,5,0,0.8880,1431.4558,6.8924,0.1110,0.0167
25815,5163,-10.4466,5,0,0.9336,1324.6372,10.0921,0.0735,0.0167
25820,5164,-10.5682,5,0,0.9341,1431.3007,7.7698,0.0606,0.0167
25825,5165,7.5949,5,0,0.7658,1423.0282,7.6857,0.8614,0.0167
25830,5166,-10.4668,5,0,0.9243,1191.0204,13.2809,0.0709,0.0167
25835,5167,39.5476,5,0,0.9406,1087.6361,7.7700,1.5615,0.0167
25840,5168,-26.4539,5,0,0.9032,1392.4888,7.9485,0.0974,0.0167
25845,5169,-25.8622,5,0,0.7912,906.5603,10.0450,0.2075,0.0167
25850,5170,-58.8101,5,0,0.8927,1235.3782,1.1135,0.1187,0.0167
25855,5171,39.9483,5,0,0.7763,1146.8636,10.4049,0.9723,0.0167
25860,5172,-26.1671,5,0,0.8574,1255.3979,1.3114,0.1442,0.0167
25865,5173,-10.0751,5,0,0.8916,1232.2533,5.3707,0.1240,0.0166
25870,5174,5.5714,5,0,0.9371,1393.1097,8.3419,0.0591,0.0166
25875,5175,-10.4123,5,0,0.9292,987.5248,4.6829,0.0729,0.0166
25880,5176,-75.0000,5,0,0.9422,1392.4448,10.8039,0.0623,0.0166
25885,5177,-10.0162,5,0,0.8878,1130.3088,7.0448,0.1331,0.0166
25890,5178,-10.5052,5,0,0.8629,1217.4790,11.8084,0.0589,0.0166
25895,5179,39.9226,5,0,0.8568,969.1499,10.7091,1.6438,0.0166
25900,5180,39.9661,5,0,0.8702,1169.8521,8.3145,1.5757,0.0166
25905,5181,-10.4544,5,0,0.8156,1035.5918,12.1411,0.0973,0.0166
25910,5182,23.5321,5,0,0.8676,1547.9099,10.2508,2.3920,0.0166
25915,5183,7.2245,5,0,0.7846,1248.9038,9.9430,0.2518,0.0166
25920,5184,-26.5151,5,0,0.8626,906.1682,8.8857,0.1058,0.0166
25925,5185,56.2286,5,0,0.8529,1087.1257,6.2149,0.4828,0.0165
25930,5186,-42.3263,5,0,0.8187,1169.3926,9.8784,0.2000,0.0165
25935,5187,7.1566,5,0,0.7863,1180.0692,9.1543,0.2434,0.0165
25940,5188,-25.4713,5,0,0.7265,1299.0098,9.2810,0.2602,0.0165
25945,5189,-25.5992,5,0,0.7604,1321.3981,7.4146,0.2804,0.0165
25950,5190,-9.8038,5,0,0.8344,1081.8666,7.7086,0.1684,0.0165
25955,5191,-9.8785,5,0,0.8483,976.8633,11.2599,0.1544,0.0165
25960,5192,-58.6705,5,0,0.8535,1262.6450,5.5250,0.1699,0.0165
25965,5193,5.5699,5,0,0.9419,1119.3845,6.7243,0.0587,0.0165
25970,5194,-10.3633,5,0,0.9252,1397.6921,5.4360,0.0774,0.0165
25975,5195,-42.3473,5,0,0.8066,1170.4705,3.9078,0.1664,0.0165
25980,5196,5.5959,5,0,0.9373,1183.6064,9.7057,0.0615,0.0165
25985,5197,-37.6774,5,0,0.9140,1235.9474,8.1475,0.0862,0.0165
25990,5198,-42.5719,5,0,0.7894,1519.4287,2.3990,0.1438,0.0164
25995,5199,-10.2233,5,0,0.9025,1042.4546,12.0650,0.1001,0.0164
26000,5200,-10.2856,5,0,0.9003,1305.0056,5.5619,0.0959,0.0164
26005,5201,-10.0826,5,0,0.8869,1139.3019,5.7414,0.1209,0.0164
26010,5202,-42.4287,5,0,0.8854,1267.7748,8.6161,0.1352,0.0164
26015,5203,55.8453,5,0,0.9172,1473.5562,10.2902,2.4737,0.0164
26020,5204,-10.1891,5,0,0.8942,1242.4435,10.8481,0.1080,0.0164
26025,5205,-9.3352,5,0,0.7639,1225.0930,6.8103,0.2156,0.0164
26030,5206,-10.4637,5,0,0.9317,999.3367,7.4575,0.0650,0.0164
26035,5207,-58.7639,5,0,0.8449,1221.7107,6.7907,0.1683,0.0164
26040,5208,-25.8699,5,0,0.8339,1316.4561,5.7163,0.2006,0.0164
26045,5209,23.8615,5,0,0.8348,1875.6348,10.9401,0.7725,0.0164
26050,5210,24.0915,5,0,0.7447,1221.6409,0.7680,1.1937,0.0163
26055,5211,6.8451,5,0,0.8181,1246.8694,9.3601,0.2041,0.0163
26060,5212,55.6789,5,0,0.9123,1529.2468,7.5817,2.7540,0.0163
26065,5213,-9.4607,5,0,0.7580,1194.0378,8.0100,0.2302,0.0163
26070,5214,-10.2202,5,0,0.8751,1275.0681,11.7538,0.1125,0.0163
26075,5215,-25.6052,5,0,0.7797,1204.3083,7.4634,0.2632,0.0163
26080,5216,-9.6529,5,0,0.8319,1162.1104,6.8103,0.1844,0.0163
26085,5217,-26.3066,5,0,0.8682,1127.5918,14.5634,0.1272,0.0163
26090,5218,-9.9188,5,0,0.8556,1401.6498,2.8990,0.1366,0.0163
26095,5219,-9.4283,5,0,0.6896,1147.5438,12.0273,0.2127,0.0163
26100,5220,56.1051,5,0,0.8732,1222.0958,7.8501,1.7329,0.0163
26105,5221,-26.2309,5,0,0.8709,1397.8315,6.4936,0.1287,0.0163
26110,5222,-9.9615,5,0,0.7508,1326.0593,7.0308,0.1637,0.0162
26115,5223,-26.3585,5,0,0.8418,1455.2661,8.3358,0.1308,0.0162
26120,5224,-9.8215,5,0,0.8308,1255.4525,4.2809,0.1731,0.0162
26125,5225,40.8354,5,0,0.6884,1684.2407,3.7548,0.5813,0.0162
26130,5226,-26.0839,5,0,0.7292,1120.2440,4.9795,0.2282,0.0162
26135,5227,-42.3662,5,0,0.8456,1172.4866,5.3045,0.1798,0.0162
26140,5228,-9.4757,5,0,0.8082,1431.8878,10.6238,0.2123,0.0162
26145,5229,-42.4374,5,0,0.8317,1132.6503,6.3610,0.1751,0.0162
26150,5230,24.1792,5,0,0.7738,1135.3513,8.8929,0.9091,0.0162
26155,5231,-42.6159,5,0,0.9004,1105.3083,7.6814,0.1014,0.0162
26160,5232,6.3870,5,0,0.8317,1280.0955,12.4956,0.1505,0.0162
26165,5233,6.2595,5,0,0.8672,1340.9757,7.3658,0.1346,0.0162
26170,5234,-10.1132,5,0,0.8795,1253.2555,9.8903,0.1224,0.0162
26175,5235,-10.1386,5,0,0.8893,1319.0135,7.4789,0.1146,0.0161
26180,5236,-26.5438,5,0,0.8477,1299.2964,3.9580,0.0963,0.0161
26185,5237,-42.7725,5,0,0.9414,1057.3358,4.1506,0.0602,0.0161
26190,5238,6.5445,5,0,0.8000,1286.6360,8.2639,0.1699,0.0161
26195,5239,-58.6609,5,0,0.7827,1111.5378,3.3613,0.1682,0.0161
26200,5240,-42.5743,5,0,0.8892,1221.1469,7.5680,0.0812,0.0161
26205,5241,-26.7444,5,0,0.9460,902.9357,8.8651,0.0462,0.0161
26210,5242,6.6769,5,0,0.8353,1125.3420,9.5528,0.1844,0.0161
26215,5243,-26.5531,5,0,0.8723,1015.9401,7.1448,0.1045,0.0161
26220,5244,-75.0000,5,0,0.9268,1411.1938,7.2458,0.0698,0.0161
26225,5245,-42.7166,5,0,0.9018,1280.6503,16.6247,0.0843,0.0161
26230,5246,-42.7643,5,0,0.9302,1150.0231,2.8878,0.0684,0.0161
26235,5247,-9.9884,5,0,0.8536,1356.7305,5.2092,0.1321,0.0160
26240,5248,7.2851,5,0,0.9350,1139.2578,11.7960,1.5732,0.0160
26245,5249,23.5107,5,0,0.9038,1144.9297,3.9580,1.4482,0.0160
26250,5250,7.5448,5,0,0.7708,1281.4958,4.4998,0.4076,0.0160
26255,5251,5.7423,5,0,0.8985,1258.6052,9.0709,0.0776,0.0160
26260,5252,-26.3602,5,0,0.8640,1273.0095,8.6929,0.1078,0.0160
26265,5253,-26.7023,5,0,0.9452,1478.9839,6.1302,0.0543,0.0160
26270,5254,-42.5593,5,0,0.8305,1211.3563,5.1096,0.1171,0.0160
26275,5255,-58.8298,5,0,0.8999,1236.8660,5.8610,0.0996,0.0160
26280,5256,40.2128,5,0,0.8514,1136.9634,9.3478,1.5172,0.0160
26285,5257,-10.1587,5,0,0.8335,1067.0847,3.9123,0.1095,0.0160
26290,5258,-10.3896,5,0,0.9134,1688.4045,10.4048,0.0807,0.0160
26295,5259,55.7582,5,0,0.8844,1415.0242,0.1338,0.8333,0.0160
26300,5260,-26.2946,5,0,0.8842,1020.8817,11.7183,0.1206,0.0159
26305,5261,6.3462,5,0,0.8687,1095.6135,6.6661,0.1448,0.0159
26310,5262,-26.0999,5,0,0.8206,1174.5499,5.4100,0.1592,0.0159
26315,5263,6.7059,5,0,0.7917,1186.9893,6.1038,0.1890,0.0159
26320,5264,39.9686,5,0,0.8486,1100.2649,8.0104,0.4740,0.0159
26325,5265,-10.1386,5,0,0.8766,1441.2603,4.9742,0.1148,0.0159
26330,5266,-10.2989,5,0,0.8979,1405.9628,8.2469,0.0894,0.0159
26335,5267,-26.3443,5,0,0.8908,1392.4207,6.3704,0.1152,0.0159
26340,5268,-75.0000,5,0,0.8444,1524.2793,8.4950,0.1516,0.0159
26345,5269,5.5443,5,0,0.9424,1508.9111,3.9063,0.0560,0.0159
26350,5270,-42.6485,5,0,0.9205,1180.8445,11.1430,0.0874,0.0159
26355,5271,5.7632,5,0,0.9196,984.3368,7.5622,0.0794,0.0159
26360,5272,-10.0523,5,0,0.8206,1107.4241,8.6513,0.1258,0.0159
26365,5273,-26.3264,5,0,0.8891,1242.2958,2.9294,0.1186,0.0158
26370,5274,-10.1384,5,0,0.8733,1219.8364,6.0994,0.1185,0.0158
26375,5275,56.5654,5,0,0.7804,1185.7203,3.7882,0.9217,0.0158
26380,5276,-10.2025,5,0,0.8569,1287.1207,6.8940,0.1063,0.0158
26385,5277,-42.7433,5,0,0.9302,1155.1606,4.2792,0.0656,0.0158
26390,5278,-10.6197,5,0,0.9493,1241.7441,9.7154,0.0482,0.0158
26395,5279,7.3713,5,0,0.7564,1220.3882,3.3385,0.6244,0.0158
26400,5280,-42.8534,5,0,0.9273,1426.9581,7.8792,0.0513,0.0158
26405,5281,-26.6410,5,0,0.9426,1601.9714,5.9821,0.0547,0.0158
26410,5282,-26.2270,5,0,0.8780,907.2736,8.8110,0.1369,0.0158
26415,5283,-26.7391,5,0,0.9364,1107.9668,3.0936,0.0476,0.0158
26420,5284,-10.5428,5,0,0.9348,1705.6570,4.9791,0.0613,0.0158
26425,5285,-10.5132,5,0,0.9383,1281.7532,7.8969,0.0630,0.0157
26430,5286,5.7421,5,0,0.9168,1020.3312,11.3929,0.0772,0.0157
26435,5287,-42.5934,5,0,0.8620,1358.6011,5.6426,0.1172,0.0157
26440,5288,23.7788,5,0,0.8728,967.7538,6.9547,2.1655,0.0157
26445,5289,-42.7599,5,0,0.9366,1148.9486,7.4001,0.0594,0.0157
26450,5290,-26.5049,5,0,0.8866,1227.4897,7.4867,0.1141,0.0157
26455,5291,-42.5911,5,0,0.8653,1165.0764,8.8508,0.1188,0.0157
26460,5292,-26.3693,5,0,0.8778,1103.5314,2.9900,0.0868,0.0157
26465,5293,-42.4067,5,0,0.8141,1101.4846,12.5885,0.1093,0.0157
26470,5294,-42.7644,5,0,0.8981,965.3846,3.0766,0.0750,0.0157
26475,5295,-58.8479,5,0,0.9245,1216.3115,3.5615,0.0617,0.0157
26480,5296,-10.0885,5,0,0.8837,1162.3489,3.6495,0.1242,0.0157
26485,5297,5.4648,5,0,0.9482,1088.5990,6.3324,0.0476,0.0157
26490,5298,-75.0000,5,0,0.9542,1140.9731,7.0646,0.0467,0.0156
26495,5299,23.4133,5,0,0.8810,1525.8743,6.6366,2.5954,0.0156
26500,5300,5.6472,5,0,0.9272,1010.6228,6.6618,0.0669,0.0156
26505,5301,-9.6939,5,0,0.8348,1165.6436,3.7424,0.1720,0.0156
26510,5302,-26.6889,5,0,0.9444,1057.4253,7.6273,0.0516,0.0156
26515,5303,5.4350,5,0,0.9602,1271.9323,0.1724,0.0446,0.0156
26520,5304,5.7379,5,0,0.8817,1186.8131,5.1101,0.0772,0.0156
26525,5305,39.9579,5,0,0.8594,1068.4396,5.0592,1.5195,0.0156
26530,5306,-9.8516,5,0,0.8113,963.6649,9.3153,0.1690,0.0156
26535,5307,23.6599,5,0,0.8610,1160.5549,5.8231,0.1196,0.0156
26540,5308,-58.6781,5,0,0.8761,1126.5249,0.6294,0.1438,0.0156
26545,5309,-5.4774,5,0,0.9258,1408.9259,13.7157,0.0800,0.0156
26550,5310,-42.6204,5,0,0.8533,1254.5420,4.4967,0.1267,0.0156
26555,5311,40.3347,5,0,0.7676,1094.9340,8.2033,1.2217,0.0155
26560,5312,23.4545,5,0,0.9297,1227.5320,8.6255,0.5850,0.0155
26565,5313,7.2968,5,0,0.9002,1230.0469,1.3717,1.3965,0.0155
26570,5314,-26.7705,5,0,0.9396,1443.3446,5.6575,0.0476,0.0155
26575,5315,-42.4020,5,0,0.8448,1239.9969,8.8847,0.1626,0.0155
26580,5316,-10.3341,5,0,0.9149,1096.7151,5.7547,0.0916,0.0155
26585,5317,-10.1152,5,0,0.8787,1095.8396,4.4218,0.1198,0.0155
26590,5318,55.7590,5,0,0.9056,1127.7681,10.4312,2.6371,0.0155
26595,5319,-25.9258,5,0,0.7658,1177.0359,7.5475,0.2129,0.0155
26600,5320,24.1587,5,0,0.7220,1226.4417,9.1460,0.8865,0.0155
26605,5321,6.4019,5,0,0.8476,1359.6371,4.5584,0.1534,0.0155
26610,5322,-58.8030,5,0,0.8841,1060.9170,8.1115,0.1084,0.0155
26615,5323,56.3202,5,0,0.8425,1168.4286,5.5017,1.1859,0.0155
26620,5324,56.5250,5,0,0.8323,1456.1393,5.1413,1.4291,0.0154
26625,5325,-9.1994,5,0,0.7112,1358.3860,6.0343,0.2647,0.0154
26630,5326,-9.1907,5,0,0.6812,1286.6593,9.7527,0.2872,0.0154
26635,5327,-9.6476,5,0,0.7987,1226.4524,2.6598,0.1938,0.0154
26640,5328,-58.3541,5,0,0.6849,1543.8403,9.6555,0.2827,0.0154
26645,5329,-26.2569,5,0,0.7769,1138.7686,7.5985,0.1708,0.0154
26650,5330,-26.0419,5,0,0.8367,1313.1416,3.1009,0.1732,0.0154
26655,5331,-25.1932,5,0,0.6115,1296.6300,5.9022,0.3928,0.0154
26660,5332,-10.4283,5,0,0.9205,1388.8890,2.9691,0.0749,0.0154
26665,5333,-25.8017,5,0,0.7925,1416.0345,8.3739,0.2354,0.0154
26670,5334,-26.0475,5,0,0.8482,1182.1334,9.8075,0.1638,0.0154
26675,5335,-42.1464,5,0,0.7873,1108.9675,2.2878,0.2217,0.0154
26680,5336,5.8484,5,0,0.8397,1104.8605,9.7152,0.0896,0.0154
26685,5337,-10.6076,5,0,0.9474,932.7534,6.0853,0.0511,0.0153
26690,5338,-10.3321,5,0,0.8909,1423.6930,4.1340,0.0934,0.0153
26695,5339,-26.4136,5,0,0.9105,1062.1802,3.9331,0.1089,0.0153
26700,5340,-21.4710,5,0,0.9072,1080.3879,8.2781,0.0917,0.0153
26705,5341,6.3311,5,0,0.8408,1081.3881,6.9135,0.1433,0.0153
26710,5342,-42.3882,5,0,0.8697,1162.2516,7.0894,0.1532,0.0153
26715,5343,-26.5499,5,0,0.9163,1467.1842,2.0448,0.0799,0.0153
26720,5344,-42.8535,5,0,0.9580,1223.4442,9.7747,0.0395,0.0153
26725,5345,-10.0752,5,0,0.8855,1373.3662,2.8221,0.1227,0.0153
26730,5346,-10.2815,5,0,0.8962,933.4072,11.7795,0.0907,0.0153
26735,5347,5.4515,5,0,0.9575,1068.6814,8.1748,0.0462,0.0153
26740,5348,-10.0725,5,0,0.8867,1205.7114,11.6336,0.1220,0.0153
26745,5349,-42.6374,5,0,0.9046,1071.4537,10.7291,0.1059,0.0153
26750,5350,-10.3394,5,0,0.9229,1345.4093,12.6997,0.0850,0.0153
26755,5351,-26.5736,5,0,0.9311,1069.7744,2.4510,0.0740,0.0152
26760,5352,23.5846,5,0,0.8831,1022.1264,11.9457,0.8678,0.0152
26765,5353,-58.9460,5,0,0.9609,1154.0781,7.9631,0.0334,0.0152
26770,5354,-26.6905,5,0,0.9502,1376.1992,7.9606,0.0479,0.0152
26775,5355,5.8479,5,0,0.9191,1320.9861,8.6657,0.0889,0.0152
26780,5356,-42.7676,5,0,0.9346,1356.2407,3.1306,0.0669,0.0152
26785,5357,-58.9347,5,0,0.9285,960.7827,10.4363,0.0787,0.0152
26790,5358,-58.8739,5,0,0.9135,1421.5166,2.2199,0.0669,0.0152
26795,5359,-26.4740,5,0,0.8965,1505.5625,12.7026,0.0955,0.0152
26800,5360,-26.6673,5,0,0.9443,1153.8700,5.8232,0.0567,0.0152
26805,5361,-75.0000,5,0,0.8869,1368.4607,4.2854,0.1178,0.0152
26810,5362,-10.7626,5,0,0.9642,974.3746,11.1458,0.0299,0.0152
26815,5363,-42.5837,5,0,0.8741,1367.0940,7.5950,0.1208,0.0152
26820,5364,-42.7245,5,0,0.9262,1026.5472,10.8403,0.0745,0.0151
26825,5365,-58.8312,5,0,0.8880,1263.9696,4.1285,0.1068,0.0151
26830,5366,-53.9371,5,0,0.9707,1266.8494,5.0939,0.0300,0.0151
26835,5367,39.5741,5,0,0.9266,1309.5262,9.5539,0.5755,0.0151
26840,5368,-42.8119,5,0,0.9542,1331.5242,8.4000,0.0471,0.0151
26845,5369,-42.9108,5,0,0.8851,1149.7168,7.1195,0.0837,0.0151
26850,5370,-26.7248,5,0,0.9547,1352.2397,5.4037,0.0454,0.0151
26855,5371,-42.9220,5,0,0.9742,1149.2236,6.9807,0.0236,0.0151
26860,5372,55.2562,5,0,0.9729,1308.4220,2.0524,1.4441,0.0151
26865,5373,-10.8377,5,0,0.9303,987.0082,5.9339,0.0309,0.0151
26870,5374,-10.4017,5,0,0.9237,1261.7178,9.2138,0.0802,0.0151
26875,5375,-42.8684,5,0,0.9587,1201.8519,-2.8133,0.0382,0.0151
26880,5376,55.7011,5,0,0.9204,1372.7373,6.7280,0.5624,0.0151
26885,5377,-10.6913,5,0,0.9553,1382.7555,5.3610,0.0375,0.0150
26890,5378,-42.7811,5,0,0.9325,1236.2063,8.5455,0.0535,0.0150
26895,5379,-42.8525,5,0,0.9640,1243.4915,6.7761,0.0349,0.0150
26900,5380,39.6376,5,0,0.9088,1170.3806,4.9282,0.5423,0.0150
26905,5381,5.5249,5,0,0.9382,1122.2854,11.2918,0.0541,0.0150
26910,5382,-10.3727,5,0,0.9160,993.1643,6.6854,0.0814,0.0150
26915,5383,-58.9178,5,0,0.9573,1283.8616,2.7932,0.0442,0.0150
26920,5384,-26.8291,5,0,0.9675,1018.9200,5.8637,0.0295,0.0150
26925,5385,56.0940,5,0,0.8616,1228.0012,1.5266,1.6719,0.0150
26930,5386,-42.7866,5,0,0.9143,1301.9102,4.6378,0.0757,0.0150
26935,5387,-42.7975,5,0,0.9489,1096.0917,4.4450,0.0481,0.0150
26940,5388,-10.7729,5,0,0.9676,1118.2732,5.7129,0.0265,0.0150
26945,5389,-42.8523,5,0,0.9522,1371.4790,8.6602,0.0452,0.0150
26950,5390,55.8792,5,0,0.8806,1426.3245,12.5632,0.8201,0.0150
26955,5391,23.4796,5,0,0.8317,1284.1592,6.1930,0.3875,0.0149
26960,5392,55.4982,5,0,0.9461,1234.2924,7.4859,0.0513,0.0149
26965,5393,-42.6793,5,0,0.8796,1511.9200,5.0499,0.0853,0.0149
26970,5394,-58.8323,5,0,0.9162,1462.1418,8.1032,0.0935,0.0149
26975,5395,-58.8828,5,0,0.9490,1390.7029,1.8298,0.0486,0.0149
26980,5396,-26.7904,5,0,0.9605,1386.0281,8.0092,0.0362,0.0149
26985,5397,-26.4797,5,0,0.8435,1173.8352,2.0377,0.0964,0.0149
26990,5398,23.3888,5,0,0.9209,1328.4614,9.8410,1.0398,0.0149
26995,5399,23.3239,5,0,0.9311,1310.7959,5.6617,1.0957,0.0149
27000,5400,-10.1567,5,0,0.8966,1338.0935,-1.1451,0.1122,0.0149
27005,5401,-10.7698,5,0,0.9663,1449.0647,2.2769,0.0297,0.0149
27010,5402,-10.1870,5,0,0.9044,1298.6029,4.4988,0.0994,0.0149
27015,5403,-10.5862,5,0,0.9265,1580.1921,4.1514,0.0585,0.0149
27020,5404,-26.6174,5,0,0.8952,1358.6877,5.9969,0.0831,0.0148
27025,5405,5.9721,5,0,0.9195,1255.2112,8.2226,0.1027,0.0148
27030,5406,-42.4821,5,0,0.8692,1347.1853,7.4629,0.1374,0.0148
27035,5407,-26.3121,5,0,0.8772,1273.9697,8.2575,0.1071,0.0148
27040,5408,-26.8330,5,0,0.9700,1124.3594,3.7880,0.0284,0.0148
27045,5409,-42.9042,5,0,0.9072,1033.0006,5.1942,0.0641,0.0148
27050,5410,-26.7150,5,0,0.9524,1239.8024,6.9553,0.0433,0.0148
27055,5411,-26.8254,5,0,0.9668,1324.7434,5.9495,0.0276,0.0148
27060,5412,-42.6591,5,0,0.9104,1296.0212,4.7350,0.0895,0.0148
27065,5413,-26.7924,5,0,0.9668,817.6871,11.9290,0.0335,0.0148
27070,5414,5.2508,5,0,0.9700,1063.1992,-2.3991,0.0254,0.0148
27075,5415,-26.7197,5,0,0.9547,1097.2583,5.2299,0.0427,0.0148
27080,5416,-42.8599,5,0,0.9520,1426.2137,9.0685,0.0366,0.0148
27085,5417,-26.7371,5,0,0.9542,1295.4766,4.2647,0.0462,0.0148
27090,5418,-10.4552,5,0,0.9377,1351.7501,13.9958,0.0674,0.0147
27095,5419,-26.7780,5,0,0.9512,1262.6506,3.0658,0.0323,0.0147
27100,5420,39.3070,5,0,0.9491,1129.4937,4.7759,2.4855,0.0147
27105,5421,-42.8901,5,0,0.9670,1286.2136,10.3561,0.0288,0.0147
27110,5422,55.6386,5,0,0.9195,1041.3850,1.7262,0.5532,0.0147
27115,5423,-42.7889,5,0,0.9357,1192.8972,9.6842,0.0608,0.0147
27120,5424,-42.9225,5,0,0.9700,1199.2947,3.7063,0.0255,0.0147
27125,5425,-58.9148,5,0,0.8812,1170.4589,6.7798,0.0822,0.0147
27130,5426,-42.8096,5,0,0.8384,1052.6683,10.6079,0.1047,0.0147
27135,5427,-26.7729,5,0,0.9659,1106.6343,11.3911,0.0391,0.0147
27140,5428,-42.7730,5,0,0.9437,1620.6348,7.3439,0.0569,0.0147
27145,5429,5.2856,5,0,0.9695,1142.5104,8.6041,0.0290,0.0147
27150,5430,56.3740,5,0,0.7952,1079.8966,4.4233,0.9525,0.0147
27155,5431,-10.6262,5,0,0.9447,1403.5375,7.5784,0.0479,0.0147
27160,5432,-10.7405,5,0,0.9600,1179.9043,1.4368,0.0358,0.0146
27165,5433,-26.5830,5,0,0.8598,1409.8638,12.5301,0.4612,0.0146
27170,5434,5.3963,5,0,0.9473,1244.4290,2.6900,0.0405,0.0146
27175,5435,23.8165,5,0,0.7406,1320.5850,9.4526,0.8334,0.0146
27180,5436,-26.5891,5,0,0.9395,1186.5164,5.6410,0.0762,0.0146
27185,5437,-26.7496,5,0,0.9581,1155.4324,7.0133,0.0400,0.0146
27190,5438,5.4671,5,0,0.9484,1265.9238,6.5342,0.0479,0.0146
27195,5439,-58.9059,5,0,0.8746,1221.7428,12.0802,0.0788,0.0146
27200,5440,6.3289,5,0,0.8255,1344.6543,5.1256,0.1439,0.0146
27205,5441,-26.7721,5,0,0.9677,1464.2222,12.3738,0.0415,0.0146
27210,5442,-42.4122,5,0,0.8359,1338.7246,5.4566,0.1296,0.0146
27215,5443,39.6567,5,0,0.8544,1203.8860,3.0835,0.4539,0.0146
27220,5444,23.2973,5,0,0.9372,1354.9302,1.6899,2.9029,0.0146
27225,5445,-10.6144,5,0,0.9428,1240.2551,7.3124,0.0482,0.0145
27230,5446,23.8566,5,0,0.7488,1146.1265,5.9613,0.8757,0.0145
27235,5447,-26.1546,5,0,0.8734,1285.5762,2.9787,0.1382,0.0145
27240,5448,-26.2521,5,0,0.7909,1039.8301,5.3433,0.1013,0.0145
27245,5449,24.0752,5,0,0.7432,960.3114,8.5085,0.3752,0.0145
27250,5450,-10.7336,5,0,0.9620,1106.3047,8.3896,0.0318,0.0145
27255,5451,23.7547,5,0,0.8358,1493.2400,9.7607,1.1050,0.0145
27260,5452,-58.7973,5,0,0.8170,1254.3923,4.1794,0.1398,0.0145
27265,5453,6.4805,5,0,0.7244,1104.5801,6.5641,0.1635,0.0145
27270,5454,57.3351,5,0,0.7618,1352.0649,1.3435,1.4856,0.0145
27275,5455,-42.4069,5,0,0.8475,1302.9211,8.4394,0.1272,0.0145
27280,5456,-10.1305,5,0,0.9023,1013.9828,6.6349,0.1118,0.0145
27285,5457,-10.0341,5,0,0.8704,1431.5549,5.6621,0.1313,0.0145
27290,5458,56.3872,5,0,0.8016,1147.9742,10.3438,0.4293,0.0145
27295,5459,-10.3131,5,0,0.9134,891.0085,5.5906,0.0920,0.0144
27300,5460,-42.6961,5,0,0.9053,1490.2083,10.4646,0.0961,0.0144
27305,5461,-9.9157,5,0,0.6783,1084.6176,8.9715,0.1942,0.0144
27310,5462,-41.0763,5,0,0.5369,1260.0667,5.6969,0.6060,0.0144
27315,5463,-26.4495,5,0,0.8349,1313.6279,7.7417,0.1024,0.0144
27320,5464,24.0705,5,0,0.7680,1196.2256,8.4009,0.6186,0.0144
27325,5465,6.4171,5,0,0.8396,1130.1499,10.1429,0.1533,0.0144
27330,5466,-26.2932,5,0,0.9057,1138.8245,4.3320,0.1194,0.0144
27335,5467,6.5373,5,0,0.8064,1159.4392,9.0714,0.1711,0.0144
27340,5468,-42.5748,5,0,0.8598,1457.5311,4.0423,0.1344,0.0144
27345,5469,-26.1140,5,0,0.8531,1125.7491,11.9607,0.1428,0.0144
27350,5470,-10.7634,5,0,0.9659,1290.6245,6.5127,0.0306,0.0144
27355,5471,-10.8250,5,0,0.9759,1222.3696,1.7750,0.0226,0.0144
27360,5472,-42.7257,5,0,0.9107,1347.0612,10.6326,0.0842,0.0144
27365,5473,55.8591,5,0,0.8810,1301.5070,2.7913,1.2393,0.0143
27370,5474,-58.9321,5,0,0.8675,1447.0337,10.4864,0.1097,0.0143
27375,5475,-58.9292,5,0,0.9646,1483.7961,5.4548,0.0573,0.0143
27380,5476,-10.5022,5,0,0.9372,1193.8151,2.3609,0.0618,0.0143
27385,5477,-26.4638,5,0,0.9245,1265.9457,9.5694,0.0869,0.0143
27390,5478,-26.8679,5,0,0.9694,1123.6263,6.1370,0.0251,0.0143
27395,5479,-26.4587,5,0,0.8907,1080.2288,11.3614,0.0798,0.0143
27400,5480,-26.3378,5,0,0.9007,1196.7064,1.3413,0.0968,0.0143
27405,5481,-42.9079,5,0,0.9646,1358.2437,10.4344,0.0303,0.0143
27410,5482,-9.7982,5,0,0.8758,1376.6873,8.4386,0.1534,0.0143
27415,5483,-42.6852,5,0,0.8852,1202.8573,2.9790,0.0804,0.0143
27420,5484,-42.7549,5,0,0.8736,907.4775,13.8976,0.0987,0.0143
27425,5485,-26.4072,5,0,0.9133,1160.7378,3.1825,0.1074,0.0143
27430,5486,-10.3216,5,0,0.8844,1277.1333,10.0656,0.0969,0.0143
27435,5487,-42.2217,5,0,0.8441,1023.2978,1.7478,0.1736,0.0143
27440,5488,-42.8457,5,0,0.8468,1024.1333,5.2667,0.0995,0.0142
27445,5489,5.1260,5,0,0.9874,991.5852,8.7328,0.0127,0.0142
27450,5490,-75.0000,5,0,0.9520,1040.9929,2.5310,0.0495,0.0142
27455,5491,-5.6763,5,0,0.9641,1223.1042,11.1276,0.0404,0.0142
27460,5492,-10.4468,5,0,0.9092,1160.0134,4.6941,0.0767,0.0142
27465,5493,-10.1469,5,0,0.8790,1139.4932,9.8492,0.0958,0.0142
27470,5494,-42.5891,5,0,0.8593,1060.3813,5.1844,0.1109,0.0142
27475,5495,-10.6875,5,0,0.9656,1076.5168,2.9971,0.0417,0.0142
27480,5496,7.2201,5,0,0.9516,943.4817,13.8683,2.8794,0.0142
27485,5497,-26.7222,5,0,0.9529,1270.8142,7.2308,0.0476,0.0142
27490,5498,-9.9750,5,0,0.8788,1004.3940,7.0697,0.1205,0.0142
27495,5499,40.4044,5,0,0.7520,1172.3193,13.2851,0.4059,0.0142
27500,5500,-10.4848,5,0,0.9133,1289.1570,3.8219,0.0603,0.0142
27505,5501,-26.7199,5,0,0.9331,1276.2593,8.1483,0.0508,0.0142
27510,5502,-26.6946,5,0,0.9496,1382.3936,9.8960,0.0523,0.0141
27515,5503,-26.5221,5,0,0.9078,1209.0914,7.8027,0.0855,0.0141
27520,5504,-26.8219,5,0,0.9644,1264.2515,7.6125,0.0313,0.0141
27525,5505,-42.8213,5,0,0.9575,1240.7833,7.4011,0.0418,0.0141
27530,5506,-26.5499,5,0,0.8943,952.7268,5.6719,0.0780,0.0141
27535,5507,-26.3960,5,0,0.8625,1299.5894,11.4815,0.1433,0.0141
27540,5508,-26.7597,5,0,0.9350,1255.8116,10.2995,0.0386,0.0141
27545,5509,-10.5316,5,0,0.9132,1364.5037,5.9634,0.0602,0.0141
27550,5510,5.1485,5,0,0.9838,1138.8369,12.4176,0.0150,0.0141
27555,5511,-42.7835,5,0,0.9208,1023.7342,7.1114,0.0655,0.0141
27560,5512,-26.3814,5,0,0.7678,1358.8948,6.8326,0.1472,0.0141
27565,5513,-42.8890,5,0,0.9488,1169.6382,6.3410,0.0379,0.0141
27570,5514,5.3816,5,0,0.9592,972.7420,5.7700,0.0392,0.0141
27575,5515,-26.5576,5,0,0.8817,1381.8542,9.6090,0.0643,0.0141
27580,5516,5.9309,5,0,0.9010,1115.8318,9.4310,0.0984,0.0140
27585,5517,-42.7399,5,0,0.9350,1242.4513,5.3311,0.0556,0.0140
27590,5518,-26.5835,5,0,0.9414,1330.8540,5.4129,0.0794,0.0140
27595,5519,39.2826,5,0,0.9501,1302.1423,14.8400,3.4069,0.0140
27600,5520,39.3444,5,0,0.9419,1116.9662,6.4172,0.6007,0.0140
27605,5521,-26.6504,5,0,0.9361,1127.3894,4.8630,0.0625,0.0140
27610,5522,-42.1380,5,0,0.8054,1245.6487,3.9103,0.1782,0.0140
27615,5523,-26.8488,5,0,0.9717,1123.8649,8.9119,0.0257,0.0140
27620,5524,-26.7703,5,0,0.9007,1298.0647,7.5194,0.0698,0.0140
27625,5525,-26.6202,5,0,0.9418,1057.7484,7.4395,0.0610,0.0140
27630,5526,-26.7019,5,0,0.9347,1346.3441,4.9609,0.0537,0.0140
27635,5527,-26.6349,5,0,0.9249,1065.2897,1.1390,0.0681,0.0140
27640,5528,-58.8323,5,0,0.9233,1181.7698,0.1914,0.0819,0.0140
27645,5529,-10.7905,5,0,0.9730,884.2562,6.7756,0.0279,0.0140
27650,5530,5.7736,5,0,0.9220,1173.5126,1.1049,0.0807,0.0139
27655,5531,5.6896,5,0,0.9380,1320.0801,4.7704,0.0715,0.0139
27660,5532,-75.0000,5,0,0.8989,1173.3729,5.6852,0.0493,0.0139
27665,5533,-42.9046,5,0,0.9756,1204.0720,2.7556,0.0234,0.0139
27670,5534,-26.3635,5,0,0.9209,1093.8885,6.7413,0.1293,0.0139
27675,5535,-26.5634,5,0,0.9271,1055.5972,4.4896,0.0619,0.0139
27680,5536,39.8748,5,0,0.8719,1109.1155,4.4234,1.2243,0.0139
27685,5537,-37.8174,5,0,0.9286,1361.9688,9.4786,0.0393,0.0139
27690,5538,-26.9114,5,0,0.9894,1143.1664,6.9090,0.0145,0.0139
27695,5539,-10.5163,5,0,0.9163,1215.4214,9.4558,0.0602,0.0139
27700,5540,-10.7143,5,0,0.9570,1295.7791,7.8459,0.0327,0.0139
27705,5541,-26.6521,5,0,0.9521,1177.4592,6.8839,0.0538,0.0139
27710,5542,-10.2353,5,0,0.9095,1098.4404,3.9766,0.1009,0.0139
27715,5543,-42.4919,5,0,0.8439,1454.0796,7.7509,0.1196,0.0139
27720,5544,-58.9449,5,0,0.9729,1121.5696,2.7339,0.0265,0.0139
27725,5545,-42.8648,5,0,0.9644,1358.7775,5.8850,0.0296,0.0138
27730,5546,-26.7215,5,0,0.9504,1436.9265,9.6196,0.0491,0.0138
27735,5547,39.4999,5,0,0.9139,1525.9125,-1.3442,1.0101,0.0138
27740,5548,-26.7267,5,0,0.9639,1336.2275,6.5770,0.0417,0.0138
27745,5549,-10.5610,5,0,0.9484,1167.3940,5.9663,0.0596,0.0138
27750,5550,23.1176,5,0,0.9732,1345.8942,5.7067,3.0126,0.0138
27755,5551,-10.3925,5,0,0.8863,1271.9116,7.3813,0.0696,0.0138
27760,5552,-26.7560,5,0,0.9446,1088.5840,10.1819,0.0388,0.0138
27765,5553,5.8916,5,0,0.8496,1528.9900,3.0416,0.0961,0.0138
27770,5554,-26.4413,5,0,0.9218,1366.3762,8.0296,0.1012,0.0138
27775,5555,-10.2474,5,0,0.9177,1227.4185,9.2190,0.0813,0.0138
27780,5556,-26.6161,5,0,0.9337,1263.8308,7.0586,0.0770,0.0138
27785,5557,7.1886,5,0,0.9216,1515.5071,2.2653,0.5494,0.0138
27790,5558,23.3062,5,0,0.9160,1107.7493,8.0526,2.7311,0.0138
27795,5559,-26.8600,5,0,0.9702,1465.0873,9.7017,0.0256,0.0138
27800,5560,-26.6076,5,0,0.9356,1269.0249,2.6051,0.0749,0.0137
27805,5561,-42.8937,5,0,0.8596,1656.5645,10.8604,0.0529,0.0137
27810,5562,-26.5217,5,0,0.9083,1425.0411,6.9093,0.0911,0.0137
27815,5563,-58.4736,5,0,0.7475,1342.7462,4.0685,0.2836,0.0137
27820,5564,5.7734,5,0,0.9335,1503.0316,6.3405,0.0816,0.0137
27825,5565,-26.4873,5,0,0.9124,1275.2375,3.0157,0.0975,0.0137
27830,5566,-10.6360,5,0,0.9556,1067.2700,8.8550,0.0464,0.0137
27835,5567,-26.4321,5,0,0.9100,1380.6558,2.7231,0.0737,0.0137
27840,5568,-58.8447,5,0,0.9352,1254.9956,4.4343,0.0719,0.0137
27845,5569,-42.7466,5,0,0.9209,1156.0309,12.2147,0.0736,0.0137
27850,5570,39.8540,5,0,0.8349,1318.0574,6.6746,2.1972,0.0137
27855,5571,-26.8104,5,0,0.9573,1282.5784,10.7035,0.0355,0.0137
27860,5572,-8.6650,5,0,0.8179,1255.5167,2.1899,0.4155,0.0137
27865,5573,-58.9465,5,0,0.8883,1407.5479,7.7645,0.0538,0.0137
27870,5574,-58.9244,5,0,0.8151,1479.5540,4.5059,0.1073,0.0136
27875,5575,6.5049,5,0,0.8389,1385.9823,8.4186,0.1634,0.0136
27880,5576,-9.9009,5,0,0.8110,1370.0265,8.5719,0.1643,0.0136
27885,5577,-26.7881,5,0,0.9495,1064.8413,1.8364,0.0279,0.0136
27890,5578,5.8611,5,0,0.9131,1181.1891,8.2335,0.0902,0.0136
27895,5579,40.6554,5,0,0.6803,1314.0796,6.0089,0.5734,0.0136
27900,5580,-42.5348,5,0,0.8503,1169.2820,6.0574,0.0759,0.0136
27905,5581,-10.3037,5,0,0.8765,950.8976,6.2164,0.1039,0.0136
27910,5582,6.6433,5,0,0.8737,1291.8116,4.0812,0.1807,0.0136
27915,5583,23.1994,5,0,0.8947,924.6155,10.1163,0.4766,0.0136
27920,5584,-26.4068,5,0,0.8818,1431.6177,4.2633,0.1111,0.0136
27925,5585,-75.0000,5,0,0.9311,1423.5690,6.4800,0.0423,0.0136
27930,5586,-58.8519,5,0,0.9259,1386.3801,3.1490,0.0855,0.0136
27935,5587,5.3974,5,0,0.9595,1340.9979,8.4623,0.0406,0.0136
27940,5588,-21.9095,5,0,0.9487,976.7211,8.6915,0.0234,0.0136
27945,5589,-8.8120,5,0,0.9058,1350.7019,10.5445,1.4167,0.0135
27950,5590,7.4177,5,0,0.8735,1342.7554,9.0089,1.1646,0.0135
27955,5591,5.3014,5,0,0.9656,966.8976,9.0075,0.0306,0.0135
27960,5592,-10.5307,5,0,0.8849,1406.9990,6.9899,0.0729,0.0135
27965,5593,-42.5818,5,0,0.8848,1395.5237,7.6143,0.1177,0.0135
27970,5594,-26.5196,5,0,0.9374,1424.0393,4.8645,0.0674,0.0135
27975,5595,-10.7466,5,0,0.9806,1832.0598,8.0795,0.0297,0.0135
27980,5596,-42.5142,5,0,0.8164,1355.2769,2.4436,0.1358,0.0135
27985,5597,-42.3693,5,0,0.8548,1455.1091,6.6662,0.1476,0.0135
27990,5598,-26.3377,5,0,0.7568,1331.6206,8.6733,0.1594,0.0135
27995,5599,23.2446,5,0,0.9385,1144.0664,2.3719,3.1253,0.0135
28000,5600,-26.3791,5,0,0.8690,1188.4540,6.1159,0.1219,0.0135
28005,5601,-42.8478,5,0,0.8915,1123.2869,4.4109,0.0824,0.0135
28010,5602,-10.5708,5,0,0.9430,1319.4042,13.2595,0.0542,0.0135
28015,5603,-10.7676,5,0,0.9687,1364.9692,4.0350,0.0296,0.0135
28020,5604,-42.7669,5,0,0.8950,1155.4216,9.0045,0.0826,0.0134
28025,5605,-10.2818,5,0,0.8962,1230.9846,9.0577,0.0888,0.0134
28030,5606,55.9371,5,0,0.8915,1416.5657,3.0459,1.7729,0.0134
28035,5607,-10.2386,5,0,0.8953,1146.3102,7.4538,0.0999,0.0134
28040,5608,23.2653,5,0,0.9502,1341.5739,9.5188,3.2887,0.0134
28045,5609,40.1076,5,0,0.8300,1182.0168,9.1848,1.9316,0.0134
28050,5610,57.4830,5,0,0.7317,1261.7732,5.5705,0.6487,0.0134
28055,5611,-26.3489,5,0,0.8585,1145.0253,4.9696,0.1301,0.0134
28060,5612,-42.6360,5,0,0.8915,1067.8607,10.1919,0.0989,0.0134
28065,5613,-25.3710,5,0,0.6757,1320.1063,2.9332,0.2913,0.0134
28070,5614,-9.7617,5,0,0.8294,1279.1737,8.7035,0.1523,0.0134
28075,5615,7.6441,5,0,0.6372,1067.9885,3.0875,0.5042,0.0134
28080,5616,-9.6735,5,0,0.8427,1151.7548,5.5665,0.1843,0.0134
28085,5617,-9.7521,5,0,0.7618,1491.8544,5.5586,0.1761,0.0134
28090,5618,39.6746,5,0,0.8976,1479.8595,3.6892,0.5229,0.0134
28095,5619,-25.8252,5,0,0.6647,1143.7155,9.8861,0.3012,0.0133
28100,5620,-75.0000,5,0,0.8061,1280.5122,5.8928,0.2079,0.0133
28105,5621,-42.2657,5,0,0.8196,1113.0042,10.3416,0.1973,0.0133
28110,5622,-42.0710,5,0,0.7579,1178.2560,11.1207,0.2839,0.0133
28115,5623,-10.2408,5,0,0.8971,1609.8813,0.6664,0.1015,0.0133
28120,5624,-42.3823,5,0,0.8352,1271.6116,10.2145,0.1589,0.0133
28125,5625,-42.3538,5,0,0.8287,1160.2218,2.0425,0.1776,0.0133
28130,5626,-10.0376,5,0,0.8796,1153.6764,4.7196,0.1279,0.0133
28135,5627,-26.1820,5,0,0.7884,1251.0846,7.6645,0.1659,0.0133
28140,5628,-26.2573,5,0,0.8866,1175.0964,2.4206,0.1033,0.0133
28145,5629,7.2942,5,0,0.7339,1107.0455,9.1375,0.2639,0.0133
28150,5630,7.6631,5,0,0.8378,1305.9961,2.6900,2.1837,0.0133
28155,5631,-10.3298,5,0,0.9084,1167.7990,8.2780,0.0830,0.0133
28160,5632,-42.2804,5,0,0.7898,1402.9348,3.7208,0.2266,0.0133
28165,5633,-9.6669,5,0,0.8341,1439.1475,7.3813,0.1822,0.0133
28170,5634,-42.3416,5,0,0.8127,1303.5625,6.0765,0.1588,0.0133
28175,5635,-58.6010,5,0,0.8420,1000.0353,11.1978,0.1693,0.0132
28180,5636,5.3063,5,0,0.9670,1285.3433,9.0374,0.0311,0.0132
28185,5637,39.6586,5,0,0.8862,1120.5435,5.7798,0.0868,0.0132
28190,5638,-58.9180,5,0,0.8897,1399.2878,9.6896,0.1204,0.0132
28195,5639,5.9136,5,0,0.9105,1065.5657,9.0271,0.0958,0.0132
28200,5640,-58.7800,5,0,0.8310,1289.7880,9.2445,0.1633,0.0132
28205,5641,-26.4802,5,0,0.9200,1183.8542,4.5637,0.0822,0.0132
28210,5642,57.1593,5,0,0.7771,1097.2616,9.5649,1.0913,0.0132
28215,5643,-10.3871,5,0,0.8885,1048.2168,4.4869,0.0811,0.0132
28220,5644,-25.8673,5,0,0.7328,1433.8011,4.7434,0.2091,0.0132
28225,5645,39.5086,5,0,0.8616,1304.0181,9.3894,0.7774,0.0132
28230,5646,-26.6000,5,0,0.9243,1074.9318,6.6006,0.0712,0.0132
28235,5647,-42.5894,5,0,0.8905,1150.5620,6.2921,0.1106,0.0132
28240,5648,-26.7742,5,0,0.9627,1467.8154,5.8986,0.0353,0.0132
28245,5649,-9.9187,5,0,0.8360,1228.5867,8.7590,0.1363,0.0132
28250,5650,-10.7047,5,0,0.9506,1193.3853,9.1205,0.0348,0.0131
28255,5651,-42.5409,5,0,0.8857,1382.4915,2.7356,0.1225,0.0131
28260,5652,-9.2775,5,0,0.7522,1175.2588,11.4908,0.2522,0.0131
28265,5653,-58.8796,5,0,0.9274,1210.9314,7.4940,0.0718,0.0131
28270,5654,-42.4001,5,0,0.8446,1164.0286,7.8983,0.1764,0.0131
28275,5655,-26.8721,5,0,0.9724,1545.9923,7.3416,0.0233,0.0131
28280,5656,55.7143,5,0,0.9124,1250.3445,6.1216,0.9291,0.0131
28285,5657,-58.4050,5,0,0.7264,1484.5651,3.3639,0.2625,0.0131
28290,5658,-26.8471,5,0,0.9716,998.4937,8.1355,0.0262,0.0131
28295,5659,-26.0426,5,0,0.7795,1141.9629,4.5072,0.2154,0.0131
28300,5660,-10.1582,5,0,0.8934,1397.6736,1.1820,0.1242,0.0131
28305,5661,-26.2913,5,0,0.8881,1207.1677,6.3833,0.1397,0.0131
28310,5662,-10.5370,5,0,0.8986,1199.6899,5.1202,0.0691,0.0131
28315,5663,-75.0000,5,0,0.9316,1244.8674,7.0052,0.0594,0.0131
28320,5664,-42.8920,5,0,0.9728,924.0387,6.4560,0.0265,0.0131
28325,5665,-58.9654,5,0,0.9140,1270.9897,5.7710,0.0764,0.0130
28330,5666,-75.0000,5,0,0.9397,1387.4208,11.1414,0.0551,0.0130
28335,5667,-58.8909,5,0,0.9191,1244.0557,6.4454,0.0878,0.0130
28340,5668,23.7913,5,0,0.8383,1603.0442,13.2961,1.4885,0.0130
28345,5669,-26.5838,5,0,0.9243,1309.8335,3.6681,0.0727,0.0130
28350,5670,5.2719,5,0,0.9656,1032.8257,12.0608,0.0276,0.0130
28355,5671,-26.6141,5,0,0.9094,963.2655,4.7719,0.0856,0.0130
28360,5672,23.7631,5,0,0.8505,980.0547,8.5526,1.0507,0.0130
28365,5673,-42.5953,5,0,0.9015,1375.5146,4.3311,0.1090,0.0130
28370,5674,55.3619,5,0,0.9646,1141.3535,6.3567,0.6976,0.0130
28375,5675,-26.2575,5,0,0.8394,1274.3549,8.8544,0.1302,0.0130
28380,5676,7.2939,5,0,0.9259,1223.4114,4.4953,2.5977,0.0130
28385,5677,5.2935,5,0,0.9680,1258.9991,6.6546,0.0298,0.0130
28390,5678,-58.8322,5,0,0.7301,1333.0024,5.9105,0.2574,0.0130
28395,5679,56.6778,5,0,0.7957,1189.6641,10.2683,0.4590,0.0130
28400,5680,56.2064,5,0,0.8831,1014.7822,8.5374,2.1193,0.0130
28405,5681,7.4735,5,0,0.8648,1493.6205,8.4327,1.2488,0.0129
28410,5682,-42.3510,5,0,0.8466,1142.3090,7.6658,0.1389,0.0129
28415,5683,-75.0000,5,0,0.8425,921.5558,13.8814,1.5348,0.0129
28420,5684,40.3603,5,0,0.8004,1277.8499,6.1129,1.4058,0.0129
28425,5685,-58.6392,5,0,0.7352,1626.6147,6.9137,0.2735,0.0129
28430,5686,58.1302,5,0,0.6571,1385.3059,2.5507,0.6062,0.0129
28435,5687,-75.0000,5,0,0.8538,1228.4797,9.7539,0.1582,0.0129
28440,5688,7.8699,5,0,0.6943,1052.9509,8.5054,0.3404,0.0129
28445,5689,-42.2686,5,0,0.7937,1359.4548,6.1949,0.2183,0.0129
28450,5690,40.8195,5,0,0.7842,1103.2451,8.0280,1.4882,0.0129
28455,5691,-25.5453,5,0,0.6853,1105.6431,5.6865,0.3227,0.0129
28460,5692,25.0942,5,0,0.6496,1424.4103,2.4058,1.0975,0.0129
28465,5693,-7.7407,5,0,0.5478,1132.8157,9.8327,0.5399,0.0129
28470,5694,-8.9078,5,0,0.7472,1273.9099,7.0282,0.2913,0.0129
28475,5695,41.0551,5,0,0.6851,1096.3022,8.9899,1.3549,0.0129
28480,5696,-58.7029,5,0,0.8034,1390.5715,15.4896,0.1917,0.0129
28485,5697,-41.9344,5,0,0.7087,1550.1754,4.7696,0.3211,0.0128
28490,5698,-75.0000,5,0,0.6698,1299.3511,8.5920,0.3936,0.0128
28495,5699,-25.1158,5,0,0.6841,1613.4675,7.3629,0.3814,0.0128
28500,5700,41.3047,5,0,0.6662,1112.1084,5.3889,0.5454,0.0128
28505,5701,-42.4596,5,0,0.8192,1318.0220,14.4746,0.1736,0.0128
28510,5702,7.4172,5,0,0.6762,1445.4526,7.6313,0.2786,0.0128
28515,5703,-26.3510,5,0,0.8699,1066.4254,9.5365,0.1240,0.0128
28520,5704,57.8635,5,0,0.7013,1017.8243,3.9642,1.2762,0.0128
28525,5705,-10.0050,5,0,0.8718,1199.2468,8.0047,0.1338,0.0128
28530,5706,-26.3823,5,0,0.8739,1514.7501,11.1329,0.1106,0.0128
28535,5707,-42.2336,5,0,0.7615,1143.3833,3.8658,0.2351,0.0128
28540,5708,7.2201,5,0,0.7095,1025.7111,6.7874,0.2523,0.0128
28545,5709,40.7039,5,0,0.7851,1367.1100,4.9516,0.7030,0.0128
28550,5710,24.8966,5,0,0.6246,1198.9121,9.0255,1.1187,0.0128
28555,5711,-42.1811,5,0,0.7507,1152.4902,5.1984,0.2404,0.0128
28560,5712,-26.1062,5,0,0.8257,1752.6079,8.8167,0.1844,0.0127
28565,5713,-41.9942,5,0,0.7840,1111.1448,6.4719,0.2719,0.0127
28570,5714,-25.4510,5,0,0.7322,1536.4570,2.9510,0.2613,0.0127
28575,5715,23.5340,5,0,0.8980,1215.5570,6.1653,0.9042,0.0127
28580,5716,-58.8881,5,0,0.8690,1067.0437,6.0932,0.1188,0.0127
28585,5717,-8.9131,5,0,0.7454,1019.8269,9.5651,0.2969,0.0127
28590,5718,-9.3222,5,0,0.8100,1105.0125,-0.4687,0.2379,0.0127
28595,5719,-8.4579,5,0,0.7142,1246.4229,9.8777,0.4090,0.0127
28600,5720,56.7350,5,0,0.7891,1058.0862,6.1858,0.4571,0.0127
28605,5721,-26.0492,5,0,0.8068,1137.7798,8.1549,0.1684,0.0127
28610,5722,-26.1042,5,0,0.8638,1337.7355,9.4622,0.1538,0.0127
28615,5723,56.3673,5,0,0.7605,1141.5151,10.0015,0.6918,0.0127
28620,5724,-10.5242,5,0,0.9243,1492.8296,6.9057,0.0647,0.0127
28625,5725,-10.5234,5,0,0.9350,1321.4187,6.4723,0.0660,0.0127
28630,5726,-26.4928,5,0,0.9035,1008.2332,4.8345,0.0960,0.0127
28635,5727,7.1383,5,0,0.7462,1443.2825,8.2296,0.2412,0.0127
28640,5728,-9.5575,5,0,0.8239,1144.8926,6.0585,0.1872,0.0126
28645,5729,-26.3371,5,0,0.8396,1322.7734,8.0787,0.1355,0.0126
28650,5730,-10.6137,5,0,0.9278,1252.9240,6.0573,0.0494,0.0126
28655,5731,-42.8279,5,0,0.9425,1371.6145,5.3667,0.0450,0.0126
28660,5732,56.0386,5,0,0.8783,1364.6133,6.2238,0.8467,0.0126
28665,5733,-26.5179,5,0,0.8790,1163.5470,10.9123,0.0955,0.0126
28670,5734,-10.2980,5,0,0.9171,1181.2041,4.0182,0.0873,0.0126
28675,5735,5.6936,5,0,0.9220,1003.0829,4.1210,0.0720,0.0126
28680,5736,-10.3402,5,0,0.8948,1270.2241,14.7118,0.0947,0.0126
28685,5737,39.7041,5,0,0.8702,1557.7561,5.2111,0.8776,0.0126
28690,5738,-58.8924,5,0,0.9070,1199.8247,12.0109,0.0926,0.0126
28695,5739,-26.5397,5,0,0.9117,1065.1692,8.1907,0.0864,0.0126
28700,5740,5.9645,5,0,0.8926,1077.1268,4.6986,0.1016,0.0126
28705,5741,-42.5224,5,0,0.9002,1569.3213,15.0234,0.1081,0.0126
28710,5742,5.4210,5,0,0.9537,1221.6042,8.5161,0.0430,0.0126
28715,5743,-58.7986,5,0,0.8993,1299.9843,8.0368,0.0846,0.0126
28720,5744,-9.8695,5,0,0.8288,1296.6343,6.3592,0.1352,0.0125
28725,5745,40.7043,5,0,0.7847,1107.0858,9.2713,0.8599,0.0125
28730,5746,-42.7274,5,0,0.8213,1124.4673,7.0375,0.1002,0.0125
28735,5747,39.4004,5,0,0.9370,1093.5906,10.9667,3.0256,0.0125
28740,5748,-58.9180,5,0,0.9283,1025.1122,3.4310,0.0634,0.0125
28745,5749,6.2638,5,0,0.8668,1005.1636,6.4136,0.1353,0.0125
28750,5750,-42.6322,5,0,0.8901,982.8021,3.2595,0.1108,0.0125
28755,5751,-9.6441,5,0,0.8289,1416.3794,4.1365,0.1832,0.0125
28760,5752,-10.1735,5,0,0.8987,1224.4482,4.2467,0.1088,0.0125
28765,5753,6.1447,5,0,0.8898,1082.3555,3.5216,0.1217,0.0125
28770,5754,56.1495,5,0,0.8718,1403.0964,5.9115,2.1713,0.0125
28775,5755,-10.3920,5,0,0.8692,1249.4969,8.0712,0.0913,0.0125
28780,5756,6.0058,5,0,0.8846,1072.1385,8.3874,0.1061,0.0125
28785,5757,-9.8209,5,0,0.8000,1008.4955,8.3270,0.1760,0.0125
28790,5758,-26.1896,5,0,0.8672,1196.1238,9.9738,0.1472,0.0125
28795,5759,-26.4691,5,0,0.9041,1241.6000,6.0864,0.1116,0.0125
28800,5760,-25.3904,5,0,0.7450,1014.6261,5.0577,0.2565,0.0124
28805,5761,-26.4284,5,0,0.9069,1199.6809,3.2379,0.0915,0.0124
28810,5762,-26.1132,5,0,0.7860,1655.1426,6.9588,0.1834,0.0124
28815,5763,-26.1360,5,0,0.8789,1345.0413,5.9888,0.1557,0.0124
28820,5764,-58.8227,5,0,0.9057,1485.3687,7.6966,0.0912,0.0124
28825,5765,-25.8953,5,0,0.7761,1340.4149,7.7935,0.2306,0.0124
28830,5766,6.2414,5,0,0.8363,1081.8411,11.2770,0.1332,0.0124
28835,5767,-42.2906,5,0,0.8343,1164.5930,1.6341,0.1722,0.0124
28840,5768,-10.6387,5,0,0.9504,1207.6514,9.4290,0.0461,0.0124
28845,5769,5.4911,5,0,0.9491,875.6398,11.1341,0.0504,0.0124
28850,5770,-10.1000,5,0,0.8925,1198.4690,5.5282,0.1234,0.0124
28855,5771,24.0676,5,0,0.7717,1543.4216,3.0875,0.6390,0.0124
28860,5772,5.6291,5,0,0.9436,1154.1194,10.7825,0.0651,0.0124
28865,5773,5.7068,5,0,0.9255,1184.5602,8.6043,0.0733,0.0124
28870,5774,-10.0687,5,0,0.8900,1198.1691,11.2850,0.1224,0.0124
28875,5775,-10.3499,5,0,0.9110,1076.8912,8.1693,0.0868,0.0124
28880,5776,23.2834,5,0,0.9344,1261.3958,7.9038,1.1177,0.0124
28885,5777,-42.6762,5,0,0.9073,1386.8643,8.8593,0.0875,0.0123
28890,5778,-42.2374,5,0,0.7792,1058.5737,10.1401,0.2147,0.0123
28895,5779,-58.5306,5,0,0.8307,1242.9155,3.4020,0.1510,0.0123
28900,5780,-42.5216,5,0,0.8954,1298.1266,5.9400,0.1117,0.0123
28905,5781,39.5258,5,0,0.9387,1460.0325,8.0322,2.7542,0.0123
28910,5782,-42.8004,5,0,0.9536,1411.7030,4.3745,0.0428,0.0123
28915,5783,-26.1548,5,0,0.8735,1421.7981,7.1234,0.1418,0.0123
28920,5784,-58.7765,5,0,0.8548,1182.7539,7.4746,0.1165,0.0123
28925,5785,-26.6661,5,0,0.9228,1030.3125,7.2661,0.0615,0.0123
28930,5786,57.0367,5,0,0.7445,1148.5962,4.5627,0.8384,0.0123
28935,5787,5.4365,5,0,0.9389,1205.2328,4.1799,0.0447,0.0123
28940,5788,-10.4531,5,0,0.8474,1161.8414,3.1533,0.0898,0.0123
28945,5789,-75.0000,5,0,0.9223,1014.5630,6.6480,0.0767,0.0123
28950,5790,-10.5887,5,0,0.9285,1246.7808,2.3047,0.0545,0.0123
28955,5791,-8.8728,5,0,0.9364,976.0024,10.1059,2.2743,0.0123
28960,5792,6.3548,5,0,0.8702,1239.6123,3.6197,0.1460,0.0123
28965,5793,6.4823,5,0,0.8496,1552.4094,10.6946,0.1605,0.0122
28970,5794,7.4992,5,0,0.8576,1278.6599,-2.2351,1.5914,0.0122
28975,5795,-42.1543,5,0,0.7695,1239.6327,12.3326,0.2408,0.0122
28980,5796,-25.9343,5,0,0.8207,1176.4919,6.2072,0.1777,0.0122
28985,5797,5.8783,5,0,0.9197,1192.8583,7.4058,0.0920,0.0122
28990,5798,-26.0162,5,0,0.8513,923.5811,10.7024,0.1646,0.0122
28995,5799,5.8583,5,0,0.9086,1155.4353,2.0369,0.0898,0.0122
29000,5800,56.1411,5,0,0.8606,1244.1018,8.3745,2.2541,0.0122
29005,5801,-26.3651,5,0,0.8857,1023.2293,3.8742,0.1091,0.0122
29010,5802,-26.1687,5,0,0.8825,1040.4509,8.0059,0.1484,0.0122
29015,5803,-10.2630,5,0,0.8947,1228.4811,9.0508,0.0997,0.0122
29020,5804,-42.6447,5,0,0.8994,1345.4365,-1.8926,0.0964,0.0122
29025,5805,-26.0077,5,0,0.7368,1027.8969,14.2683,0.2272,0.0122
29030,5806,-58.7594,5,0,0.8797,1190.1111,6.9936,0.1315,0.0122
29035,5807,-58.7040,5,0,0.8454,1314.0938,8.2021,0.1489,0.0122
29040,5808,6.1454,5,0,0.8903,1182.2493,9.4732,0.1217,0.0122
29045,5809,-25.9534,5,0,0.7822,1058.0908,7.3220,0.1986,0.0122
29050,5810,-42.7786,5,0,0.8820,932.3212,4.8588,0.0933,0.0121
29055,5811,-26.7004,5,0,0.9355,1238.2891,9.4352,0.0547,0.0121
29060,5812,6.0669,5,0,0.8647,1236.7090,6.4151,0.1134,0.0121
29065,5813,-26.2651,5,0,0.8753,926.0122,9.8331,0.1121,0.0121
29070,5814,-26.4352,5,0,0.8889,1073.1592,8.0020,0.0984,0.0121
29075,5815,-10.2270,5,0,0.9124,1280.8547,7.7343,0.0980,0.0121
29080,5816,-9.5520,5,0,0.7704,1187.7013,9.3433,0.2135,0.0121
29085,5817,-42.7576,5,0,0.9439,1105.6946,3.7491,0.0577,0.0121
29090,5818,7.4462,5,0,0.8424,978.5595,6.8767,1.3882,0.0121
29095,5819,5.5321,5,0,0.9311,1354.1572,8.5146,0.0548,0.0121
29100,5820,-42.7762,5,0,0.9519,997.8926,8.8687,0.0451,0.0121
29105,5821,56.4744,5,0,0.8110,1186.2876,12.6703,1.4087,0.0121
29110,5822,5.9325,5,0,0.8260,1354.0051,6.5103,0.0990,0.0121
29115,5823,-26.2826,5,0,0.8849,1094.8203,4.4626,0.1193,0.0121
29120,5824,-26.7725,5,0,0.9508,1374.6074,8.5843,0.0398,0.0121
29125,5825,-26.0578,5,0,0.8145,1280.0908,3.0017,0.1908,0.0121
29130,5826,-58.8557,5,0,0.9012,996.6586,10.2623,0.0876,0.0121
29135,5827,-10.2404,5,0,0.8935,1033.0189,3.3703,0.1001,0.0120
29140,5828,23.4484,5,0,0.9048,1216.3372,6.2177,0.9824,0.0120
29145,5829,-58.8652,5,0,0.9025,1275.2124,7.7430,0.0751,0.0120
29150,5830,-26.4827,5,0,0.9120,1064.4215,2.0038,0.0904,0.0120
29155,5831,5.4365,5,0,0.9246,1127.2832,7.5145,0.0448,0.0120
29160,5832,-8.8884,5,0,0.8498,1110.6056,3.4998,1.6211,0.0120
29165,5833,-58.8049,5,0,0.8788,1129.1897,4.0626,0.1074,0.0120
29170,5834,24.0182,5,0,0.7648,943.6089,6.3921,0.3954,0.0120
29175,5835,-26.3245,5,0,0.8398,969.9299,0.8275,0.1453,0.0120
29180,5836,-75.0000,5,0,0.8607,1550.2413,10.3002,0.1149,0.0120
29185,5837,-26.3917,5,0,0.8963,1353.3000,0.3809,0.1123,0.0120
29190,5838,-42.6156,5,0,0.8612,901.1309,5.8364,0.1196,0.0120
29195,5839,-10.5549,5,0,0.9342,1177.8479,11.4334,0.0541,0.0120
29200,5840,-42.8137,5,0,0.9427,1412.9919,1.8300,0.0554,0.0120
29205,5841,-26.2536,5,0,0.8720,1164.4742,7.3933,0.1337,0.0120
29210,5842,39.8664,5,0,0.9014,1263.9058,2.6490,0.1042,0.0120
29215,5843,-26.6626,5,0,0.9429,1446.4802,6.8623,0.0544,0.0119
29220,5844,-42.4771,5,0,0.8198,1288.5375,6.6355,0.1765,0.0119
29225,5845,-26.0054,5,0,0.8376,1321.9829,2.6647,0.1757,0.0119
29230,5846,-26.3040,5,0,0.8736,1372.1919,3.0884,0.1295,0.0119
29235,5847,-26.5369,5,0,0.9109,1295.6797,5.4278,0.0698,0.0119
29240,5848,-42.2868,5,0,0.7639,1034.9509,6.5276,0.1627,0.0119
29245,5849,-26.2335,5,0,0.8330,1368.1899,9.9091,0.1613,0.0119
29250,5850,5.2664,5,0,0.9709,1387.7542,3.5199,0.0270,0.0119
29255,5851,-10.6027,5,0,0.9235,1218.6584,1.4157,0.0553,0.0119
29260,5852,5.8611,5,0,0.8841,1423.9917,3.6379,0.0903,0.0119
29265,5853,5.3680,5,0,0.9599,1194.8319,3.8815,0.0375,0.0119
29270,5854,39.5808,5,0,0.9204,938.7968,9.2948,2.6279,0.0119
29275,5855,-10.5640,5,0,0.9320,1055.1985,5.1527,0.0541,0.0119
29280,5856,-26.5029,5,0,0.9128,1163.9561,1.8489,0.0838,0.0119
29285,5857,-26.7780,5,0,0.9514,833.0034,11.5925,0.0421,0.0119
29290,5858,5.8467,5,0,0.9141,1067.9072,4.8046,0.0886,0.0119
29295,5859,-42.6651,5,0,0.8959,1119.1370,2.7340,0.1016,0.0119
29300,5860,-58.8446,5,0,0.9113,929.0645,3.4456,0.0869,0.0118
29305,5861,39.3811,5,0,0.9435,1126.2089,2.6319,0.6115,0.0118
29310,5862,-42.5873,5,0,0.8939,954.2205,10.7055,0.0960,0.0118
29315,5863,39.8427,5,0,0.8883,1254.7582,4.5843,1.7861,0.0118
29320,5864,-42.5270,5,0,0.8786,1690.0645,-3.6047,0.1195,0.0118
29325,5865,-25.9851,5,0,0.7727,1236.6025,12.9118,0.1933,0.0118
29330,5866,-58.8839,5,0,0.9490,1077.9091,1.7692,0.0536,0.0118
29335,5867,-10.4598,5,0,0.9279,1410.2961,4.7830,0.0690,0.0118
29340,5868,-26.7302,5,0,0.9472,1044.2991,0.8875,0.0498,0.0118
29345,5869,-26.7057,5,0,0.9353,1183.5400,6.3004,0.0531,0.0118
29350,5870,-10.7428,5,0,0.9669,1157.2379,10.7807,0.0316,0.0118
29355,5871,-42.8104,5,0,0.9334,1334.5768,-2.6380,0.0526,0.0118
29360,5872,-58.9370,5,0,0.8866,1146.8364,4.0089,0.0949,0.0118
29365,5873,-26.4566,5,0,0.9135,1243.9507,2.6908,0.0945,0.0118
29370,5874,-58.8941,5,0,0.9454,1507.6836,1.6235,0.0479,0.0118
29375,5875,55.5577,5,0,0.9421,1275.9679,5.5702,1.1081,0.0118
29380,5876,-10.6241,5,0,0.9503,950.6583,1.4539,0.0487,0.0118
29385,5877,-10.1762,5,0,0.8926,1112.5243,6.6734,0.1173,0.0118
29390,5878,7.3379,5,0,0.8992,1219.0815,3.9930,2.3722,0.0117
29395,5879,-42.7945,5,0,0.9390,1180.1639,5.0035,0.0556,0.0117
29400,5880,-9.7752,5,0,0.8136,1236.8135,8.5399,0.1547,0.0117
29405,5881,-10.1397,5,0,0.8487,1337.4243,5.5347,0.1281,0.0117
29410,5882,-26.0634,5,0,0.8332,1127.1516,2.2473,0.1738,0.0117
29415,5883,-42.7637,5,0,0.8951,1420.3408,2.5074,0.0736,0.0117
29420,5884,-26.1818,5,0,0.8312,1323.0819,9.6203,0.1570,0.0117
29425,5885,-42.6887,5,0,0.9095,1130.3479,8.0822,0.0840,0.0117
29430,5886,-10.0433,5,0,0.8737,1387.2174,0.4098,0.1240,0.0117
29435,5887,-58.8859,5,0,0.9090,844.6797,6.9753,0.9707,0.0117
29440,5888,5.3958,5,0,0.9563,1061.5525,5.6883,0.0404,0.0117
29445,5889,-26.0266,5,0,0.8449,1164.6583,1.0644,0.1748,0.0117
29450,5890,-42.5219,5,0,0.8834,1292.4971,2.9269,0.0932,0.0117
29455,5891,-10.3229,5,0,0.8966,1385.3486,0.9546,0.0927,0.0117
29460,5892,-10.4110,5,0,0.9222,1431.4596,-6.3651,0.0774,0.0117
29465,5893,5.7825,5,0,0.9153,1282.1687,3.8287,0.0818,0.0117
