step,episode,ep_reward,ep_steps,success,p_hidden_mean,collision_rate,oob_rate,critic_loss,actor_loss,coverage_loss,alpha,rew_env,rew_coverage,rew_exploration
1,1,-3.0000,1,0,0.0103,1.000,0.000,0.0000,0.0000,4.5754,0.2000,-3.0000,0.0026,0.0000
3,2,-5.0000,2,0,0.0129,0.500,0.500,0.0000,0.0000,4.3574,0.2000,-5.0000,-0.0114,0.0000
13,3,-20.0000,10,0,0.0226,0.600,0.400,0.0000,0.0000,2.0052,0.2000,-20.0000,0.0126,0.0000
14,4,-3.0000,1,0,0.0292,1.000,0.000,0.0000,0.0000,3.5338,0.2000,-3.0000,-0.0346,0.0000
17,5,-7.0000,3,0,0.0387,0.333,0.667,0.0000,0.0000,3.2562,0.2000,-7.0000,0.0076,0.0000
18,6,-3.0000,1,0,0.0532,1.000,0.000,0.0000,0.0000,2.9336,0.2000,-3.0000,0.0553,0.0000
19,7,-3.0000,1,0,0.0409,1.000,0.000,0.0000,0.0000,3.1970,0.2000,-3.0000,0.0016,0.0000
20,8,-3.0000,1,0,0.0514,1.000,0.000,0.0000,0.0000,2.9688,0.2000,-3.0000,0.0021,0.0000
26,9,-13.0000,6,0,0.0670,0.167,0.833,0.0000,0.0000,2.7224,0.2000,-13.0000,-0.0419,0.0000
27,10,-3.0000,1,0,0.0867,1.000,0.000,0.0000,0.0000,2.4458,0.2000,-3.0000,-0.0880,0.0000
28,11,-3.0000,1,0,0.1049,1.000,0.000,0.0000,0.0000,2.2546,0.2000,-3.0000,0.0040,0.0000
29,12,-3.0000,1,0,0.0752,1.000,0.000,0.0000,0.0000,2.5882,0.2000,-3.0000,-0.0637,0.0000
39,13,-20.0000,10,0,0.1687,0.600,0.400,0.0000,0.0000,1.7947,0.2000,-20.0000,0.0338,0.0000
40,14,-3.0000,1,0,0.2088,1.000,0.000,0.0000,0.0000,1.5664,0.2000,-3.0000,-0.1899,0.0000
41,15,-3.0000,1,0,0.2248,1.000,0.000,0.0000,0.0000,1.4924,0.2000,-3.0000,-0.0049,0.0000
42,16,-3.0000,1,0,0.2445,1.000,0.000,0.0000,0.0000,1.4084,0.2000,-3.0000,-0.0201,0.0000
50,17,-17.0000,8,0,0.3243,0.375,0.625,0.0000,0.0000,1.1321,0.2000,-17.0000,-0.1875,0.0000
60,18,-21.0000,10,0,0.4665,0.600,0.400,0.0000,0.0000,0.7721,0.2000,-21.0000,-0.2948,0.0000
61,19,-3.0000,1,0,0.5671,1.000,0.000,0.0000,0.0000,0.5672,0.2000,-3.0000,0.0398,0.0000
62,20,-3.0000,1,0,0.5513,1.000,0.000,0.0000,0.0000,0.5954,0.2000,-3.0000,-0.1164,0.0000
64,21,-5.0000,2,0,0.5492,0.500,0.500,0.0000,0.0000,0.5992,0.2000,-5.0000,-0.0650,0.0000
65,22,-3.0000,1,0,0.5957,1.000,0.000,0.0000,0.0000,0.5181,0.2000,-3.0000,-0.1600,0.0000
66,23,-3.0000,1,0,0.5959,1.000,0.000,0.0000,0.0000,0.5177,0.2000,-3.0000,-0.1194,0.0000
68,24,-5.0000,2,0,0.6287,0.500,0.500,0.0000,0.0000,0.4641,0.2000,-5.0000,-0.1003,0.0000
73,25,-11.0000,5,0,0.6605,1.000,0.000,0.0000,0.0000,0.4151,0.2000,-11.0000,-0.0934,0.0000
74,26,-3.0000,1,0,0.6793,1.000,0.000,0.0000,0.0000,0.3868,0.2000,-3.0000,-0.1462,0.0000
75,27,-3.0000,1,0,0.6956,1.000,0.000,0.0000,0.0000,0.3630,0.2000,-3.0000,0.0377,0.0000
76,28,-3.0000,1,0,0.6989,1.000,0.000,0.0000,0.0000,0.3583,0.2000,-3.0000,0.3496,0.0000
77,29,-3.0000,1,0,0.6689,1.000,0.000,0.0000,0.0000,1.1054,0.2000,-3.0000,-0.1636,0.0000
79,30,-5.0000,2,0,0.7328,0.500,0.500,0.0000,0.0000,0.3112,0.2000,-5.0000,-0.1436,0.0000
80,31,-3.0000,1,0,0.7311,1.000,0.000,0.0000,0.0000,0.3132,0.2000,-3.0000,-0.0569,0.0000
87,32,-15.0000,7,0,0.7407,0.857,0.143,0.0000,0.0000,1.3498,0.2000,-15.0000,-0.0035,0.0000
88,33,-3.0000,1,0,0.7169,1.000,0.000,0.0000,0.0000,0.3329,0.2000,-3.0000,-0.1237,0.0000
98,34,-20.0000,10,0,0.7140,0.600,0.400,0.0000,0.0000,0.3373,0.2000,-20.0000,-0.2790,0.0000
106,35,-17.0000,8,0,0.7325,0.500,0.500,0.0000,0.0000,0.7014,0.2000,-17.0000,-0.1460,0.0000
108,36,-5.0000,2,0,0.7402,0.500,0.500,0.0000,0.0000,0.3008,0.2000,-5.0000,-0.1147,0.0000
109,37,-3.0000,1,0,0.7060,1.000,0.000,0.0000,0.0000,0.3481,0.2000,-3.0000,-0.1726,0.0000
110,38,-3.0000,1,0,0.7304,1.000,0.000,0.0000,0.0000,0.3142,0.2000,-3.0000,-0.0898,0.0000
111,39,-3.0000,1,0,0.7232,1.000,0.000,0.0000,0.0000,0.3241,0.2000,-3.0000,-0.1428,0.0000
120,40,-19.0000,9,0,0.7377,0.778,0.222,0.0000,0.0000,0.3043,0.2000,-19.0000,-0.0837,0.0000
126,41,-13.0000,6,0,0.7672,0.833,0.167,0.0000,0.0000,0.6872,0.2000,-13.0000,-0.0905,0.0000
129,42,-7.0000,3,0,0.7571,0.333,0.667,0.0000,0.0000,0.2791,0.2000,-7.0000,-0.1850,0.0000
130,43,-3.0000,1,0,0.7682,1.000,0.000,0.0000,0.0000,0.2637,0.2000,-3.0000,-0.0444,0.0000
131,44,-3.0000,1,0,0.7528,1.000,0.000,0.0000,0.0000,0.2839,0.2000,-3.0000,-0.1005,0.0000
132,45,-3.0000,1,0,0.7634,1.000,0.000,0.0000,0.0000,0.2699,0.2000,-3.0000,-0.0283,0.0000
142,46,-20.0000,10,0,0.7900,0.600,0.400,0.0000,0.0000,0.2358,0.2000,-20.0000,-0.0623,0.0000
143,47,-3.0000,1,0,0.7922,1.000,0.000,0.0000,0.0000,1.5711,0.2000,-3.0000,-0.0771,0.0000
150,48,-12.8381,7,0,0.8101,0.571,0.286,0.0000,0.0000,0.2108,0.2000,-12.8984,-0.1672,0.0957
152,49,-5.0000,2,0,0.8187,1.000,0.000,0.0000,0.0000,0.2001,0.2000,-5.0000,-0.0672,0.0000
155,50,-4.3078,3,0,0.8097,0.333,0.333,0.0000,0.0000,0.2111,0.2000,-4.4746,0.0459,0.0930
158,51,-7.0000,3,0,0.8247,0.667,0.333,0.0000,0.0000,0.1929,0.2000,-7.0000,-0.0130,0.0000
159,52,-3.0000,1,0,0.8248,1.000,0.000,0.0000,0.0000,0.1927,0.2000,-3.0000,-0.0924,0.0000
160,53,-3.0000,1,0,0.8370,1.000,0.000,0.0000,0.0000,0.1779,0.2000,-3.0000,-0.0200,0.0000
167,54,-15.0000,7,0,0.8484,0.429,0.571,0.0000,0.0000,1.4059,0.2000,-15.0000,-0.0357,0.0000
172,55,-11.0000,5,0,0.8136,0.400,0.600,0.0000,0.0000,1.6812,0.2000,-11.0000,-0.0501,0.0000
179,56,-15.0000,7,0,0.7944,0.571,0.429,0.0000,0.0000,0.2302,0.2000,-15.0000,-0.0153,0.0000
181,57,-5.0000,2,0,0.7670,0.500,0.500,0.0000,0.0000,0.2655,0.2000,-5.0000,-0.1084,0.0000
182,58,-3.0000,1,0,0.7667,1.000,0.000,0.0000,0.0000,0.2657,0.2000,-3.0000,-0.0630,0.0000
192,59,-20.0000,10,0,0.7878,0.500,0.500,0.0000,0.0000,0.2386,0.2000,-20.0000,0.0160,0.0000
194,60,-5.0000,2,0,0.7938,0.500,0.500,0.0000,0.0000,0.2309,0.2000,-5.0000,-0.0395,0.0000
198,61,-9.0000,4,0,0.8125,0.750,0.250,0.0000,0.0000,0.2076,0.2000,-9.0000,-0.0344,0.0000
199,62,-3.0000,1,0,0.7970,1.000,0.000,0.0000,0.0000,0.2269,0.2000,-3.0000,0.0191,0.0000
200,63,-3.0000,1,0,0.8003,1.000,0.000,0.0000,0.0000,0.2228,0.2000,-3.0000,-0.0651,0.0000
201,64,-3.0000,1,0,0.8162,1.000,0.000,0.0000,0.0000,0.2032,0.2000,-3.0000,-0.0116,0.0000
202,65,-3.0000,1,0,0.7968,1.000,0.000,0.0000,0.0000,0.2272,0.2000,-3.0000,-0.0974,0.0000
206,66,-9.0000,4,0,0.8087,0.500,0.500,0.0000,0.0000,0.2124,0.2000,-9.0000,-0.0354,0.0000
216,67,-20.0000,10,0,0.8385,0.400,0.600,0.0000,0.0000,0.1763,0.2000,-20.0000,-0.1361,0.0000
226,68,-20.0000,10,0,0.8586,0.600,0.400,0.0000,0.0000,0.1525,0.2000,-20.0000,-0.0309,0.0000
228,69,-5.0000,2,0,0.8680,0.500,0.500,0.0000,0.0000,0.1416,0.2000,-5.0000,0.0038,0.0000
234,70,-13.0000,6,0,0.8742,0.667,0.333,0.0000,0.0000,0.1345,0.2000,-13.0000,-0.0590,0.0000
238,71,-9.0000,4,0,0.8773,0.750,0.250,0.0000,0.0000,2.0985,0.2000,-9.0000,-0.0077,0.0000
239,72,-3.0000,1,0,0.8738,1.000,0.000,0.0000,0.0000,2.0699,0.2000,-3.0000,-0.0477,0.0000
240,73,-3.0000,1,0,0.8660,1.000,0.000,0.0000,0.0000,0.1439,0.2000,-3.0000,-0.0246,0.0000
241,74,-3.0000,1,0,0.8589,1.000,0.000,0.0000,0.0000,0.1521,0.2000,-3.0000,0.0345,0.0000
243,75,-5.0000,2,0,0.8614,0.500,0.500,0.0000,0.0000,0.1492,0.2000,-5.0000,-0.0514,0.0000
247,76,-9.0000,4,0,0.8621,1.000,0.000,0.0000,0.0000,0.1484,0.2000,-9.0000,-0.0348,0.0000
250,77,-7.0000,3,0,0.8557,0.333,0.667,0.0000,0.0000,0.1558,0.2000,-7.0000,-0.0016,0.0000
251,78,-3.0000,1,0,0.8542,1.000,0.000,0.0000,0.0000,0.1575,0.2000,-3.0000,-0.0827,0.0000
259,79,-17.0000,8,0,0.8659,0.250,0.750,0.0000,0.0000,0.1440,0.2000,-17.0000,-0.0150,0.0000
260,80,-3.0000,1,0,0.8589,1.000,0.000,0.0000,0.0000,0.1522,0.2000,-3.0000,-0.0429,0.0000
264,81,-9.0000,4,0,0.8611,0.500,0.500,0.0000,0.0000,1.0768,0.2000,-9.0000,-0.0976,0.0000
269,82,-11.0000,5,0,0.8738,0.400,0.600,0.0000,0.0000,0.1349,0.2000,-11.0000,0.0014,0.0000
270,83,-3.0000,1,0,0.8687,1.000,0.000,0.0000,0.0000,0.1407,0.2000,-3.0000,-0.0326,0.0000
271,84,-3.0000,1,0,0.8668,1.000,0.000,0.0000,0.0000,0.1429,0.2000,-3.0000,-0.0409,0.0000
273,85,-5.0000,2,0,0.8573,0.500,0.500,0.0000,0.0000,0.1541,0.2000,-5.0000,-0.1041,0.0000
280,86,-15.0000,7,0,0.8688,0.714,0.286,0.0000,0.0000,0.1407,0.2000,-15.0000,-0.1307,0.0000
290,87,-20.0000,10,0,0.8783,0.300,0.700,0.0000,0.0000,1.5030,0.2000,-20.0000,-0.0351,0.0000
291,88,-3.0000,1,0,0.8467,1.000,0.000,0.0000,0.0000,0.1664,0.2000,-3.0000,-0.0981,0.0000
292,89,-3.0000,1,0,0.8520,1.000,0.000,0.0000,0.0000,0.1602,0.2000,-3.0000,-0.0618,0.0000
293,90,-3.0000,1,0,0.8406,1.000,0.000,0.0000,0.0000,0.1737,0.2000,-3.0000,-0.0455,0.0000
294,91,-3.0000,1,0,0.8245,1.000,0.000,0.0000,0.0000,0.1929,0.2000,-3.0000,-0.1524,0.0000
295,92,-3.0000,1,0,0.8421,1.000,0.000,0.0000,0.0000,0.1718,0.2000,-3.0000,-0.0002,0.0000
296,93,-3.0000,1,0,0.8468,1.000,0.000,0.0000,0.0000,0.1663,0.2000,-3.0000,-0.0450,0.0000
299,94,-7.0000,3,0,0.8439,0.333,0.667,0.0000,0.0000,0.1697,0.2000,-7.0000,-0.0131,0.0000
300,95,-3.0000,1,0,0.8420,1.000,0.000,0.0000,0.0000,0.1719,0.2000,-3.0000,-0.0419,0.0000
305,96,-11.0000,5,0,0.8331,0.400,0.600,0.0000,0.0000,0.1826,0.2000,-11.0000,-0.0298,0.0000
308,97,-7.0000,3,0,0.8432,0.667,0.333,0.0000,0.0000,0.1706,0.2000,-7.0000,0.0153,0.0000
309,98,-3.0000,1,0,0.8419,1.000,0.000,0.0000,0.0000,0.1721,0.2000,-3.0000,-0.0258,0.0000
310,99,-3.0000,1,0,0.8154,1.000,0.000,0.0000,0.0000,0.2041,0.2000,-3.0000,-0.1425,0.0000
320,100,-20.0000,10,0,0.8449,0.600,0.400,0.0000,0.0000,0.5275,0.2000,-20.0000,-0.1247,0.0000
321,101,-3.0000,1,0,0.8369,1.000,0.000,0.0000,0.0000,0.1780,0.2000,-3.0000,-0.0988,0.0000
322,102,-3.0000,1,0,0.8593,1.000,0.000,0.0000,0.0000,0.1516,0.2000,-3.0000,0.0459,0.0000
332,103,-20.0000,10,0,0.8557,0.700,0.300,0.0000,0.0000,0.1559,0.2000,-20.0000,-0.0000,0.0000
342,104,-20.0000,10,0,0.8636,0.300,0.700,0.0000,0.0000,0.7110,0.2000,-20.0000,-0.0008,0.0000
343,105,-3.0000,1,0,0.8484,1.000,0.000,0.0000,0.0000,0.1644,0.2000,-3.0000,-0.0615,0.0000
353,106,-21.0000,10,0,0.8591,0.400,0.600,0.0000,0.0000,0.8938,0.2000,-21.0000,-0.1540,0.0000
358,107,-11.0000,5,0,0.8495,0.400,0.600,0.0000,0.0000,0.1631,0.2000,-11.0000,0.0433,0.0000
359,108,-3.0000,1,0,0.8313,1.000,0.000,0.0000,0.0000,0.1848,0.2000,-3.0000,-0.0900,0.0000
360,109,-3.0000,1,0,0.8455,1.000,0.000,0.0000,0.0000,1.8673,0.2000,-3.0000,0.1233,0.0000
362,110,-5.0000,2,0,0.8271,0.500,0.500,0.0000,0.0000,0.1899,0.2000,-5.0000,0.0056,0.0000
363,111,-3.0000,1,0,0.8450,1.000,0.000,0.0000,0.0000,0.1685,0.2000,-3.0000,0.0050,0.0000
370,112,-15.0000,7,0,0.8358,0.429,0.571,0.0000,0.0000,0.1794,0.2000,-15.0000,0.0023,0.0000
372,113,-5.0000,2,0,0.8443,0.500,0.500,0.0000,0.0000,0.1692,0.2000,-5.0000,-0.0313,0.0000
374,114,-5.0000,2,0,0.8360,1.000,0.000,0.0000,0.0000,0.1792,0.2000,-5.0000,0.0076,0.0000
377,115,-7.0000,3,0,0.8391,0.667,0.333,0.0000,0.0000,0.1754,0.2000,-7.0000,0.1054,0.0000
378,116,-3.0000,1,0,0.8371,1.000,0.000,0.0000,0.0000,0.1778,0.2000,-3.0000,-0.0286,0.0000
379,117,-3.0000,1,0,0.8414,1.000,0.000,0.0000,0.0000,0.1727,0.2000,-3.0000,0.0055,0.0000
381,118,-5.0000,2,0,0.8459,0.500,0.500,0.0000,0.0000,0.1674,0.2000,-5.0000,-0.0218,0.0000
388,119,-15.0000,7,0,0.8555,0.571,0.429,0.0000,0.0000,0.1561,0.2000,-15.0000,0.0022,0.0000
392,120,-9.0000,4,0,0.8572,0.500,0.500,0.0000,0.0000,1.9474,0.2000,-9.0000,-0.0212,0.0000
395,121,-7.0000,3,0,0.8520,0.667,0.333,0.0000,0.0000,0.1602,0.2000,-7.0000,0.0163,0.0000
397,122,-5.0000,2,0,0.8432,0.500,0.500,0.0000,0.0000,0.1706,0.2000,-5.0000,-0.0478,0.0000
398,123,-3.0000,1,0,0.8449,1.000,0.000,0.0000,0.0000,0.1686,0.2000,-3.0000,-0.0041,0.0000
399,124,-3.0000,1,0,0.8475,1.000,0.000,0.0000,0.0000,0.1655,0.2000,-3.0000,0.0716,0.0000
400,125,-3.0000,1,0,0.8567,1.000,0.000,0.0000,0.0000,0.1546,0.2000,-3.0000,0.0565,0.0000
403,126,-7.0000,3,0,0.8572,0.667,0.333,0.0000,0.0000,0.1541,0.2000,-7.0000,0.0260,0.0000
406,127,-7.0000,3,0,0.8547,0.333,0.667,0.0000,0.0000,0.1570,0.2000,-7.0000,0.0437,0.0000
408,128,-5.0000,2,0,0.8501,0.500,0.500,0.0000,0.0000,0.1624,0.2000,-5.0000,0.0564,0.0000
409,129,-3.0000,1,0,0.8431,1.000,0.000,0.0000,0.0000,0.1707,0.2000,-3.0000,-0.0531,0.0000
410,130,-3.0000,1,0,0.8521,1.000,0.000,0.0000,0.0000,0.1601,0.2000,-3.0000,-0.0338,0.0000
411,131,-3.0000,1,0,0.8479,1.000,0.000,0.0000,0.0000,0.1650,0.2000,-3.0000,-0.0440,0.0000
413,132,-5.0000,2,0,0.8478,0.500,0.500,0.0000,0.0000,0.1652,0.2000,-5.0000,-0.0646,0.0000
414,133,-3.0000,1,0,0.8563,1.000,0.000,0.0000,0.0000,0.1552,0.2000,-3.0000,0.0016,0.0000
415,134,-3.0000,1,0,0.8607,1.000,0.000,0.0000,0.0000,0.1500,0.2000,-3.0000,-0.0311,0.0000
417,135,-5.0000,2,0,0.8627,1.000,0.000,0.0000,0.0000,0.1477,0.2000,-5.0000,0.0328,0.0000
420,136,-7.0000,3,0,0.8665,0.667,0.333,0.0000,0.0000,0.1433,0.2000,-7.0000,0.0772,0.0000
430,137,-20.0000,10,0,0.8680,0.700,0.300,0.0000,0.0000,1.2678,0.2000,-20.0000,0.0061,0.0000
440,138,-20.0000,10,0,0.8461,0.500,0.500,0.0000,0.0000,0.1671,0.2000,-20.0000,0.0417,0.0000
450,139,-21.0000,10,0,0.8409,0.600,0.400,0.0000,0.0000,0.1733,0.2000,-21.0000,0.0363,0.0000
452,140,-2.3454,2,0,0.8560,0.500,0.000,0.0000,0.0000,0.1554,0.2000,-2.3866,-0.0099,0.0739
453,141,-3.0000,1,0,0.8680,1.000,0.000,0.0000,0.0000,0.1416,0.2000,-3.0000,0.0813,0.0000
454,142,-3.0000,1,0,0.8606,1.000,0.000,0.0000,0.0000,0.1501,0.2000,-3.0000,0.0151,0.0000
457,143,-7.0000,3,0,0.8546,1.000,0.000,0.0000,0.0000,0.1571,0.2000,-7.0000,0.0116,0.0000
458,144,-3.0000,1,0,0.8650,1.000,0.000,0.0000,0.0000,0.1450,0.2000,-3.0000,0.0160,0.0000
459,145,-3.0000,1,0,0.8714,1.000,0.000,0.0000,0.0000,0.1377,0.2000,-3.0000,0.0179,0.0000
460,146,-3.0000,1,0,0.8680,1.000,0.000,0.0000,0.0000,0.1415,0.2000,-3.0000,0.0534,0.0000
461,147,-3.0000,1,0,0.8615,1.000,0.000,0.0000,0.0000,0.1491,0.2000,-3.0000,-0.0301,0.0000
462,148,-3.0000,1,0,0.8636,1.000,0.000,0.0000,0.0000,0.1467,0.2000,-3.0000,-0.0245,0.0000
463,149,-3.0000,1,0,0.8758,1.000,0.000,0.0000,0.0000,0.1326,0.2000,-3.0000,0.0680,0.0000
464,150,-3.0000,1,0,0.8743,1.000,0.000,0.0000,0.0000,0.1343,0.2000,-3.0000,0.0443,0.0000
471,151,-15.0000,7,0,0.8667,0.429,0.571,0.0000,0.0000,0.1430,0.2000,-15.0000,0.0174,0.0000
472,152,-3.0000,1,0,0.8809,1.000,0.000,0.0000,0.0000,0.1268,0.2000,-3.0000,-0.0082,0.0000
482,153,-20.0000,10,0,0.8853,0.400,0.600,0.0000,0.0000,0.1218,0.2000,-20.0000,0.0093,0.0000
483,154,-3.0000,1,0,0.9037,1.000,0.000,0.0000,0.0000,0.1013,0.2000,-3.0000,0.0823,0.0000
493,155,-20.0000,10,0,0.8988,0.600,0.400,0.0000,0.0000,1.1806,0.2000,-20.0000,0.0534,0.0000
499,156,-13.0000,6,0,0.8848,0.833,0.167,0.0000,0.0000,0.1225,0.2000,-13.0000,0.0164,0.0000
500,157,-3.0000,1,0,0.8871,1.000,0.000,0.0000,0.0000,0.1198,0.2000,-3.0000,-0.0062,0.0000
501,158,-3.0000,1,0,0.8815,1.000,0.000,0.0000,0.0000,0.1262,0.2000,-3.0000,0.0142,0.0000
508,159,-15.0000,7,0,0.8759,0.571,0.429,0.0000,0.0000,0.1325,0.2000,-15.0000,0.0463,0.0000
510,160,-5.0000,2,0,0.8856,0.500,0.500,0.0000,0.0000,0.1215,0.2000,-5.0000,0.0353,0.0000
516,161,-13.0000,6,0,0.8845,0.667,0.333,0.0000,0.0000,0.1227,0.2000,-13.0000,0.0612,0.0000
519,162,-7.0000,3,0,0.8864,0.333,0.667,0.0000,0.0000,0.1206,0.2000,-7.0000,0.0648,0.0000
521,163,-5.0000,2,0,0.8978,0.500,0.500,0.0000,0.0000,0.1078,0.2000,-5.0000,0.0116,0.0000
526,164,-11.0000,5,0,0.8900,0.400,0.600,0.0000,0.0000,0.1165,0.2000,-11.0000,0.0183,0.0000
527,165,-3.0000,1,0,0.9014,1.000,0.000,0.0000,0.0000,0.1038,0.2000,-3.0000,0.0553,0.0000
528,166,-3.0000,1,0,0.8951,1.000,0.000,0.0000,0.0000,0.1108,0.2000,-3.0000,-0.0035,0.0000
533,167,-11.0000,5,0,0.8996,0.800,0.200,0.0000,0.0000,1.4067,0.2000,-11.0000,0.0637,0.0000
534,168,-3.0000,1,0,0.9027,1.000,0.000,0.0000,0.0000,0.1024,0.2000,-3.0000,0.0620,0.0000
535,169,-3.0000,1,0,0.9043,1.000,0.000,0.0000,0.0000,0.1006,0.2000,-3.0000,0.0019,0.0000
542,170,-15.0000,7,0,0.8905,0.714,0.286,0.0000,0.0000,1.2914,0.2000,-15.0000,0.0719,0.0000
543,171,-3.0000,1,0,0.8843,1.000,0.000,0.0000,0.0000,0.1229,0.2000,-3.0000,-0.0066,0.0000
544,172,-3.0000,1,0,0.8888,1.000,0.000,0.0000,0.0000,0.1179,0.2000,-3.0000,0.0861,0.0000
545,173,-3.0000,1,0,0.8866,1.000,0.000,0.0000,0.0000,0.1204,0.2000,-3.0000,0.0836,0.0000
551,174,-10.6199,6,0,0.8632,0.667,0.167,0.0000,0.0000,0.1471,0.2000,-10.7343,0.0549,0.0676
555,175,-9.0000,4,0,0.8609,1.000,0.000,0.0000,0.0000,0.1499,0.2000,-9.0000,0.0386,0.0000
556,176,-3.0000,1,0,0.8656,1.000,0.000,0.0000,0.0000,0.1443,0.2000,-3.0000,-0.0120,0.0000
557,177,-3.0000,1,0,0.8760,1.000,0.000,0.0000,0.0000,0.1324,0.2000,-3.0000,0.0704,0.0000
562,178,-11.0000,5,0,0.8646,0.600,0.400,0.0000,0.0000,0.1456,0.2000,-11.0000,0.0930,0.0000
563,179,-3.0000,1,0,0.8768,1.000,0.000,0.0000,0.0000,0.1315,0.2000,-3.0000,-0.0009,0.0000
564,180,-3.0000,1,0,0.8803,1.000,0.000,0.0000,0.0000,0.1275,0.2000,-3.0000,0.1020,0.0000
574,181,-20.0000,10,0,0.8633,0.600,0.400,0.0000,0.0000,1.6013,0.2000,-20.0000,0.1419,0.0000
580,182,-13.0000,6,0,0.8335,0.667,0.333,0.0000,0.0000,0.1822,0.2000,-13.0000,0.1106,0.0000
582,183,-5.0000,2,0,0.8314,1.000,0.000,0.0000,0.0000,0.1848,0.2000,-5.0000,0.1367,0.0000
583,184,-3.0000,1,0,0.8419,1.000,0.000,0.0000,0.0000,0.1720,0.2000,-3.0000,0.0477,0.0000
584,185,-3.0000,1,0,0.8244,1.000,0.000,0.0000,0.0000,0.1931,0.2000,-3.0000,0.0609,0.0000
590,186,-13.0000,6,0,0.8196,0.833,0.167,0.0000,0.0000,0.7050,0.2000,-13.0000,0.1277,0.0000
591,187,-3.0000,1,0,0.8426,1.000,0.000,0.0000,0.0000,0.1713,0.2000,-3.0000,0.1388,0.0000
593,188,-5.0000,2,0,0.8195,0.500,0.500,0.0000,0.0000,0.1992,0.2000,-5.0000,0.0768,0.0000
594,189,-3.0000,1,0,0.8287,1.000,0.000,0.0000,0.0000,0.1879,0.2000,-3.0000,0.0949,0.0000
597,190,-7.0000,3,0,0.8309,0.333,0.667,0.0000,0.0000,0.1853,0.2000,-7.0000,0.0642,0.0000
600,191,-7.0000,3,0,0.8205,0.667,0.333,0.0000,0.0000,0.1980,0.2000,-7.0000,0.1506,0.0000
601,192,-3.0000,1,0,0.8355,1.000,0.000,0.0000,0.0000,0.1798,0.2000,-3.0000,0.1140,0.0000
602,193,-3.0000,1,0,0.8413,1.000,0.000,0.0000,0.0000,0.1728,0.2000,-3.0000,0.1073,0.0000
603,194,-3.0000,1,0,0.8353,1.000,0.000,0.0000,0.0000,0.1800,0.2000,-3.0000,0.1310,0.0000
604,195,-3.0000,1,0,0.8344,1.000,0.000,0.0000,0.0000,0.1811,0.2000,-3.0000,0.1041,0.0000
605,196,-3.0000,1,0,0.8404,1.000,0.000,0.0000,0.0000,0.1738,0.2000,-3.0000,0.1749,0.0000
615,197,-20.0000,10,0,0.8198,0.800,0.200,0.0000,0.0000,0.3531,0.2000,-20.0000,0.1737,0.0000
625,198,-20.0000,10,0,0.8422,0.700,0.300,0.0000,0.0000,0.8254,0.2000,-20.0000,0.1721,0.0000
635,199,-20.0000,10,0,0.8243,0.500,0.500,0.0000,0.0000,0.1934,0.2000,-20.0000,0.1531,0.0000
638,200,-7.0000,3,0,0.8348,0.667,0.333,0.0000,0.0000,1.8055,0.2000,-7.0000,0.1277,0.0000
640,201,-5.0000,2,0,0.8365,1.000,0.000,0.0000,0.0000,0.1787,0.2000,-5.0000,0.1762,0.0000
650,202,-20.0000,10,0,0.8182,0.700,0.300,0.0000,0.0000,0.2007,0.2000,-20.0000,0.1366,0.0000
651,203,-3.0000,1,0,0.8394,1.000,0.000,0.0000,0.0000,0.1751,0.2000,-3.0000,0.0549,0.0000
652,204,-3.0000,1,0,0.8543,1.000,0.000,0.0000,0.0000,0.1575,0.2000,-3.0000,0.2125,0.0000
656,205,-9.0000,4,0,0.8262,0.500,0.500,0.0000,0.0000,0.9455,0.2000,-9.0000,0.1419,0.0000
666,206,-20.0000,10,0,0.8250,0.600,0.400,0.0000,0.0000,0.3521,0.2000,-20.0000,0.1730,0.0000
667,207,-3.0000,1,0,0.8468,1.000,0.000,0.0000,0.0000,0.1663,0.2000,-3.0000,0.0730,0.0000
669,208,-5.0000,2,0,0.8379,1.000,0.000,0.0000,0.0000,0.1770,0.2000,-5.0000,0.1393,0.0000
673,209,-9.0000,4,0,0.8354,0.750,0.250,0.0000,0.0000,0.1799,0.2000,-9.0000,0.0885,0.0000
674,210,-3.0000,1,0,0.8581,1.000,0.000,0.0000,0.0000,0.1530,0.2000,-3.0000,0.1302,0.0000
680,211,-13.0000,6,0,0.8435,0.667,0.333,0.0000,0.0000,0.1703,0.2000,-13.0000,0.1291,0.0000
681,212,-3.0000,1,0,0.8699,1.000,0.000,0.0000,0.0000,0.1394,0.2000,-3.0000,0.1587,0.0000
682,213,-3.0000,1,0,0.8615,1.000,0.000,0.0000,0.0000,0.1490,0.2000,-3.0000,0.0740,0.0000
683,214,-3.0000,1,0,0.8570,1.000,0.000,0.0000,0.0000,0.1543,0.2000,-3.0000,0.0562,0.0000
684,215,-3.0000,1,0,0.8644,1.000,0.000,0.0000,0.0000,0.1457,0.2000,-3.0000,0.1051,0.0000
685,216,-3.0000,1,0,0.8716,1.000,0.000,0.0000,0.0000,0.1374,0.2000,-3.0000,0.0994,0.0000
687,217,-5.0000,2,0,0.8601,1.000,0.000,0.0000,0.0000,0.1508,0.2000,-5.0000,0.1424,0.0000
688,218,-3.0000,1,0,0.8766,1.000,0.000,0.0000,0.0000,0.1317,0.2000,-3.0000,0.1370,0.0000
689,219,-3.0000,1,0,0.8728,1.000,0.000,0.0000,0.0000,0.1360,0.2000,-3.0000,0.0811,0.0000
690,220,-3.0000,1,0,0.8719,1.000,0.000,0.0000,0.0000,0.1370,0.2000,-3.0000,0.0945,0.0000
691,221,-3.0000,1,0,0.8676,1.000,0.000,0.0000,0.0000,0.1421,0.2000,-3.0000,0.0529,0.0000
694,222,-7.0000,3,0,0.8676,0.333,0.667,0.0000,0.0000,0.1420,0.2000,-7.0000,0.1150,0.0000
695,223,-3.0000,1,0,0.8821,1.000,0.000,0.0000,0.0000,0.1255,0.2000,-3.0000,0.0820,0.0000
698,224,-7.0000,3,0,0.8757,0.333,0.667,0.0000,0.0000,0.1328,0.2000,-7.0000,0.0770,0.0000
708,225,-21.0000,10,0,0.8760,0.700,0.300,0.0000,0.0000,0.3230,0.2000,-21.0000,0.1429,0.0000
710,226,-5.0000,2,0,0.8882,0.500,0.500,0.0000,0.0000,0.1187,0.2000,-5.0000,0.0950,0.0000
714,227,-9.0000,4,0,0.8873,0.250,0.750,0.0000,0.0000,0.1197,0.2000,-9.0000,0.0696,0.0000
716,228,-5.0000,2,0,0.8932,1.000,0.000,0.0000,0.0000,0.1130,0.2000,-5.0000,0.0622,0.0000
722,229,-13.0000,6,0,0.8889,0.167,0.833,0.0000,0.0000,0.1178,0.2000,-13.0000,0.0478,0.0000
723,230,-3.0000,1,0,0.9065,1.000,0.000,0.0000,0.0000,0.0982,0.2000,-3.0000,0.0712,0.0000
724,231,-3.0000,1,0,0.9069,1.000,0.000,0.0000,0.0000,0.0977,0.2000,-3.0000,0.0644,0.0000
728,232,-9.0000,4,0,0.8917,0.750,0.250,0.0000,0.0000,1.1600,0.2000,-9.0000,0.0117,0.0000
729,233,-3.0000,1,0,0.9083,1.000,0.000,0.0000,0.0000,0.0962,0.2000,-3.0000,0.1178,0.0000
736,234,-15.0000,7,0,0.8949,0.714,0.286,0.0000,0.0000,0.1111,0.2000,-15.0000,0.1166,0.0000
738,235,-5.0000,2,0,0.8996,0.500,0.500,0.0000,0.0000,0.1058,0.2000,-5.0000,0.0326,0.0000
740,236,-5.0000,2,0,0.9025,1.000,0.000,0.0000,0.0000,0.1026,0.2000,-5.0000,0.0717,0.0000
741,237,-3.0000,1,0,0.9104,1.000,0.000,0.0000,0.0000,0.0938,0.2000,-3.0000,0.0913,0.0000
751,238,-20.0000,10,0,0.8941,0.700,0.300,0.0000,0.0000,0.5328,0.2000,-20.0000,0.1365,0.0000
752,239,-3.0000,1,0,0.9072,1.000,0.000,0.0000,0.0000,0.0974,0.2000,-3.0000,0.0866,0.0000
762,240,-20.0000,10,0,0.8847,0.700,0.300,0.0000,0.0000,1.7191,0.2000,-20.0000,0.0811,0.0000
766,241,-9.0000,4,0,0.8633,0.750,0.250,0.0000,0.0000,0.1472,0.2000,-9.0000,0.0606,0.0000
767,242,-3.0000,1,0,0.8668,1.000,0.000,0.0000,0.0000,0.1429,0.2000,-3.0000,0.1088,0.0000
770,243,-7.0000,3,0,0.8470,0.667,0.333,0.0000,0.0000,0.1662,0.2000,-7.0000,0.1586,0.0000
772,244,-5.0000,2,0,0.8477,1.000,0.000,0.0000,0.0000,0.1656,0.2000,-5.0000,0.1810,0.0000
774,245,-5.0000,2,0,0.8485,1.000,0.000,0.0000,0.0000,0.1646,0.2000,-5.0000,0.2154,0.0000
775,246,-3.0000,1,0,0.8683,1.000,0.000,0.0000,0.0000,0.1413,0.2000,-3.0000,0.2374,0.0000
778,247,-7.0000,3,0,0.8498,1.000,0.000,0.0000,0.0000,0.1629,0.2000,-7.0000,0.1155,0.0000
779,248,-3.0000,1,0,0.8627,1.000,0.000,0.0000,0.0000,0.1477,0.2000,-3.0000,0.1225,0.0000
782,249,-7.0000,3,0,0.8415,0.333,0.667,0.0000,0.0000,0.1727,0.2000,-7.0000,0.1709,0.0000
783,250,-3.0000,1,0,0.8731,1.000,0.000,0.0000,0.0000,0.1357,0.2000,-3.0000,0.2341,0.0000
784,251,-3.0000,1,0,0.8690,1.000,0.000,0.0000,0.0000,0.1405,0.2000,-3.0000,0.0802,0.0000
794,252,-20.0000,10,0,0.8407,0.600,0.400,0.0000,0.0000,0.5210,0.2000,-20.0000,0.2383,0.0000
797,253,-7.0000,3,0,0.8586,0.667,0.333,0.0000,0.0000,0.1526,0.2000,-7.0000,0.1314,0.0000
807,254,-20.0000,10,0,0.8426,0.500,0.500,0.0000,0.0000,0.9819,0.2000,-20.0000,0.1899,0.0000
809,255,-5.0000,2,0,0.8429,0.500,0.500,0.0000,0.0000,0.1713,0.2000,-5.0000,0.1706,0.0000
810,256,-3.0000,1,0,0.8643,1.000,0.000,0.0000,0.0000,0.1458,0.2000,-3.0000,0.1849,0.0000
811,257,-3.0000,1,0,0.8647,1.000,0.000,0.0000,0.0000,0.1453,0.2000,-3.0000,0.1373,0.0000
813,258,-5.0000,2,0,0.8403,0.500,0.500,0.0000,0.0000,0.1745,0.2000,-5.0000,0.2466,0.0000
814,259,-3.0000,1,0,0.8441,1.000,0.000,0.0000,0.0000,0.1694,0.2000,-3.0000,0.1320,0.0000
816,260,-5.0000,2,0,0.8290,0.500,0.500,0.0000,0.0000,0.1879,0.2000,-5.0000,0.1725,0.0000
818,261,-5.0000,2,0,0.8417,1.000,0.000,0.0000,0.0000,0.1727,0.2000,-5.0000,0.2142,0.0000
819,262,-3.0000,1,0,0.8633,1.000,0.000,0.0000,0.0000,0.1470,0.2000,-3.0000,0.2257,0.0000
821,263,-5.0000,2,0,0.8321,0.500,0.500,0.0000,0.0000,0.1841,0.2000,-5.0000,0.2429,0.0000
824,264,-7.0000,3,0,0.8335,0.667,0.333,0.0000,0.0000,0.1822,0.2000,-7.0000,0.1217,0.0000
829,265,-11.0000,5,0,0.8259,0.600,0.400,0.0000,0.0000,0.1914,0.2000,-11.0000,0.2162,0.0000
831,266,-5.0000,2,0,0.8495,0.500,0.500,0.0000,0.0000,0.1635,0.2000,-5.0000,0.2326,0.0000
833,267,-5.0000,2,0,0.8541,0.500,0.500,0.0000,0.0000,0.1577,0.2000,-5.0000,0.1216,0.0000
834,268,-3.0000,1,0,0.8737,1.000,0.000,0.0000,0.0000,0.1350,0.2000,-3.0000,0.1062,0.0000
844,269,-21.0000,10,0,0.8506,0.600,0.400,0.0000,0.0000,0.1619,0.2000,-21.0000,0.1874,0.0000
854,270,-20.0000,10,0,0.8671,0.200,0.800,0.0000,0.0000,0.1427,0.2000,-20.0000,0.1644,0.0000
855,271,-3.0000,1,0,0.8959,1.000,0.000,0.0000,0.0000,0.1099,0.2000,-3.0000,0.1219,0.0000
857,272,-5.0000,2,0,0.8972,0.500,0.500,0.0000,0.0000,2.2831,0.2000,-5.0000,0.1148,0.0000
859,273,-5.0000,2,0,0.8841,0.500,0.500,0.0000,0.0000,0.1233,0.2000,-5.0000,0.1158,0.0000
865,274,-13.0000,6,0,0.8785,0.500,0.500,0.0000,0.0000,1.4141,0.2000,-13.0000,0.1970,0.0000
866,275,-3.0000,1,0,0.8823,1.000,0.000,0.0000,0.0000,0.1252,0.2000,-3.0000,0.0517,0.0000
876,276,-20.0000,10,0,0.8481,0.500,0.500,0.0000,0.0000,1.3238,0.2000,-20.0000,0.1945,0.0000
886,277,-20.0000,10,0,0.8088,0.200,0.800,0.0000,0.0000,0.2127,0.2000,-20.0000,0.1802,0.0000
887,278,-3.0000,1,0,0.8325,1.000,0.000,0.0000,0.0000,0.1833,0.2000,-3.0000,0.2752,0.0000
888,279,-3.0000,1,0,0.8098,1.000,0.000,0.0000,0.0000,0.2110,0.2000,-3.0000,0.1649,0.0000
889,280,-3.0000,1,0,0.8344,1.000,0.000,0.0000,0.0000,0.1810,0.2000,-3.0000,0.2086,0.0000
890,281,-3.0000,1,0,0.8282,1.000,0.000,0.0000,0.0000,0.1885,0.2000,-3.0000,0.2196,0.0000
892,282,-5.0000,2,0,0.7941,0.500,0.500,0.0000,0.0000,0.2307,0.2000,-5.0000,0.1410,0.0000
902,283,-20.0000,10,0,0.7858,0.800,0.200,0.0000,0.0000,0.8707,0.2000,-20.0000,0.1520,0.0000
903,284,-3.0000,1,0,0.8283,1.000,0.000,0.0000,0.0000,0.1884,0.2000,-3.0000,0.2878,0.0000
904,285,-3.0000,1,0,0.8253,1.000,0.000,0.0000,0.0000,0.1921,0.2000,-3.0000,0.2796,0.0000
905,286,-3.0000,1,0,0.8257,1.000,0.000,0.0000,0.0000,0.1915,0.2000,-3.0000,0.2840,0.0000
915,287,-20.0000,10,0,0.7547,0.500,0.500,0.0000,0.0000,1.1346,0.2000,-20.0000,0.2539,0.0000
919,288,-9.0000,4,0,0.7357,0.500,0.500,0.0000,0.0000,0.3080,0.2000,-9.0000,0.2233,0.0000
922,289,-7.0000,3,0,0.7313,0.333,0.667,0.0000,0.0000,0.3142,0.2000,-7.0000,0.4106,0.0000
926,290,-9.0000,4,0,0.7035,1.000,0.000,0.0000,0.0000,0.3529,0.2000,-9.0000,0.2661,0.0000
927,291,-3.0000,1,0,0.7414,1.000,0.000,0.0000,0.0000,0.2992,0.2000,-3.0000,0.2283,0.0000
937,292,-20.0000,10,0,0.7296,0.200,0.800,0.0000,0.0000,0.3157,0.2000,-20.0000,0.5078,0.0000
938,293,-3.0000,1,0,0.7738,1.000,0.000,0.0000,0.0000,0.2564,0.2000,-3.0000,0.1365,0.0000
939,294,-3.0000,1,0,0.7809,1.000,0.000,0.0000,0.0000,0.2474,0.2000,-3.0000,0.3458,0.0000
947,295,-17.0000,8,0,0.7599,0.625,0.375,0.0000,0.0000,0.4124,0.2000,-17.0000,0.4140,0.0000
948,296,-3.0000,1,0,0.8226,1.000,0.000,0.0000,0.0000,0.1953,0.2000,-3.0000,0.2396,0.0000
949,297,-3.0000,1,0,0.8275,1.000,0.000,0.0000,0.0000,0.1893,0.2000,-3.0000,0.1344,0.0000
950,298,-3.0000,1,0,0.8287,1.000,0.000,0.0000,0.0000,1.7641,0.2000,-3.0000,0.1370,0.0000
956,299,-13.0000,6,0,0.7997,0.833,0.167,0.0000,0.0000,0.8866,0.2000,-13.0000,0.4017,0.0000
957,300,-3.0000,1,0,0.8292,1.000,0.000,0.0000,0.0000,0.1873,0.2000,-3.0000,0.4062,0.0000
961,301,-9.0000,4,0,0.7848,0.750,0.250,0.0000,0.0000,0.2430,0.2000,-9.0000,0.2210,0.0000
962,302,-3.0000,1,0,0.8123,1.000,0.000,0.0000,0.0000,0.2079,0.2000,-3.0000,0.1757,0.0000
963,303,-3.0000,1,0,0.8232,1.000,0.000,0.0000,0.0000,0.1946,0.2000,-3.0000,0.2636,0.0000
972,304,-19.0000,9,0,0.7654,0.667,0.333,0.0000,0.0000,0.2681,0.2000,-19.0000,0.4985,0.0000
973,305,-3.0000,1,0,0.8348,1.000,0.000,0.0000,0.0000,0.1806,0.2000,-3.0000,0.3620,0.0000
977,306,-9.0000,4,0,0.8001,0.250,0.750,0.0000,0.0000,0.2231,0.2000,-9.0000,0.1358,0.0000
981,307,-9.0000,4,0,0.8278,0.500,0.500,0.0000,0.0000,0.1892,0.2000,-9.0000,0.1988,0.0000
982,308,-3.0000,1,0,0.8539,1.000,0.000,0.0000,0.0000,0.1579,0.2000,-3.0000,0.0924,0.0000
986,309,-9.0000,4,0,0.8315,0.500,0.500,0.0000,0.0000,0.1846,0.2000,-9.0000,0.1462,0.0000
996,310,-17.8971,10,0,0.8207,0.600,0.300,0.0000,0.0000,0.1978,0.2000,-18.0092,0.2486,0.0950
999,311,-7.0000,3,0,0.8573,0.333,0.667,0.0000,0.0000,0.1541,0.2000,-7.0000,0.1848,0.0000
1001,312,-5.0000,2,0,0.8800,0.500,0.500,0.0000,0.0000,0.1278,0.2000,-5.0000,0.1217,0.0000
1011,313,-20.0000,10,0,0.8566,0.500,0.500,0.0000,0.0000,0.1549,0.2000,-20.0000,0.2530,0.0000
1012,314,-3.0000,1,0,0.8981,1.000,0.000,0.0000,0.0000,0.1074,0.2000,-3.0000,0.0986,0.0000
1014,315,-5.0000,2,0,0.8808,0.500,0.500,0.0000,0.0000,0.1271,0.2000,-5.0000,0.1833,0.0000
1024,316,-20.0000,10,0,0.8618,0.600,0.400,0.0000,0.0000,1.9869,0.2000,-20.0000,0.2338,0.0000
1025,317,-3.0000,1,0,0.8670,1.000,0.000,0.0000,0.0000,0.1427,0.2000,-3.0000,0.1763,0.0000
1028,318,-7.0000,3,0,0.8483,0.333,0.667,0.0000,0.0000,0.1647,0.2000,-7.0000,0.1639,0.0000
1030,319,-5.0000,2,0,0.8428,0.500,0.500,0.0000,0.0000,0.1714,0.2000,-5.0000,0.2061,0.0000
1031,320,-3.0000,1,0,0.8615,1.000,0.000,0.0000,0.0000,0.1490,0.2000,-3.0000,0.2516,0.0000
1032,321,-3.0000,1,0,0.8660,1.000,0.000,0.0000,0.0000,0.1439,0.2000,-3.0000,0.2912,0.0000
1033,322,-3.0000,1,0,0.8466,1.000,0.000,0.0000,0.0000,0.1665,0.2000,-3.0000,0.2239,0.0000
1034,323,-3.0000,1,0,0.8644,1.000,0.000,0.0000,0.0000,0.1457,0.2000,-3.0000,0.3433,0.0000
1040,324,-13.0000,6,0,0.8090,0.667,0.333,0.0000,0.0000,0.2121,0.2000,-13.0000,0.2722,0.0000
1041,325,-3.0000,1,0,0.8649,1.000,0.000,0.0000,0.0000,0.1452,0.2000,-3.0000,0.3688,0.0000
1042,326,-3.0000,1,0,0.8612,1.000,0.000,0.0000,0.0000,0.1494,0.2000,-3.0000,0.1404,0.0000
1044,327,-5.0000,2,0,0.8438,0.500,0.500,0.0000,0.0000,0.1699,0.2000,-5.0000,0.1779,0.0000
1046,328,-5.0000,2,0,0.8470,0.500,0.500,0.0000,0.0000,0.1661,0.2000,-5.0000,0.1599,0.0000
1047,329,-3.0000,1,0,0.8504,1.000,0.000,0.0000,0.0000,0.1621,0.2000,-3.0000,0.1297,0.0000
1050,330,-7.0000,3,0,0.8491,0.333,0.667,0.0000,0.0000,0.1637,0.2000,-7.0000,0.0731,0.0000
1060,331,-20.0000,10,0,0.8251,0.500,0.500,0.0000,0.0000,0.1925,0.2000,-20.0000,0.3431,0.0000
1070,332,-21.0000,10,0,0.8453,0.400,0.600,0.0000,0.0000,0.1682,0.2000,-21.0000,0.2955,0.0000
1080,333,-20.0000,10,0,0.8624,0.600,0.400,0.0000,0.0000,0.6872,0.2000,-20.0000,0.2107,0.0000
1082,334,-5.0000,2,0,0.8908,1.000,0.000,0.0000,0.0000,0.1157,0.2000,-5.0000,0.1527,0.0000
1083,335,-3.0000,1,0,0.8933,1.000,0.000,0.0000,0.0000,0.1128,0.2000,-3.0000,0.0545,0.0000
1084,336,-3.0000,1,0,0.9041,1.000,0.000,0.0000,0.0000,0.1009,0.2000,-3.0000,0.0543,0.0000
1086,337,-5.0000,2,0,0.8730,0.500,0.500,0.0000,0.0000,0.1361,0.2000,-5.0000,0.2194,0.0000
1092,338,-13.0000,6,0,0.8699,0.500,0.500,0.0000,0.0000,0.1396,0.2000,-13.0000,0.2176,0.0000
1093,339,-3.0000,1,0,0.9046,1.000,0.000,0.0000,0.0000,0.1003,0.2000,-3.0000,0.1701,0.0000
1094,340,-3.0000,1,0,0.9012,1.000,0.000,0.0000,0.0000,0.1040,0.2000,-3.0000,0.2162,0.0000
1095,341,-3.0000,1,0,0.9002,1.000,0.000,0.0000,0.0000,0.1052,0.2000,-3.0000,0.0864,0.0000
1097,342,-5.0000,2,0,0.8982,0.500,0.500,0.0000,0.0000,0.1073,0.2000,-5.0000,0.1424,0.0000
1099,343,-5.0000,2,0,0.8877,0.500,0.500,0.0000,0.0000,0.1191,0.2000,-5.0000,0.1389,0.0000
1100,344,-3.0000,1,0,0.9068,1.000,0.000,0.0000,0.0000,0.0978,0.2000,-3.0000,0.1481,0.0000
1101,345,-3.0000,1,0,0.9041,1.000,0.000,0.0000,0.0000,0.1008,0.2000,-3.0000,0.1115,0.0000
1108,346,-15.0000,7,0,0.8797,0.714,0.286,0.0000,0.0000,1.8074,0.2000,-15.0000,0.1553,0.0000
1109,347,-3.0000,1,0,0.8944,1.000,0.000,0.0000,0.0000,0.1117,0.2000,-3.0000,0.0822,0.0000
1112,348,-7.0000,3,0,0.8688,0.333,0.667,0.0000,0.0000,0.1409,0.2000,-7.0000,0.1674,0.0000
1113,349,-3.0000,1,0,0.8958,1.000,0.000,0.0000,0.0000,0.1100,0.2000,-3.0000,0.1653,0.0000
1123,350,-20.0000,10,0,0.8460,0.700,0.300,0.0000,0.0000,0.1676,0.2000,-20.0000,0.3758,0.0000
1124,351,-3.0000,1,0,0.8870,1.000,0.000,0.0000,0.0000,0.1199,0.2000,-3.0000,0.2519,0.0000
1125,352,-3.0000,1,0,0.8852,1.000,0.000,0.0000,0.0000,0.1219,0.2000,-3.0000,0.2626,0.0000
1135,353,-20.0000,10,0,0.8362,0.800,0.200,0.0000,0.0000,1.1219,0.2000,-20.0000,0.3436,0.0000
1138,354,-7.0000,3,0,0.8397,1.000,0.000,0.0000,0.0000,0.6727,0.2000,-7.0000,0.2166,0.0000
1148,355,-20.0000,10,0,0.8019,0.500,0.500,0.0000,0.0000,0.2211,0.2000,-20.0000,0.3070,0.0000
1149,356,-3.0000,1,0,0.8599,1.000,0.000,0.0000,0.0000,0.1509,0.2000,-3.0000,0.2822,0.0000
1150,357,-3.0000,1,0,0.8543,1.000,0.000,0.0000,0.0000,0.1575,0.2000,-3.0000,0.1825,0.0000
1153,358,-7.0000,3,0,0.8256,0.667,0.333,0.0000,0.0000,0.1919,0.2000,-7.0000,0.2047,0.0000
1163,359,-20.0000,10,0,0.8030,0.700,0.300,0.0000,0.0000,0.8972,0.2000,-20.0000,0.3818,0.0000
1169,360,-13.0000,6,0,0.8244,0.833,0.167,0.0000,0.0000,0.1932,0.2000,-13.0000,0.2457,0.0000
1170,361,-3.0000,1,0,0.8461,1.000,0.000,0.0000,0.0000,0.1671,0.2000,-3.0000,0.0035,0.0000
1171,362,-3.0000,1,0,0.8391,1.000,0.000,0.0000,0.0000,0.1754,0.2000,-3.0000,0.3140,0.0000
1172,363,-3.0000,1,0,0.8486,1.000,0.000,0.0000,0.0000,0.1642,0.2000,-3.0000,0.2819,0.0000
1173,364,-3.0000,1,0,0.8455,1.000,0.000,0.0000,0.0000,0.1679,0.2000,-3.0000,0.3093,0.0000
1174,365,-3.0000,1,0,0.8480,1.000,0.000,0.0000,0.0000,0.1648,0.2000,-3.0000,0.0856,0.0000
1175,366,-3.0000,1,0,0.8571,1.000,0.000,0.0000,0.0000,0.1542,0.2000,-3.0000,0.3435,0.0000
1177,367,-5.0000,2,0,0.8237,1.000,0.000,0.0000,0.0000,0.1942,0.2000,-5.0000,0.2796,0.0000
1187,368,-20.0000,10,0,0.8110,0.600,0.400,0.0000,0.0000,0.2098,0.2000,-20.0000,0.4610,0.0000
1188,369,-3.0000,1,0,0.8465,1.000,0.000,0.0000,0.0000,0.1666,0.2000,-3.0000,0.1994,0.0000
1190,370,-5.0000,2,0,0.8634,0.500,0.500,0.0000,0.0000,0.1470,0.2000,-5.0000,0.2204,0.0000
1192,371,-5.0000,2,0,0.8470,1.000,0.000,0.0000,0.0000,0.1667,0.2000,-5.0000,0.3754,0.0000
1202,372,-20.0000,10,0,0.8374,0.600,0.400,0.0000,0.0000,0.1776,0.2000,-20.0000,0.3003,0.0000
1212,373,-20.0000,10,0,0.8344,0.500,0.500,0.0000,0.0000,1.8175,0.2000,-20.0000,0.3595,0.0000
1215,374,-7.0000,3,0,0.8269,0.667,0.333,0.0000,0.0000,1.7719,0.2000,-7.0000,0.3288,0.0000
1220,375,-11.0000,5,0,0.7950,0.600,0.400,0.0000,0.0000,0.2302,0.2000,-11.0000,0.4472,0.0000
1221,376,-3.0000,1,0,0.8396,1.000,0.000,0.0000,0.0000,0.1748,0.2000,-3.0000,0.4081,0.0000
1223,377,-5.0000,2,0,0.7837,1.000,0.000,0.0000,0.0000,0.2447,0.2000,-5.0000,0.3289,0.0000
1224,378,-3.0000,1,0,0.8241,1.000,0.000,0.0000,0.0000,0.1935,0.2000,-3.0000,0.3591,0.0000
1225,379,-3.0000,1,0,0.8284,1.000,0.000,0.0000,0.0000,0.1882,0.2000,-3.0000,0.3967,0.0000
1228,380,-7.0000,3,0,0.7621,0.667,0.333,0.0000,0.0000,0.2738,0.2000,-7.0000,0.4141,0.0000
1230,381,-5.0000,2,0,0.7650,0.500,0.500,0.0000,0.0000,0.8229,0.2000,-5.0000,0.1858,0.0000
1232,382,-5.0000,2,0,0.7698,1.000,0.000,0.0000,0.0000,0.2622,0.2000,-5.0000,0.2576,0.0000
1233,383,-3.0000,1,0,0.8260,1.000,0.000,0.0000,0.0000,0.1912,0.2000,-3.0000,0.4317,0.0000
1234,384,-3.0000,1,0,0.8318,1.000,0.000,0.0000,0.0000,1.7823,0.2000,-3.0000,0.3966,0.0000
1235,385,-3.0000,1,0,0.7966,1.000,0.000,0.0000,0.0000,0.2274,0.2000,-3.0000,0.5333,0.0000
1236,386,-3.0000,1,0,0.7855,1.000,0.000,0.0000,0.0000,0.2414,0.2000,-3.0000,-0.0615,0.0000
1237,387,-3.0000,1,0,0.8063,1.000,0.000,0.0000,0.0000,0.2154,0.2000,-3.0000,0.2075,0.0000
1238,388,-3.0000,1,0,0.7914,1.000,0.000,0.0000,0.0000,1.5673,0.2000,-3.0000,0.1695,0.0000
1239,389,-3.0000,1,0,0.8084,1.000,0.000,0.0000,0.0000,0.2128,0.2000,-3.0000,0.1789,0.0000
1242,390,-7.0000,3,0,0.7852,0.333,0.667,0.0000,0.0000,0.2420,0.2000,-7.0000,0.2411,0.0000
1243,391,-3.0000,1,0,0.8094,1.000,0.000,0.0000,0.0000,0.2115,0.2000,-3.0000,0.4582,0.0000
1245,392,-5.0000,2,0,0.7810,0.500,0.500,0.0000,0.0000,0.2488,0.2000,-5.0000,0.3814,0.0000
1253,393,-17.0000,8,0,0.7477,0.250,0.750,0.0000,0.0000,0.2919,0.2000,-17.0000,0.6075,0.0000
1254,394,-3.0000,1,0,0.8356,1.000,0.000,0.0000,0.0000,0.1796,0.2000,-3.0000,0.3397,0.0000
1255,395,-3.0000,1,0,0.8388,1.000,0.000,0.0000,0.0000,0.1758,0.2000,-3.0000,0.3189,0.0000
1265,396,-17.8403,10,0,0.7691,0.400,0.500,0.0000,0.0000,1.0766,0.2000,-17.9141,0.5303,0.1247
1266,397,-3.0000,1,0,0.8392,1.000,0.000,0.0000,0.0000,0.1753,0.2000,-3.0000,0.3588,0.0000
1267,398,-3.0000,1,0,0.8264,1.000,0.000,0.0000,0.0000,0.1907,0.2000,-3.0000,0.2171,0.0000
1268,399,-3.0000,1,0,0.7987,1.000,0.000,0.0000,0.0000,0.2247,0.2000,-3.0000,0.1683,0.0000
1278,400,-20.0000,10,0,0.7380,0.400,0.600,0.0000,0.0000,0.6024,0.2000,-20.0000,0.4254,0.0000
1279,401,-3.0000,1,0,0.8117,1.000,0.000,0.0000,0.0000,0.2086,0.2000,-3.0000,0.3749,0.0000
1280,402,-3.0000,1,0,0.8237,1.000,0.000,0.0000,0.0000,0.1940,0.2000,-3.0000,0.3154,0.0000
1290,403,-20.0000,10,0,0.7352,0.500,0.500,0.0000,0.0000,0.7818,0.2000,-20.0000,0.4248,0.0000
1291,404,-3.0000,1,0,0.7919,1.000,0.000,0.0000,0.0000,0.2334,0.2000,-3.0000,0.3943,0.0000
1294,405,-7.0000,3,0,0.7306,0.667,0.333,0.0000,0.0000,0.3169,0.2000,-7.0000,0.4553,0.0000
1304,406,-20.0000,10,0,0.6902,0.500,0.500,0.0000,0.0000,0.8854,0.2000,-20.0000,0.4306,0.0000
1305,407,-3.0000,1,0,0.7491,1.000,0.000,0.0000,0.0000,0.2889,0.2000,-3.0000,0.2918,0.0000
1307,408,-5.0000,2,0,0.7116,0.500,0.500,0.0000,0.0000,0.3429,0.2000,-5.0000,0.5496,0.0000
1308,409,-3.0000,1,0,0.7768,1.000,0.000,0.0000,0.0000,0.2525,0.2000,-3.0000,0.7496,0.0000
1309,410,-3.0000,1,0,0.7633,1.000,0.000,0.0000,0.0000,0.2701,0.2000,-3.0000,0.3932,0.0000
1319,411,-20.0000,10,0,0.6636,0.600,0.400,0.0000,0.0000,0.6391,0.2000,-20.0000,0.7340,0.0000
1320,412,-3.0000,1,0,0.7663,1.000,0.000,0.0000,0.0000,0.2661,0.2000,-3.0000,0.4435,0.0000
1321,413,-3.0000,1,0,0.7199,1.000,0.000,0.0000,0.0000,0.3287,0.2000,-3.0000,0.4311,0.0000
1322,414,-3.0000,1,0,0.7408,1.000,0.000,0.0000,0.0000,0.3001,0.2000,-3.0000,0.5968,0.0000
1332,415,-20.0000,10,0,0.6518,0.400,0.600,0.0000,0.0000,0.8128,0.2000,-20.0000,0.8144,0.0000
1333,416,-3.0000,1,0,0.7472,1.000,0.000,0.0000,0.0000,0.2914,0.2000,-3.0000,0.7035,0.0000
1335,417,-5.0000,2,0,0.6794,0.500,0.500,0.0000,0.0000,0.3896,0.2000,-5.0000,0.5984,0.0000
1337,418,-5.0000,2,0,0.6967,0.500,0.500,0.0000,0.0000,0.3660,0.2000,-5.0000,0.8794,0.0000
1338,419,-3.0000,1,0,0.7425,1.000,0.000,0.0000,0.0000,0.2977,0.2000,-3.0000,0.5080,0.0000
1339,420,-3.0000,1,0,0.7300,1.000,0.000,0.0000,0.0000,0.3147,0.2000,-3.0000,0.5314,0.0000
1340,421,-3.0000,1,0,0.7191,1.000,0.000,0.0000,0.0000,0.3297,0.2000,-3.0000,0.5630,0.0000
1344,422,-9.0000,4,0,0.6570,0.500,0.500,0.0000,0.0000,0.4220,0.2000,-9.0000,0.4861,0.0000
1353,423,-19.0000,9,0,0.6402,0.667,0.333,0.0000,0.0000,0.4470,0.2000,-19.0000,0.5079,0.0000
1355,424,-5.0000,2,0,0.6905,0.500,0.500,0.0000,0.0000,0.3727,0.2000,-5.0000,0.4896,0.0000
1358,425,-7.0000,3,0,0.7028,1.000,0.000,0.0000,0.0000,1.2304,0.2000,-7.0000,0.5148,0.0000
1368,426,-20.0000,10,0,0.6754,0.600,0.400,0.0000,0.0000,0.3941,0.2000,-20.0000,0.6997,0.0000
1378,427,-20.0000,10,0,0.7185,0.400,0.600,0.0000,0.0000,0.6121,0.2000,-20.0000,0.6149,0.0000
1379,428,-3.0000,1,0,0.8268,1.000,0.000,0.0000,0.0000,0.1902,0.2000,-3.0000,0.4141,0.0000
1381,429,-5.0000,2,0,0.7957,0.500,0.500,0.0000,0.0000,0.2299,0.2000,-5.0000,0.3103,0.0000
1383,430,-5.0000,2,0,0.7579,0.500,0.500,0.0000,0.0000,0.2787,0.2000,-5.0000,0.3369,0.0000
1384,431,-3.0000,1,0,0.8443,1.000,0.000,0.0000,0.0000,0.1692,0.2000,-3.0000,0.5126,0.0000
1385,432,-3.0000,1,0,0.8241,1.000,0.000,0.0000,0.0000,0.1934,0.2000,-3.0000,0.5047,0.0000
1387,433,-5.0000,2,0,0.7822,1.000,0.000,0.0000,0.0000,1.5283,0.2000,-5.0000,0.2296,0.0000
1389,434,-5.0000,2,0,0.7859,1.000,0.000,0.0000,0.0000,0.2422,0.2000,-5.0000,0.4144,0.0000
1396,435,-15.0000,7,0,0.7872,0.571,0.429,0.0000,0.0000,0.2403,0.2000,-15.0000,0.4737,0.0000
1398,436,-5.0000,2,0,0.8053,0.500,0.500,0.0000,0.0000,0.2182,0.2000,-5.0000,0.4941,0.0000
1400,437,-5.0000,2,0,0.7951,0.500,0.500,0.0000,0.0000,0.2303,0.2000,-5.0000,0.4157,0.0000
1401,438,-3.0000,1,0,0.8415,1.000,0.000,0.0000,0.0000,0.1725,0.2000,-3.0000,0.4494,0.0000
1405,439,-9.0000,4,0,0.7636,1.000,0.000,0.0000,0.0000,0.2702,0.2000,-9.0000,0.2353,0.0000
1407,440,-5.0000,2,0,0.7869,1.000,0.000,0.0000,0.0000,0.2413,0.2000,-5.0000,0.4133,0.0000
1408,441,-3.0000,1,0,0.8569,1.000,0.000,0.0000,0.0000,0.1544,0.2000,-3.0000,0.3130,0.0000
1415,442,-15.0000,7,0,0.7913,0.857,0.143,0.0000,0.0000,0.2350,0.2000,-15.0000,0.6040,0.0000
1416,443,-3.0000,1,0,0.8767,1.000,0.000,0.0000,0.0000,2.0935,0.2000,-3.0000,0.3545,0.0000
1419,444,-7.0000,3,0,0.8390,0.333,0.667,0.0000,0.0000,0.1761,0.2000,-7.0000,0.3239,0.0000
1429,445,-20.0000,10,0,0.8124,0.200,0.800,0.0000,0.0000,0.2082,0.2000,-20.0000,0.4020,0.0000
1430,446,-3.0000,1,0,0.8919,1.000,0.000,0.0000,0.0000,0.1144,0.2000,-3.0000,0.2638,0.0000
1431,447,-3.0000,1,0,0.8723,1.000,0.000,0.0000,0.0000,0.1366,0.2000,-3.0000,0.1674,0.0000
1434,448,-7.0000,3,0,0.8472,0.333,0.667,0.0000,0.0000,0.1662,0.2000,-7.0000,0.2308,0.0000
1435,449,-3.0000,1,0,0.8727,1.000,0.000,0.0000,0.0000,2.0615,0.2000,-3.0000,0.2278,0.0000
1436,450,-3.0000,1,0,0.8953,1.000,0.000,0.0000,0.0000,0.1106,0.2000,-3.0000,0.2488,0.0000
1442,451,-13.0000,6,0,0.8358,0.500,0.500,0.0000,0.0000,0.1797,0.2000,-13.0000,0.2725,0.0000
1452,452,-20.0000,10,0,0.8458,0.400,0.600,0.0000,0.0000,0.8226,0.2000,-20.0000,0.2807,0.0000
1453,453,-3.0000,1,0,0.8779,1.000,0.000,0.0000,0.0000,0.1302,0.2000,-3.0000,0.0493,0.0000
1454,454,-3.0000,1,0,0.8919,1.000,0.000,0.0000,0.0000,0.1144,0.2000,-3.0000,0.2701,0.0000
1456,455,-5.0000,2,0,0.8633,1.000,0.000,0.0000,0.0000,0.1477,0.2000,-5.0000,0.3484,0.0000
1466,456,-20.0000,10,0,0.8498,0.500,0.500,0.0000,0.0000,0.6233,0.2000,-20.0000,0.3498,0.0000
1471,457,-11.0000,5,0,0.8593,0.600,0.400,0.0000,0.0000,0.1518,0.2000,-11.0000,0.2729,0.0000
1472,458,-3.0000,1,0,0.8847,1.000,0.000,0.0000,0.0000,0.1226,0.2000,-3.0000,0.3284,0.0000
1473,459,-3.0000,1,0,0.8911,1.000,0.000,0.0000,0.0000,0.1153,0.2000,-3.0000,0.3795,0.0000
1474,460,-3.0000,1,0,0.8820,1.000,0.000,0.0000,0.0000,0.1256,0.2000,-3.0000,0.4048,0.0000
1475,461,-3.0000,1,0,0.8929,1.000,0.000,0.0000,0.0000,0.1133,0.2000,-3.0000,0.2695,0.0000
1485,462,-20.0000,10,0,0.8142,0.600,0.400,0.0000,0.0000,1.1993,0.2000,-20.0000,0.4626,0.0000
1486,463,-3.0000,1,0,0.8790,1.000,0.000,0.0000,0.0000,0.1290,0.2000,-3.0000,0.3450,0.0000
1490,464,-9.0000,4,0,0.8089,1.000,0.000,0.0000,0.0000,0.2129,0.2000,-9.0000,0.2168,0.0000
1500,465,-20.0000,10,0,0.7724,0.500,0.500,0.0000,0.0000,0.3709,0.2000,-20.0000,0.3790,0.0000
1505,466,-11.0000,5,0,0.7833,0.600,0.400,0.0000,0.0000,0.2450,0.2000,-11.0000,0.5183,0.0000
1506,467,-3.0000,1,0,0.8605,1.000,0.000,0.0000,0.0000,0.1502,0.2000,-3.0000,0.3126,0.0000
1516,468,-20.0000,10,0,0.7816,0.600,0.400,0.0000,0.0000,0.2469,0.2000,-20.0000,0.4266,0.0000
1519,469,-7.0000,3,0,0.8262,0.333,0.667,0.0000,0.0000,0.1924,0.2000,-7.0000,0.4793,0.0000
1520,470,-3.0000,1,0,0.8786,1.000,0.000,0.0000,0.0000,0.1295,0.2000,-3.0000,0.2356,0.0000
1521,471,-3.0000,1,0,0.8851,1.000,0.000,0.0000,0.0000,0.1220,0.2000,-3.0000,0.3985,0.0000
1522,472,-3.0000,1,0,0.8888,1.000,0.000,0.0000,0.0000,0.1179,0.2000,-3.0000,0.3627,0.0000
1523,473,-3.0000,1,0,0.8913,1.000,0.000,0.0000,0.0000,0.1151,0.2000,-3.0000,0.4045,0.0000
1524,474,-3.0000,1,0,0.8932,1.000,0.000,0.0000,0.0000,0.1130,0.2000,-3.0000,0.4544,0.0000
1525,475,-3.0000,1,0,0.8870,1.000,0.000,0.0000,0.0000,0.1199,0.2000,-3.0000,0.1654,0.0000
1527,476,-5.0000,2,0,0.8648,1.000,0.000,0.0000,0.0000,0.1456,0.2000,-5.0000,0.3322,0.0000
1537,477,-20.0000,10,0,0.8288,0.600,0.400,0.0000,0.0000,1.3968,0.2000,-20.0000,0.4961,0.0000
1539,478,-5.0000,2,0,0.8757,0.500,0.500,0.0000,0.0000,0.1327,0.2000,-5.0000,0.1630,0.0000
1541,479,-5.0000,2,0,0.8593,0.500,0.500,0.0000,0.0000,0.1518,0.2000,-5.0000,0.3949,0.0000
1542,480,-3.0000,1,0,0.8715,1.000,0.000,0.0000,0.0000,0.1375,0.2000,-3.0000,0.4006,0.0000
1546,481,-9.0000,4,0,0.8010,0.500,0.500,0.0000,0.0000,0.2225,0.2000,-9.0000,0.1861,0.0000
1547,482,-3.0000,1,0,0.8779,1.000,0.000,0.0000,0.0000,0.1302,0.2000,-3.0000,0.5169,0.0000
1548,483,-3.0000,1,0,0.8674,1.000,0.000,0.0000,0.0000,0.1422,0.2000,-3.0000,0.3888,0.0000
1549,484,-3.0000,1,0,0.8757,1.000,0.000,0.0000,0.0000,0.1328,0.2000,-3.0000,0.3914,0.0000
1550,485,-3.0000,1,0,0.8777,1.000,0.000,0.0000,0.0000,0.1304,0.2000,-3.0000,0.2750,0.0000
1551,486,-3.0000,1,0,0.8434,1.000,0.000,0.0000,0.0000,0.1703,0.2000,-3.0000,0.1878,0.0000
1552,487,-3.0000,1,0,0.8403,1.000,0.000,0.0000,0.0000,0.1740,0.2000,-3.0000,0.3404,0.0000
1562,488,-20.0000,10,0,0.7632,0.600,0.400,0.0000,0.0000,1.1561,0.2000,-20.0000,0.7041,0.0000
1563,489,-3.0000,1,0,0.8116,1.000,0.000,0.0000,0.0000,0.2088,0.2000,-3.0000,0.1075,0.0000
1573,490,-20.0000,10,0,0.7172,0.700,0.300,0.0000,0.0000,0.3339,0.2000,-20.0000,0.5659,0.0000
1578,491,-11.0000,5,0,0.7869,0.400,0.600,0.0000,0.0000,0.2406,0.2000,-11.0000,0.7029,0.0000
1579,492,-3.0000,1,0,0.8541,1.000,0.000,0.0000,0.0000,0.1577,0.2000,-3.0000,0.4236,0.0000
1580,493,-3.0000,1,0,0.8443,1.000,0.000,0.0000,0.0000,0.1693,0.2000,-3.0000,0.5459,0.0000
1581,494,-3.0000,1,0,0.8480,1.000,0.000,0.0000,0.0000,0.1648,0.2000,-3.0000,0.4052,0.0000
1582,495,-3.0000,1,0,0.8133,1.000,0.000,0.0000,0.0000,0.2066,0.2000,-3.0000,0.1735,0.0000
1583,496,-3.0000,1,0,0.8450,1.000,0.000,0.0000,0.0000,0.1684,0.2000,-3.0000,0.3398,0.0000
1584,497,-3.0000,1,0,0.8606,1.000,0.000,0.0000,0.0000,0.1501,0.2000,-3.0000,0.3345,0.0000
1594,498,-20.0000,10,0,0.7619,0.400,0.600,0.0000,0.0000,1.1561,0.2000,-20.0000,0.5819,0.0000
1597,499,-7.0000,3,0,0.7637,0.667,0.333,0.0000,0.0000,0.2705,0.2000,-7.0000,0.3509,0.0000
1605,500,-17.0000,8,0,0.7256,0.375,0.625,0.0000,0.0000,0.3216,0.2000,-17.0000,0.6474,0.0000
1606,501,-3.0000,1,0,0.8359,1.000,0.000,0.0000,0.0000,0.1792,0.2000,-3.0000,0.5796,0.0000
1610,502,-9.0000,4,0,0.7514,0.250,0.750,0.0000,0.0000,0.2881,0.2000,-9.0000,0.3939,0.0000
1611,503,-3.0000,1,0,0.8002,1.000,0.000,0.0000,0.0000,0.2228,0.2000,-3.0000,0.3849,0.0000
1612,504,-3.0000,1,0,0.8501,1.000,0.000,0.0000,0.0000,0.1624,0.2000,-3.0000,0.6680,0.0000
1613,505,-3.0000,1,0,0.7949,1.000,0.000,0.0000,0.0000,0.2296,0.2000,-3.0000,0.3569,0.0000
1614,506,-3.0000,1,0,0.8404,1.000,0.000,0.0000,0.0000,0.1738,0.2000,-3.0000,0.3289,0.0000
1615,507,-3.0000,1,0,0.8558,1.000,0.000,0.0000,0.0000,0.1557,0.2000,-3.0000,0.5905,0.0000
1621,508,-13.0000,6,0,0.7999,0.333,0.667,0.0000,0.0000,1.0987,0.2000,-13.0000,0.4485,0.0000
1622,509,-3.0000,1,0,0.8246,1.000,0.000,0.0000,0.0000,0.1929,0.2000,-3.0000,0.4568,0.0000
1632,510,-20.0000,10,0,0.7389,0.300,0.700,0.0000,0.0000,0.3036,0.2000,-20.0000,0.5157,0.0000
1633,511,-3.0000,1,0,0.8430,1.000,0.000,0.0000,0.0000,0.1708,0.2000,-3.0000,0.3204,0.0000
1634,512,-3.0000,1,0,0.8457,1.000,0.000,0.0000,0.0000,0.1676,0.2000,-3.0000,0.3430,0.0000
1640,513,-13.0000,6,0,0.7752,0.167,0.833,0.0000,0.0000,0.2558,0.2000,-13.0000,0.5664,0.0000
1642,514,-5.0000,2,0,0.7872,0.500,0.500,0.0000,0.0000,0.2407,0.2000,-5.0000,0.4401,0.0000
1650,515,-17.0000,8,0,0.7974,0.625,0.375,0.0000,0.0000,0.2269,0.2000,-17.0000,0.5379,0.0000
1653,516,-7.0000,3,0,0.8461,0.667,0.333,0.0000,0.0000,0.1674,0.2000,-7.0000,0.2514,0.0000
1654,517,-3.0000,1,0,0.8885,1.000,0.000,0.0000,0.0000,0.1182,0.2000,-3.0000,0.3691,0.0000
1655,518,-3.0000,1,0,0.8775,1.000,0.000,0.0000,0.0000,0.1306,0.2000,-3.0000,0.4251,0.0000
1656,519,-3.0000,1,0,0.8510,1.000,0.000,0.0000,0.0000,0.1613,0.2000,-3.0000,0.2358,0.0000
1663,520,-15.0000,7,0,0.8342,0.429,0.571,0.0000,0.0000,0.1817,0.2000,-15.0000,0.4744,0.0000
1673,521,-20.0000,10,0,0.8310,0.600,0.400,0.0000,0.0000,0.4780,0.2000,-20.0000,0.5389,0.0000
1674,522,-3.0000,1,0,0.9078,1.000,0.000,0.0000,0.0000,0.0967,0.2000,-3.0000,0.3108,0.0000
1676,523,-5.0000,2,0,0.8636,0.500,0.500,0.0000,0.0000,0.1479,0.2000,-5.0000,0.4047,0.0000
1677,524,-3.0000,1,0,0.8907,1.000,0.000,0.0000,0.0000,2.2138,0.2000,-3.0000,0.1330,0.0000
1679,525,-5.0000,2,0,0.8786,0.500,0.500,0.0000,0.0000,0.1302,0.2000,-5.0000,0.4249,0.0000
1680,526,-3.0000,1,0,0.9093,1.000,0.000,0.0000,0.0000,0.0951,0.2000,-3.0000,0.3643,0.0000
1681,527,-3.0000,1,0,0.9061,1.000,0.000,0.0000,0.0000,0.0986,0.2000,-3.0000,0.3636,0.0000
1683,528,-5.0000,2,0,0.8745,0.500,0.500,0.0000,0.0000,0.1344,0.2000,-5.0000,0.3268,0.0000
1693,529,-20.0000,10,0,0.8345,0.500,0.500,0.0000,0.0000,0.4842,0.2000,-20.0000,0.4119,0.0000
1703,530,-20.0000,10,0,0.8441,0.400,0.600,0.0000,0.0000,1.1261,0.2000,-20.0000,0.2440,0.0000
1704,531,-3.0000,1,0,0.8715,1.000,0.000,0.0000,0.0000,2.0519,0.2000,-3.0000,0.2584,0.0000
1705,532,-3.0000,1,0,0.8946,1.000,0.000,0.0000,0.0000,0.1113,0.2000,-3.0000,0.3069,0.0000
1707,533,-5.0000,2,0,0.8520,0.500,0.500,0.0000,0.0000,1.9647,0.2000,-5.0000,0.4313,0.0000
1710,534,-7.0000,3,0,0.8013,0.667,0.333,0.0000,0.0000,0.2230,0.2000,-7.0000,0.4636,0.0000
1714,535,-9.0000,4,0,0.8467,0.500,0.500,0.0000,0.0000,0.1665,0.2000,-9.0000,0.1072,0.0000
1717,536,-7.0000,3,0,0.8159,0.667,0.333,0.0000,0.0000,0.2046,0.2000,-7.0000,0.3712,0.0000
1719,537,-5.0000,2,0,0.8156,0.500,0.500,0.0000,0.0000,0.2053,0.2000,-5.0000,0.4733,0.0000
1729,538,-20.0000,10,0,0.7662,0.500,0.500,0.0000,0.0000,0.5959,0.2000,-20.0000,0.5560,0.0000
1730,539,-3.0000,1,0,0.8238,1.000,0.000,0.0000,0.0000,0.1938,0.2000,-3.0000,0.1577,0.0000
1737,540,-15.0000,7,0,0.7704,0.714,0.286,0.0000,0.0000,0.2624,0.2000,-15.0000,0.6216,0.0000
1738,541,-3.0000,1,0,0.8368,1.000,0.000,0.0000,0.0000,0.1781,0.2000,-3.0000,0.2791,0.0000
1739,542,-3.0000,1,0,0.8690,1.000,0.000,0.0000,0.0000,0.1404,0.2000,-3.0000,0.3318,0.0000
1740,543,-3.0000,1,0,0.8764,1.000,0.000,0.0000,0.0000,0.1319,0.2000,-3.0000,0.3506,0.0000
1741,544,-3.0000,1,0,0.8732,1.000,0.000,0.0000,0.0000,0.1356,0.2000,-3.0000,0.5396,0.0000
1748,545,-15.0000,7,0,0.7984,0.571,0.429,0.0000,0.0000,0.2262,0.2000,-15.0000,0.6077,0.0000
1758,546,-20.0000,10,0,0.8169,0.600,0.400,0.0000,0.0000,0.8802,0.2000,-20.0000,0.4649,0.0000
1764,547,-13.0000,6,0,0.8322,0.667,0.333,0.0000,0.0000,0.1843,0.2000,-13.0000,0.4827,0.0000
1765,548,-3.0000,1,0,0.8550,1.000,0.000,0.0000,0.0000,1.9308,0.2000,-3.0000,0.1324,0.0000
1766,549,-3.0000,1,0,0.8779,1.000,0.000,0.0000,0.0000,0.1302,0.2000,-3.0000,0.1862,0.0000
1776,550,-21.0000,10,0,0.7762,0.700,0.300,0.0000,0.0000,0.2543,0.2000,-21.0000,0.6036,0.0000
1777,551,-3.0000,1,0,0.8839,1.000,0.000,0.0000,0.0000,0.1234,0.2000,-3.0000,0.5366,0.0000
1778,552,-3.0000,1,0,0.8740,1.000,0.000,0.0000,0.0000,0.1346,0.2000,-3.0000,0.3176,0.0000
1779,553,-3.0000,1,0,0.8675,1.000,0.000,0.0000,0.0000,0.1421,0.2000,-3.0000,0.3335,0.0000
1780,554,-3.0000,1,0,0.8781,1.000,0.000,0.0000,0.0000,0.1300,0.2000,-3.0000,0.3258,0.0000
1787,555,-15.0000,7,0,0.8211,0.571,0.429,0.0000,0.0000,0.1977,0.2000,-15.0000,0.4127,0.0000
1797,556,-20.0000,10,0,0.7983,0.700,0.300,0.0000,0.0000,1.6142,0.2000,-20.0000,0.2268,0.0000
1798,557,-3.0000,1,0,0.8677,1.000,0.000,0.0000,0.0000,0.1419,0.2000,-3.0000,0.3786,0.0000
1799,558,-3.0000,1,0,0.8319,1.000,0.000,0.0000,0.0000,0.1841,0.2000,-3.0000,0.2966,0.0000
1802,559,-7.0000,3,0,0.7773,0.667,0.333,0.0000,0.0000,0.2549,0.2000,-7.0000,0.4665,0.0000
1812,560,-20.0000,10,0,0.7246,0.200,0.800,0.0000,0.0000,1.3096,0.2000,-20.0000,0.6566,0.0000
1813,561,-3.0000,1,0,0.8118,1.000,0.000,0.0000,0.0000,0.2085,0.2000,-3.0000,0.8211,0.0000
1814,562,-3.0000,1,0,0.8137,1.000,0.000,0.0000,0.0000,0.2061,0.2000,-3.0000,0.7326,0.0000
1816,563,-5.0000,2,0,0.7097,0.500,0.500,0.0000,0.0000,0.3433,0.2000,-5.0000,0.2808,0.0000
1826,564,-17.8283,10,0,0.6163,0.500,0.400,0.0000,0.0000,0.8740,0.2000,-17.9757,0.5875,0.1743
1827,565,-3.0000,1,0,0.7202,1.000,0.000,0.0000,0.0000,0.3282,0.2000,-3.0000,0.6269,0.0000
1832,566,-11.0000,5,0,0.5939,0.400,0.600,0.0000,0.0000,0.5272,0.2000,-11.0000,1.0548,0.0000
1842,567,-20.0000,10,0,0.5600,0.400,0.600,0.0000,0.0000,0.5861,0.2000,-20.0000,1.0381,0.0000
1844,568,-5.0000,2,0,0.6645,1.000,0.000,0.0000,0.0000,0.4177,0.2000,-5.0000,0.8257,0.0000
1849,569,-11.0000,5,0,0.6224,0.600,0.400,0.0000,0.0000,0.4771,0.2000,-11.0000,0.7796,0.0000
1850,570,-3.0000,1,0,0.7417,1.000,0.000,0.0000,0.0000,0.2988,0.2000,-3.0000,0.4774,0.0000
1860,571,-20.0000,10,0,0.6598,0.700,0.300,0.0000,0.0000,0.5785,0.2000,-20.0000,0.9751,0.0000
1861,572,-3.0000,1,0,0.8199,1.000,0.000,0.0000,0.0000,0.1986,0.2000,-3.0000,0.7769,0.0000
1868,573,-15.0000,7,0,0.7054,0.429,0.571,0.0000,0.0000,0.3503,0.2000,-15.0000,0.5424,0.0000
1869,574,-3.0000,1,0,0.8399,1.000,0.000,0.0000,0.0000,0.1744,0.2000,-3.0000,0.5036,0.0000
1870,575,-3.0000,1,0,0.8434,1.000,0.000,0.0000,0.0000,0.1703,0.2000,-3.0000,0.8251,0.0000
1871,576,-3.0000,1,0,0.8379,1.000,0.000,0.0000,0.0000,0.1769,0.2000,-3.0000,0.6871,0.0000
1881,577,-20.0000,10,0,0.7218,0.500,0.500,0.0000,0.0000,0.9453,0.2000,-20.0000,0.5858,0.0000
1882,578,-3.0000,1,0,0.8505,1.000,0.000,0.0000,0.0000,0.1619,0.2000,-3.0000,0.8901,0.0000
1883,579,-3.0000,1,0,0.8124,1.000,0.000,0.0000,0.0000,0.2077,0.2000,-3.0000,0.4769,0.0000
1884,580,-3.0000,1,0,0.8143,1.000,0.000,0.0000,0.0000,0.2054,0.2000,-3.0000,0.4939,0.0000
1887,581,-7.0000,3,0,0.7381,0.667,0.333,0.0000,0.0000,0.3085,0.2000,-7.0000,0.5617,0.0000
1888,582,-3.0000,1,0,0.8300,1.000,0.000,0.0000,0.0000,0.1863,0.2000,-3.0000,0.5813,0.0000
1889,583,-3.0000,1,0,0.8304,1.000,0.000,0.0000,0.0000,0.1858,0.2000,-3.0000,0.5437,0.0000
1890,584,-3.0000,1,0,0.7735,1.000,0.000,0.0000,0.0000,0.2569,0.2000,-3.0000,0.2236,0.0000
1891,585,-3.0000,1,0,0.7671,1.000,0.000,0.0000,0.0000,1.4574,0.2000,-3.0000,0.0194,0.0000
1892,586,-3.0000,1,0,0.7679,1.000,0.000,0.0000,0.0000,0.2642,0.2000,-3.0000,-0.0114,0.0000
1893,587,-3.0000,1,0,0.8309,1.000,0.000,0.0000,0.0000,0.1852,0.2000,-3.0000,0.6589,0.0000
1894,588,-3.0000,1,0,0.8152,1.000,0.000,0.0000,0.0000,0.2043,0.2000,-3.0000,0.4119,0.0000
1904,589,-20.0000,10,0,0.6800,0.500,0.500,0.0000,0.0000,0.3873,0.2000,-20.0000,0.6634,0.0000
1911,590,-15.0000,7,0,0.7160,0.857,0.143,0.0000,0.0000,0.9465,0.2000,-15.0000,0.6598,0.0000
1912,591,-3.0000,1,0,0.8313,1.000,0.000,0.0000,0.0000,0.1847,0.2000,-3.0000,0.4427,0.0000
1922,592,-20.0000,10,0,0.7270,0.600,0.400,0.0000,0.0000,0.3205,0.2000,-20.0000,0.6362,0.0000
1923,593,-3.0000,1,0,0.7988,1.000,0.000,0.0000,0.0000,0.2246,0.2000,-3.0000,0.2710,0.0000
1924,594,-3.0000,1,0,0.8337,1.000,0.000,0.0000,0.0000,0.1819,0.2000,-3.0000,0.3554,0.0000
1927,595,-7.0000,3,0,0.7621,0.667,0.333,0.0000,0.0000,1.4880,0.2000,-7.0000,0.6578,0.0000
1928,596,-3.0000,1,0,0.8567,1.000,0.000,0.0000,0.0000,0.1546,0.2000,-3.0000,0.5099,0.0000
1932,597,-9.0000,4,0,0.7738,0.250,0.750,0.0000,0.0000,0.2588,0.2000,-9.0000,0.4124,0.0000
1933,598,-3.0000,1,0,0.8526,1.000,0.000,0.0000,0.0000,0.1594,0.2000,-3.0000,0.4326,0.0000
1934,599,-3.0000,1,0,0.7978,1.000,0.000,0.0000,0.0000,0.2260,0.2000,-3.0000,0.2441,0.0000
1935,600,-3.0000,1,0,0.8439,1.000,0.000,0.0000,0.0000,0.1697,0.2000,-3.0000,0.7009,0.0000
1945,601,-20.0000,10,0,0.7336,0.300,0.700,0.0000,0.0000,1.1883,0.2000,-20.0000,0.8292,0.0000
1951,602,-13.0000,6,0,0.7281,0.667,0.333,0.0000,0.0000,0.7405,0.2000,-13.0000,0.8157,0.0000
1953,603,-5.0000,2,0,0.7540,1.000,0.000,0.0000,0.0000,0.2849,0.2000,-5.0000,0.6869,0.0000
1954,604,-3.0000,1,0,0.8140,1.000,0.000,0.0000,0.0000,0.2058,0.2000,-3.0000,0.9114,0.0000
1955,605,-3.0000,1,0,0.8148,1.000,0.000,0.0000,0.0000,0.2048,0.2000,-3.0000,1.0602,0.0000
1957,606,-5.0000,2,0,0.7228,0.500,0.500,0.0000,0.0000,0.3269,0.2000,-5.0000,0.6694,0.0000
1967,607,-20.0000,10,0,0.6484,0.300,0.700,0.0000,0.0000,0.5478,0.2000,-20.0000,0.6647,0.0000
1968,608,-3.0000,1,0,0.8054,1.000,0.000,0.0000,0.0000,0.2165,0.2000,-3.0000,0.3850,0.0000
1969,609,-3.0000,1,0,0.8048,1.000,0.000,0.0000,0.0000,0.2172,0.2000,-3.0000,0.2752,0.0000
1970,610,-3.0000,1,0,0.8049,1.000,0.000,0.0000,0.0000,0.2170,0.2000,-3.0000,0.8155,0.0000
1971,611,-3.0000,1,0,0.7696,1.000,0.000,0.0000,0.0000,0.2619,0.2000,-3.0000,0.4429,0.0000
1973,612,-5.0000,2,0,0.7161,0.500,0.500,0.0000,0.0000,0.3374,0.2000,-5.0000,0.5616,0.0000
1974,613,-3.0000,1,0,0.7374,1.000,0.000,0.0000,0.0000,0.3047,0.2000,-3.0000,0.4090,0.0000
1975,614,-3.0000,1,0,0.8205,1.000,0.000,0.0000,0.0000,0.1978,0.2000,-3.0000,0.8632,0.0000
1980,615,-11.0000,5,0,0.7412,0.400,0.600,0.0000,0.0000,0.3001,0.2000,-11.0000,0.6330,0.0000
1981,616,-3.0000,1,0,0.8244,1.000,0.000,0.0000,0.0000,0.1931,0.2000,-3.0000,0.8401,0.0000
1982,617,-3.0000,1,0,0.8108,1.000,0.000,0.0000,0.0000,0.2098,0.2000,-3.0000,0.6231,0.0000
1984,618,-5.0000,2,0,0.7771,0.500,0.500,0.0000,0.0000,0.2543,0.2000,-5.0000,0.6537,0.0000
1985,619,-3.0000,1,0,0.8294,1.000,0.000,0.0000,0.0000,0.1870,0.2000,-3.0000,0.4935,0.0000
1989,620,-9.0000,4,0,0.7486,0.500,0.500,0.0000,0.0000,0.7633,0.2000,-9.0000,0.4436,0.0000
1993,621,-9.0000,4,0,0.7857,0.500,0.500,0.0000,0.0000,0.5549,0.2000,-9.0000,0.4202,0.0000
1994,622,-3.0000,1,0,0.8585,1.000,0.000,0.0000,0.0000,0.1526,0.2000,-3.0000,0.9112,0.0000
2004,623,-20.0000,10,0,0.6903,0.500,0.500,0.0000,0.0000,0.3725,0.2000,-20.0000,0.7134,0.0000
2005,624,-3.0000,1,0,0.8650,1.000,0.000,0.0000,0.0000,0.1450,0.2000,-3.0000,0.5087,0.0000
2009,625,-9.0000,4,0,0.7609,0.500,0.500,0.0000,0.0000,0.2743,0.2000,-9.0000,0.4488,0.0000
2019,626,-17.8938,10,0,0.7322,0.400,0.500,0.0000,0.0000,0.9696,0.2000,-17.8878,0.7802,0.1347
2023,627,-9.0000,4,0,0.7789,0.250,0.750,0.0000,0.0000,0.2517,0.2000,-9.0000,0.5219,0.0000
2025,628,-5.0000,2,0,0.7729,0.500,0.500,0.0000,0.0000,0.2612,0.2000,-5.0000,0.6279,0.0000
2028,629,-7.0000,3,0,0.7595,0.333,0.667,0.0000,0.0000,0.2767,0.2000,-7.0000,0.5921,0.0000
2029,630,-3.0000,1,0,0.8687,1.000,0.000,0.0000,0.0000,0.1407,0.2000,-3.0000,0.7020,0.0000
2035,631,-13.0000,6,0,0.7665,0.500,0.500,0.0000,0.0000,0.2683,0.2000,-13.0000,0.6980,0.0000
2036,632,-3.0000,1,0,0.8326,1.000,0.000,0.0000,0.0000,0.1832,0.2000,-3.0000,0.4102,0.0000
2037,633,-3.0000,1,0,0.8398,1.000,0.000,0.0000,0.0000,0.1746,0.2000,-3.0000,0.3030,0.0000
2038,634,-3.0000,1,0,0.8798,1.000,0.000,0.0000,0.0000,0.1281,0.2000,-3.0000,0.5622,0.0000
2039,635,-3.0000,1,0,0.8765,1.000,0.000,0.0000,0.0000,2.0918,0.2000,-3.0000,0.4282,0.0000
2042,636,-7.0000,3,0,0.8129,0.333,0.667,0.0000,0.0000,0.2071,0.2000,-7.0000,0.0675,0.0000
2043,637,-3.0000,1,0,0.8463,1.000,0.000,0.0000,0.0000,1.8729,0.2000,-3.0000,0.4470,0.0000
2044,638,-3.0000,1,0,0.8818,1.000,0.000,0.0000,0.0000,2.1352,0.2000,-3.0000,0.7420,0.0000
2045,639,-3.0000,1,0,0.8541,1.000,0.000,0.0000,0.0000,0.1577,0.2000,-3.0000,0.3164,0.0000
2046,640,-3.0000,1,0,0.8871,1.000,0.000,0.0000,0.0000,0.1198,0.2000,-3.0000,0.5004,0.0000
2047,641,-3.0000,1,0,0.8247,1.000,0.000,0.0000,0.0000,0.1927,0.2000,-3.0000,0.2240,0.0000
2051,642,-9.0000,4,0,0.8023,0.500,0.500,0.0000,0.0000,0.2218,0.2000,-9.0000,0.3310,0.0000
2053,643,-1.8517,2,0,0.8120,0.500,0.000,0.0000,0.0000,0.2105,0.2000,-2.4647,0.7010,0.0669
2054,644,-3.0000,1,0,0.8827,1.000,0.000,0.0000,0.0000,0.1248,0.2000,-3.0000,0.3072,0.0000
2056,645,-5.0000,2,0,0.7987,1.000,0.000,0.0000,0.0000,0.2309,0.2000,-5.0000,0.6680,0.0000
2057,646,-3.0000,1,0,0.8278,1.000,0.000,0.0000,0.0000,0.1889,0.2000,-3.0000,0.2597,0.0000
2067,647,-20.0000,10,0,0.7464,0.200,0.800,0.0000,0.0000,0.2936,0.2000,-20.0000,0.6696,0.0000
2069,648,-5.0000,2,0,0.8373,0.500,0.500,0.0000,0.0000,0.1778,0.2000,-5.0000,0.3917,0.0000
2071,649,-5.0000,2,0,0.8388,1.000,0.000,0.0000,0.0000,0.1780,0.2000,-5.0000,0.5859,0.0000
2081,650,-20.0000,10,0,0.7988,0.700,0.300,0.0000,0.0000,1.0129,0.2000,-20.0000,0.6307,0.0000
2082,651,-3.0000,1,0,0.8785,1.000,0.000,0.0000,0.0000,0.1295,0.2000,-3.0000,0.3375,0.0000
2083,652,-3.0000,1,0,0.8564,1.000,0.000,0.0000,0.0000,0.1550,0.2000,-3.0000,0.2893,0.0000
2093,653,-20.0000,10,0,0.7728,0.600,0.400,0.0000,0.0000,0.3898,0.2000,-20.0000,0.4325,0.0000
2094,654,-3.0000,1,0,0.8793,1.000,0.000,0.0000,0.0000,0.1287,0.2000,-3.0000,0.5112,0.0000
2104,655,-20.0000,10,0,0.7753,0.700,0.300,0.0000,0.0000,0.2560,0.2000,-20.0000,0.6415,0.0000
2105,656,-3.0000,1,0,0.8714,1.000,0.000,0.0000,0.0000,0.1377,0.2000,-3.0000,0.3248,0.0000
2107,657,-5.0000,2,0,0.8660,0.500,0.500,0.0000,0.0000,0.1441,0.2000,-5.0000,0.4232,0.0000
2108,658,-3.0000,1,0,0.8735,1.000,0.000,0.0000,0.0000,0.1352,0.2000,-3.0000,0.3657,0.0000
2109,659,-3.0000,1,0,0.8702,1.000,0.000,0.0000,0.0000,0.1390,0.2000,-3.0000,0.3701,0.0000
2110,660,-3.0000,1,0,0.8907,1.000,0.000,0.0000,0.0000,0.1157,0.2000,-3.0000,0.2287,0.0000
2111,661,-3.0000,1,0,0.8971,1.000,0.000,0.0000,0.0000,0.1085,0.2000,-3.0000,0.3978,0.0000
2112,662,-3.0000,1,0,0.9046,1.000,0.000,0.0000,0.0000,0.1003,0.2000,-3.0000,0.3282,0.0000
2113,663,-3.0000,1,0,0.8797,1.000,0.000,0.0000,0.0000,0.1282,0.2000,-3.0000,0.5009,0.0000
2114,664,-3.0000,1,0,0.9049,1.000,0.000,0.0000,0.0000,2.3528,0.2000,-3.0000,0.3325,0.0000
2124,665,-20.0000,10,0,0.8321,0.600,0.400,0.0000,0.0000,0.1849,0.2000,-20.0000,0.5902,0.0000
2132,666,-17.0000,8,0,0.8268,0.625,0.375,0.0000,0.0000,1.3099,0.2000,-17.0000,0.5353,0.0000
2141,667,-19.0000,9,0,0.7986,0.667,0.333,0.0000,0.0000,0.2267,0.2000,-19.0000,0.6746,0.0000
2144,668,-7.0000,3,0,0.8382,0.333,0.667,0.0000,0.0000,0.6936,0.2000,-7.0000,0.3612,0.0000
2145,669,-3.0000,1,0,0.8862,1.000,0.000,0.0000,0.0000,0.1208,0.2000,-3.0000,0.2850,0.0000
2146,670,-3.0000,1,0,0.8923,1.000,0.000,0.0000,0.0000,0.1139,0.2000,-3.0000,0.5123,0.0000
2151,671,-11.0000,5,0,0.8227,0.600,0.400,0.0000,0.0000,0.1967,0.2000,-11.0000,0.6642,0.0000
2152,672,-3.0000,1,0,0.8724,1.000,0.000,0.0000,0.0000,0.1365,0.2000,-3.0000,0.3110,0.0000
2162,673,-20.0000,10,0,0.8058,0.700,0.300,0.0000,0.0000,0.2169,0.2000,-20.0000,0.6547,0.0000
2167,674,-11.0000,5,0,0.8657,0.600,0.400,0.0000,0.0000,0.5080,0.2000,-11.0000,0.3892,0.0000
2168,675,-3.0000,1,0,0.9119,1.000,0.000,0.0000,0.0000,0.0922,0.2000,-3.0000,0.2880,0.0000
2170,676,-5.0000,2,0,0.8936,0.500,0.500,0.0000,0.0000,0.1128,0.2000,-5.0000,0.2472,0.0000
2174,677,-9.0000,4,0,0.8847,0.500,0.500,0.0000,0.0000,0.1229,0.2000,-9.0000,0.2442,0.0000
2176,678,-5.0000,2,0,0.9034,0.500,0.500,0.0000,0.0000,0.1016,0.2000,-5.0000,0.2237,0.0000
2177,679,-3.0000,1,0,0.9063,1.000,0.000,0.0000,0.0000,0.0984,0.2000,-3.0000,0.3075,0.0000
2178,680,-3.0000,1,0,0.9037,1.000,0.000,0.0000,0.0000,0.1013,0.2000,-3.0000,0.3922,0.0000
2180,681,-5.0000,2,0,0.8986,1.000,0.000,0.0000,0.0000,0.1072,0.2000,-5.0000,0.2855,0.0000
2181,682,-3.0000,1,0,0.8844,1.000,0.000,0.0000,0.0000,0.1228,0.2000,-3.0000,0.1786,0.0000
2191,683,-20.0000,10,0,0.8248,0.700,0.300,0.0000,0.0000,1.5546,0.2000,-20.0000,0.5593,0.0000
2192,684,-3.0000,1,0,0.8966,1.000,0.000,0.0000,0.0000,0.1091,0.2000,-3.0000,0.5174,0.0000
2197,685,-11.0000,5,0,0.8026,0.600,0.400,0.0000,0.0000,0.2209,0.2000,-11.0000,0.5564,0.0000
2202,686,-11.0000,5,0,0.8479,0.200,0.800,0.0000,0.0000,0.1655,0.2000,-11.0000,0.5987,0.0000
2203,687,-3.0000,1,0,0.8905,1.000,0.000,0.0000,0.0000,0.1160,0.2000,-3.0000,0.4144,0.0000
2208,688,-11.0000,5,0,0.8123,1.000,0.000,0.0000,0.0000,0.2097,0.2000,-11.0000,0.7715,0.0000
2209,689,-3.0000,1,0,0.8978,1.000,0.000,0.0000,0.0000,0.1078,0.2000,-3.0000,0.5533,0.0000
2219,690,-8.0422,10,0,0.7858,0.400,0.500,0.0000,0.0000,0.7741,0.2000,-8.0713,0.8352,0.1267
2221,691,-5.0000,2,0,0.8394,1.000,0.000,0.0000,0.0000,0.1780,0.2000,-5.0000,0.6717,0.0000
2231,692,-20.0000,10,0,0.7573,0.600,0.400,0.0000,0.0000,0.2794,0.2000,-20.0000,0.7119,0.0000
2233,693,-5.0000,2,0,0.8362,1.000,0.000,0.0000,0.0000,0.1801,0.2000,-5.0000,0.5048,0.0000
2234,694,-3.0000,1,0,0.8920,1.000,0.000,0.0000,0.0000,0.1143,0.2000,-3.0000,0.6576,0.0000
2235,695,-3.0000,1,0,0.8691,1.000,0.000,0.0000,0.0000,0.1403,0.2000,-3.0000,0.5120,0.0000
2237,696,-5.0000,2,0,0.8234,1.000,0.000,0.0000,0.0000,0.1954,0.2000,-5.0000,0.3007,0.0000
2238,697,-3.0000,1,0,0.9041,1.000,0.000,0.0000,0.0000,0.1008,0.2000,-3.0000,0.5248,0.0000
2239,698,-3.0000,1,0,0.8877,1.000,0.000,0.0000,0.0000,0.1192,0.2000,-3.0000,0.4015,0.0000
2243,699,-9.0000,4,0,0.8130,0.500,0.500,0.0000,0.0000,0.2087,0.2000,-9.0000,0.3380,0.0000
2244,700,-3.0000,1,0,0.9097,1.000,0.000,0.0000,0.0000,0.0947,0.2000,-3.0000,0.3620,0.0000
2245,701,-3.0000,1,0,0.8615,1.000,0.000,0.0000,0.0000,0.1491,0.2000,-3.0000,0.3016,0.0000
2248,702,-7.0000,3,0,0.8433,0.667,0.333,0.0000,0.0000,0.1710,0.2000,-7.0000,0.2911,0.0000
2249,703,-3.0000,1,0,0.8685,1.000,0.000,0.0000,0.0000,0.1410,0.2000,-3.0000,0.4066,0.0000
2259,704,-20.0000,10,0,0.8383,0.600,0.400,0.0000,0.0000,0.7513,0.2000,-20.0000,0.5238,0.0000
2260,705,-3.0000,1,0,0.9139,1.000,0.000,0.0000,0.0000,0.0901,0.2000,-3.0000,0.2140,0.0000
2264,706,-9.0000,4,0,0.8459,0.250,0.750,0.0000,0.0000,0.1683,0.2000,-9.0000,0.2955,0.0000
2271,707,-15.0000,7,0,0.8414,0.857,0.143,0.0000,0.0000,0.1746,0.2000,-15.0000,0.7427,0.0000
2273,708,-5.0000,2,0,0.8366,1.000,0.000,0.0000,0.0000,0.1789,0.2000,-5.0000,0.3224,0.0000
2275,709,-5.0000,2,0,0.8262,1.000,0.000,0.0000,0.0000,0.1924,0.2000,-5.0000,0.3363,0.0000
2276,710,-3.0000,1,0,0.8833,1.000,0.000,0.0000,0.0000,0.1241,0.2000,-3.0000,0.3166,0.0000
2278,711,-5.0000,2,0,0.8793,0.500,0.500,0.0000,0.0000,0.1297,0.2000,-5.0000,0.4667,0.0000
2282,712,-9.0000,4,0,0.8567,0.750,0.250,0.0000,0.0000,0.1555,0.2000,-9.0000,0.3571,0.0000
2283,713,-3.0000,1,0,0.8974,1.000,0.000,0.0000,0.0000,0.1082,0.2000,-3.0000,0.3020,0.0000
2289,714,-13.0000,6,0,0.8240,0.667,0.333,0.0000,0.0000,0.9504,0.2000,-13.0000,0.4787,0.0000
2292,715,-7.0000,3,0,0.8643,0.333,0.667,0.0000,0.0000,0.1462,0.2000,-7.0000,0.1600,0.0000
2294,716,-5.0000,2,0,0.8569,1.000,0.000,0.0000,0.0000,0.9195,0.2000,-5.0000,0.3768,0.0000
2295,717,-3.0000,1,0,0.9168,1.000,0.000,0.0000,0.0000,0.0869,0.2000,-3.0000,0.3410,0.0000
2298,718,-7.0000,3,0,0.8655,0.333,0.667,0.0000,0.0000,0.1453,0.2000,-7.0000,0.2948,0.0000
2300,719,-5.0000,2,0,0.8922,0.500,0.500,0.0000,0.0000,0.1140,0.2000,-5.0000,0.1525,0.0000
2307,720,-15.0000,7,0,0.8485,0.571,0.429,0.0000,0.0000,1.0727,0.2000,-15.0000,0.6879,0.0000
2308,721,-3.0000,1,0,0.9065,1.000,0.000,0.0000,0.0000,0.0982,0.2000,-3.0000,0.6307,0.0000
2309,722,-3.0000,1,0,0.8903,1.000,0.000,0.0000,0.0000,0.1162,0.2000,-3.0000,0.2288,0.0000
2311,723,7.8362,2,0,0.8509,0.500,0.000,0.0000,0.0000,1.9249,0.2000,7.4865,0.3834,0.0591
2321,724,-20.0000,10,0,0.7806,0.600,0.400,0.0000,0.0000,1.5784,0.2000,-20.0000,0.7380,0.0000
2322,725,-3.0000,1,0,0.8328,1.000,0.000,0.0000,0.0000,0.1830,0.2000,-3.0000,0.7978,0.0000
2332,726,-20.0000,10,0,0.6277,0.400,0.600,0.0000,0.0000,0.8120,0.2000,-20.0000,0.8574,0.0000
2342,727,-21.0000,10,0,0.5585,0.500,0.500,0.0000,0.0000,0.7239,0.2000,-21.0000,1.2567,0.0000
2345,728,-7.0000,3,0,0.5566,0.667,0.333,0.0000,0.0000,0.5948,0.2000,-7.0000,0.7238,0.0000
2346,729,-3.0000,1,0,0.6197,1.000,0.000,0.0000,0.0000,0.4785,0.2000,-3.0000,0.8201,0.0000
2348,730,-5.0000,2,0,0.5845,1.000,0.000,0.0000,0.0000,0.5507,0.2000,-5.0000,0.9255,0.0000
2349,731,-3.0000,1,0,0.6631,1.000,0.000,0.0000,0.0000,0.4109,0.2000,-3.0000,0.7726,0.0000
2351,732,-5.0000,2,0,0.5769,1.000,0.000,0.0000,0.0000,0.5576,0.2000,-5.0000,0.8013,0.0000
2352,733,-3.0000,1,0,0.5970,1.000,0.000,0.0000,0.0000,0.5159,0.2000,-3.0000,0.6506,0.0000
2353,734,-3.0000,1,0,0.7292,1.000,0.000,0.0000,0.0000,0.3158,0.2000,-3.0000,1.1391,0.0000
2354,735,-3.0000,1,0,0.6452,1.000,0.000,0.0000,0.0000,0.4381,0.2000,-3.0000,0.7065,0.0000
2356,736,-5.0000,2,0,0.5606,1.000,0.000,0.0000,0.0000,0.5881,0.2000,-5.0000,0.6587,0.0000
2357,737,-3.0000,1,0,0.6240,1.000,0.000,0.0000,0.0000,0.4717,0.2000,-3.0000,0.7221,0.0000
2358,738,-3.0000,1,0,0.7481,1.000,0.000,0.0000,0.0000,0.2902,0.2000,-3.0000,1.1990,0.0000
2359,739,-3.0000,1,0,0.7460,1.000,0.000,0.0000,0.0000,0.2931,0.2000,-3.0000,0.8000,0.0000
2364,740,-11.0000,5,0,0.5761,0.400,0.600,0.0000,0.0000,0.6669,0.2000,-11.0000,0.9940,0.0000
2365,741,-3.0000,1,0,0.7422,1.000,0.000,0.0000,0.0000,0.2982,0.2000,-3.0000,0.8384,0.0000
2375,742,-20.0000,10,0,0.5235,0.500,0.500,0.0000,0.0000,0.6523,0.2000,-20.0000,0.9867,0.0000
2376,743,-3.0000,1,0,0.7621,1.000,0.000,0.0000,0.0000,0.2717,0.2000,-3.0000,0.7421,0.0000
2377,744,-3.0000,1,0,0.7687,1.000,0.000,0.0000,0.0000,0.2631,0.2000,-3.0000,1.0157,0.0000
2387,745,-20.0000,10,0,0.6054,0.600,0.400,0.0000,0.0000,0.5365,0.2000,-20.0000,1.0503,0.0000
2393,746,-13.0000,6,0,0.6645,0.667,0.333,0.0000,0.0000,0.4119,0.2000,-13.0000,0.8557,0.0000
2394,747,-3.0000,1,0,0.8390,1.000,0.000,0.0000,0.0000,0.1756,0.2000,-3.0000,0.5252,0.0000
2395,748,-3.0000,1,0,0.8334,1.000,0.000,0.0000,0.0000,0.1823,0.2000,-3.0000,0.5877,0.0000
2405,749,-20.0000,10,0,0.7264,0.500,0.500,0.0000,0.0000,0.4789,0.2000,-20.0000,1.0732,0.0000
2406,750,-3.0000,1,0,0.8779,1.000,0.000,0.0000,0.0000,0.1302,0.2000,-3.0000,0.3465,0.0000
2409,751,-7.0000,3,0,0.8170,0.333,0.667,0.0000,0.0000,0.2026,0.2000,-7.0000,0.2347,0.0000
2410,752,-3.0000,1,0,0.8940,1.000,0.000,0.0000,0.0000,0.1121,0.2000,-3.0000,0.8469,0.0000
2411,753,-3.0000,1,0,0.8851,1.000,0.000,0.0000,0.0000,0.1220,0.2000,-3.0000,0.7310,0.0000
2412,754,-3.0000,1,0,0.8667,1.000,0.000,0.0000,0.0000,0.1431,0.2000,-3.0000,0.4413,0.0000
2413,755,-3.0000,1,0,0.8902,1.000,0.000,0.0000,0.0000,0.1163,0.2000,-3.0000,0.5564,0.0000
2423,756,-17.7109,10,0,0.7490,0.400,0.500,0.0000,0.0000,0.7721,0.2000,-17.8587,0.7733,0.1471
2424,757,-3.0000,1,0,0.8858,1.000,0.000,0.0000,0.0000,0.1213,0.2000,-3.0000,0.6756,0.0000
2426,758,-5.0000,2,0,0.8155,0.500,0.500,0.0000,0.0000,0.2066,0.2000,-5.0000,0.6838,0.0000
2429,759,-7.0000,3,0,0.7686,0.333,0.667,0.0000,0.0000,0.2659,0.2000,-7.0000,0.5947,0.0000
2435,760,-13.0000,6,0,0.8038,0.500,0.500,0.0000,0.0000,0.2195,0.2000,-13.0000,0.7133,0.0000
2436,761,-3.0000,1,0,0.8912,1.000,0.000,0.0000,0.0000,0.1152,0.2000,-3.0000,0.5472,0.0000
2441,762,-11.0000,5,0,0.7937,0.600,0.400,0.0000,0.0000,0.9699,0.2000,-11.0000,0.8613,0.0000
2445,763,-9.0000,4,0,0.7970,0.500,0.500,0.0000,0.0000,0.2277,0.2000,-9.0000,0.2487,0.0000
2446,764,-3.0000,1,0,0.8755,1.000,0.000,0.0000,0.0000,0.1330,0.2000,-3.0000,0.3156,0.0000
2449,765,-7.0000,3,0,0.8072,1.000,0.000,0.0000,0.0000,0.2162,0.2000,-7.0000,0.4811,0.0000
2455,766,-13.0000,6,0,0.7707,0.667,0.333,0.0000,0.0000,0.2629,0.2000,-13.0000,0.9158,0.0000
2457,767,-5.0000,2,0,0.8940,0.500,0.500,0.0000,0.0000,0.1121,0.2000,-5.0000,0.4424,0.0000
2467,768,-20.0000,10,0,0.7730,0.400,0.600,0.0000,0.0000,0.7830,0.2000,-20.0000,0.6354,0.0000
2477,769,-20.0000,10,0,0.7619,0.400,0.600,0.0000,0.0000,1.2630,0.2000,-20.0000,0.8898,0.0000
2478,770,-3.0000,1,0,0.8661,1.000,0.000,0.0000,0.0000,0.1438,0.2000,-3.0000,0.6807,0.0000
2479,771,-3.0000,1,0,0.8477,1.000,0.000,0.0000,0.0000,0.1653,0.2000,-3.0000,0.5322,0.0000
2481,772,-5.0000,2,0,0.7377,1.000,0.000,0.0000,0.0000,0.3105,0.2000,-5.0000,0.7647,0.0000
2489,773,-17.0000,8,0,0.6863,0.625,0.375,0.0000,0.0000,0.3818,0.2000,-17.0000,1.2001,0.0000
2490,774,-3.0000,1,0,0.8184,1.000,0.000,0.0000,0.0000,0.2005,0.2000,-3.0000,0.7631,0.0000
2492,775,-5.0000,2,0,0.7599,0.500,0.500,0.0000,0.0000,0.2761,0.2000,-5.0000,0.7710,0.0000
2496,776,-9.0000,4,0,0.7206,0.250,0.750,0.0000,0.0000,1.2895,0.2000,-9.0000,0.3727,0.0000
2497,777,-3.0000,1,0,0.8460,1.000,0.000,0.0000,0.0000,0.1672,0.2000,-3.0000,0.6263,0.0000
2498,778,-3.0000,1,0,0.8514,1.000,0.000,0.0000,0.0000,0.1609,0.2000,-3.0000,0.8259,0.0000
2503,779,-11.0000,5,0,0.7217,0.400,0.600,0.0000,0.0000,0.3282,0.2000,-11.0000,0.8662,0.0000
2510,780,-15.0000,7,0,0.6873,0.714,0.286,0.0000,0.0000,0.3788,0.2000,-15.0000,1.0645,0.0000
2511,781,-3.0000,1,0,0.8040,1.000,0.000,0.0000,0.0000,0.2182,0.2000,-3.0000,0.3929,0.0000
2521,782,-17.0095,10,0,0.7089,0.400,0.500,0.0000,0.0000,0.3459,0.2000,-17.4460,0.7158,0.0982
2524,783,-7.0000,3,0,0.8036,0.333,0.667,0.0000,0.0000,0.2205,0.2000,-7.0000,0.4963,0.0000
2531,784,-15.0000,7,0,0.7876,0.571,0.429,0.0000,0.0000,0.2407,0.2000,-15.0000,1.0086,0.0000
2533,785,-5.0000,2,0,0.8421,0.500,0.500,0.0000,0.0000,0.1740,0.2000,-5.0000,0.6268,0.0000
2535,786,-5.0000,2,0,0.8343,1.000,0.000,0.0000,0.0000,0.1843,0.2000,-5.0000,0.7014,0.0000
2545,787,-21.0000,10,0,0.7888,0.500,0.500,0.0000,0.0000,0.4727,0.2000,-21.0000,0.5353,0.0000
2546,788,-3.0000,1,0,0.8833,1.000,0.000,0.0000,0.0000,0.1241,0.2000,-3.0000,0.3775,0.0000
2547,789,-3.0000,1,0,0.8808,1.000,0.000,0.0000,0.0000,0.1269,0.2000,-3.0000,0.4319,0.0000
2549,790,-5.0000,2,0,0.8567,1.000,0.000,0.0000,0.0000,0.1563,0.2000,-5.0000,0.4715,0.0000
2555,791,-13.0000,6,0,0.7921,0.500,0.500,0.0000,0.0000,0.8601,0.2000,-13.0000,0.7079,0.0000
2556,792,-3.0000,1,0,0.9137,1.000,0.000,0.0000,0.0000,0.0903,0.2000,-3.0000,0.4497,0.0000
2557,793,-3.0000,1,0,0.9124,1.000,0.000,0.0000,0.0000,0.0917,0.2000,-3.0000,0.5932,0.0000
2560,794,-7.0000,3,0,0.8476,0.333,0.667,0.0000,0.0000,1.9476,0.2000,-7.0000,0.3933,0.0000
2561,795,-3.0000,1,0,0.9169,1.000,0.000,0.0000,0.0000,0.0868,0.2000,-3.0000,0.6357,0.0000
2563,796,-5.0000,2,0,0.8594,1.000,0.000,0.0000,0.0000,0.1524,0.2000,-5.0000,0.3091,0.0000
2564,797,-3.0000,1,0,0.9100,1.000,0.000,0.0000,0.0000,0.0943,0.2000,-3.0000,0.1012,0.0000
2566,798,-5.0000,2,0,0.8294,0.500,0.500,0.0000,0.0000,0.1902,0.2000,-5.0000,0.6433,0.0000
2568,799,-5.0000,2,0,0.8251,1.000,0.000,0.0000,0.0000,0.1935,0.2000,-5.0000,0.4734,0.0000
2578,800,-20.0000,10,0,0.7484,0.800,0.200,0.0000,0.0000,1.4391,0.2000,-20.0000,0.8754,0.0000
2583,801,-11.0000,5,0,0.7808,1.000,0.000,0.0000,0.0000,0.2493,0.2000,-11.0000,0.8859,0.0000
2584,802,-3.0000,1,0,0.8740,1.000,0.000,0.0000,0.0000,0.1347,0.2000,-3.0000,1.1064,0.0000
2585,803,-3.0000,1,0,0.8664,1.000,0.000,0.0000,0.0000,0.1434,0.2000,-3.0000,0.6567,0.0000
2586,804,-3.0000,1,0,0.8698,1.000,0.000,0.0000,0.0000,0.1395,0.2000,-3.0000,0.8055,0.0000
2587,805,-3.0000,1,0,0.7961,1.000,0.000,0.0000,0.0000,0.2280,0.2000,-3.0000,0.6676,0.0000
2588,806,-3.0000,1,0,0.8557,1.000,0.000,0.0000,0.0000,0.1559,0.2000,-3.0000,0.4695,0.0000
2591,807,-7.0000,3,0,0.7398,0.333,0.667,0.0000,0.0000,0.3077,0.2000,-7.0000,0.5813,0.0000
2601,808,-20.0000,10,0,0.6950,0.500,0.500,0.0000,0.0000,0.3657,0.2000,-20.0000,0.8977,0.0000
2602,809,-3.0000,1,0,0.8428,1.000,0.000,0.0000,0.0000,0.1710,0.2000,-3.0000,0.5966,0.0000
2604,810,-5.0000,2,0,0.7959,1.000,0.000,0.0000,0.0000,0.2324,0.2000,-5.0000,0.6982,0.0000
2605,811,-3.0000,1,0,0.8774,1.000,0.000,0.0000,0.0000,0.1308,0.2000,-3.0000,0.3957,0.0000
2606,812,-3.0000,1,0,0.8514,1.000,0.000,0.0000,0.0000,0.1609,0.2000,-3.0000,0.6021,0.0000
2607,813,-3.0000,1,0,0.8829,1.000,0.000,0.0000,0.0000,0.1246,0.2000,-3.0000,0.5715,0.0000
2616,814,-19.0000,9,0,0.7361,0.556,0.444,0.0000,0.0000,0.3107,0.2000,-19.0000,1.0984,0.0000
2617,815,-3.0000,1,0,0.8957,1.000,0.000,0.0000,0.0000,0.1101,0.2000,-3.0000,0.5939,0.0000
2622,816,-11.0000,5,0,0.8370,0.400,0.600,0.0000,0.0000,0.1788,0.2000,-11.0000,0.6319,0.0000
2627,817,-11.0000,5,0,0.8187,0.600,0.400,0.0000,0.0000,0.2021,0.2000,-11.0000,0.9387,0.0000
2634,818,-15.0000,7,0,0.8042,0.714,0.286,0.0000,0.0000,0.2187,0.2000,-15.0000,0.5748,0.0000
2638,819,-9.0000,4,0,0.8401,1.000,0.000,0.0000,0.0000,0.1757,0.2000,-9.0000,0.4426,0.0000
2639,820,-3.0000,1,0,0.9011,1.000,0.000,0.0000,0.0000,0.1042,0.2000,-3.0000,0.2655,0.0000
2649,821,-20.0000,10,0,0.8206,0.400,0.600,0.0000,0.0000,0.4860,0.2000,-20.0000,0.4747,0.0000
2650,822,-3.0000,1,0,0.9289,1.000,0.000,0.0000,0.0000,0.0738,0.2000,-3.0000,0.2824,0.0000
2651,823,-3.0000,1,0,0.9289,1.000,0.000,0.0000,0.0000,0.0738,0.2000,-3.0000,0.2672,0.0000
2653,824,-5.0000,2,0,0.9125,0.500,0.500,0.0000,0.0000,0.0918,0.2000,-5.0000,0.4219,0.0000
2658,825,-11.0000,5,0,0.8761,0.800,0.200,0.0000,0.0000,0.1329,0.2000,-11.0000,0.5625,0.0000
2659,826,-3.0000,1,0,0.9151,1.000,0.000,0.0000,0.0000,0.0887,0.2000,-3.0000,0.4531,0.0000
2661,827,-5.0000,2,0,0.8680,1.000,0.000,0.0000,0.0000,0.1446,0.2000,-5.0000,0.5892,0.0000
2662,828,-3.0000,1,0,0.9323,1.000,0.000,0.0000,0.0000,0.0701,0.2000,-3.0000,0.2452,0.0000
2663,829,-3.0000,1,0,0.9061,1.000,0.000,0.0000,0.0000,0.0986,0.2000,-3.0000,0.1603,0.0000
2665,830,-5.0000,2,0,0.8857,0.500,0.500,0.0000,0.0000,0.1229,0.2000,-5.0000,0.3603,0.0000
2666,831,-3.0000,1,0,0.9258,1.000,0.000,0.0000,0.0000,0.0771,0.2000,-3.0000,0.4575,0.0000
2667,832,-3.0000,1,0,0.9296,1.000,0.000,0.0000,0.0000,0.0730,0.2000,-3.0000,0.2652,0.0000
2668,833,-3.0000,1,0,0.9332,1.000,0.000,0.0000,0.0000,0.0692,0.2000,-3.0000,0.2799,0.0000
2669,834,-3.0000,1,0,0.9206,1.000,0.000,0.0000,0.0000,0.0827,0.2000,-3.0000,0.3119,0.0000
2678,835,-19.0000,9,0,0.8434,0.667,0.333,0.0000,0.0000,0.3543,0.2000,-19.0000,0.3550,0.0000
2682,836,-9.0000,4,0,0.8635,0.500,0.500,0.0000,0.0000,0.1475,0.2000,-9.0000,0.2355,0.0000
2684,837,-5.0000,2,0,0.9078,0.500,0.500,0.0000,0.0000,0.0972,0.2000,-5.0000,0.3078,0.0000
2686,838,-5.0000,2,0,0.9138,0.500,0.500,0.0000,0.0000,0.0906,0.2000,-5.0000,0.3603,0.0000
2687,839,-3.0000,1,0,0.9405,1.000,0.000,0.0000,0.0000,0.0613,0.2000,-3.0000,0.3039,0.0000
2688,840,-3.0000,1,0,0.9404,1.000,0.000,0.0000,0.0000,0.0615,0.2000,-3.0000,0.3305,0.0000
2691,841,-7.0000,3,0,0.9089,0.333,0.667,0.0000,0.0000,0.0958,0.2000,-7.0000,0.1789,0.0000
2692,842,-3.0000,1,0,0.9400,1.000,0.000,0.0000,0.0000,0.0619,0.2000,-3.0000,0.3140,0.0000
2693,843,-3.0000,1,0,0.9365,1.000,0.000,0.0000,0.0000,0.0656,0.2000,-3.0000,0.1673,0.0000
2696,844,-7.0000,3,0,0.8971,0.667,0.333,0.0000,0.0000,0.7866,0.2000,-7.0000,0.2419,0.0000
2706,845,-20.0000,10,0,0.8740,0.600,0.400,0.0000,0.0000,0.1354,0.2000,-20.0000,0.4929,0.0000
2708,846,-5.0000,2,0,0.9225,1.000,0.000,0.0000,0.0000,0.0809,0.2000,-5.0000,0.3608,0.0000
2709,847,-3.0000,1,0,0.9474,1.000,0.000,0.0000,0.0000,0.0540,0.2000,-3.0000,0.4801,0.0000
2710,848,-3.0000,1,0,0.9464,1.000,0.000,0.0000,0.0000,0.0550,0.2000,-3.0000,0.3165,0.0000
2712,849,-5.0000,2,0,0.9268,1.000,0.000,0.0000,0.0000,0.0762,0.2000,-5.0000,0.3182,0.0000
2713,850,-3.0000,1,0,0.9505,1.000,0.000,0.0000,0.0000,0.0507,0.2000,-3.0000,0.3325,0.0000
2714,851,-3.0000,1,0,0.9482,1.000,0.000,0.0000,0.0000,0.0532,0.2000,-3.0000,0.3512,0.0000
2717,852,-7.0000,3,0,0.9040,0.667,0.333,0.0000,0.0000,0.1012,0.2000,-7.0000,0.2230,0.0000
2718,853,-3.0000,1,0,0.9467,1.000,0.000,0.0000,0.0000,0.0547,0.2000,-3.0000,0.1146,0.0000
2719,854,-3.0000,1,0,0.9426,1.000,0.000,0.0000,0.0000,0.0591,0.2000,-3.0000,0.1989,0.0000
2720,855,-3.0000,1,0,0.9483,1.000,0.000,0.0000,0.0000,0.0531,0.2000,-3.0000,0.2398,0.0000
2722,856,-2.3693,2,0,0.9128,0.500,0.000,0.0000,0.0000,0.0913,0.2000,-2.5290,0.1794,0.0376
2724,857,-5.0000,2,0,0.9243,1.000,0.000,0.0000,0.0000,0.0789,0.2000,-5.0000,0.2678,0.0000
2726,858,-5.0000,2,0,0.9142,0.500,0.500,0.0000,0.0000,2.5132,0.2000,-5.0000,0.2136,0.0000
2732,859,-13.0000,6,0,0.8956,0.500,0.500,0.0000,0.0000,0.1109,0.2000,-13.0000,0.3954,0.0000
2733,860,-3.0000,1,0,0.9449,1.000,0.000,0.0000,0.0000,2.8986,0.2000,-3.0000,0.3141,0.0000
2743,861,-20.0000,10,0,0.8687,0.800,0.200,0.0000,0.0000,0.3191,0.2000,-20.0000,0.3598,0.0000
2748,862,-11.0000,5,0,0.8997,1.000,0.000,0.0000,0.0000,2.3334,0.2000,-11.0000,0.4281,0.0000
2750,863,-5.0000,2,0,0.9159,1.000,0.000,0.0000,0.0000,0.0882,0.2000,-5.0000,0.2608,0.0000
2759,864,-19.0000,9,0,0.8728,0.667,0.333,0.0000,0.0000,0.1367,0.2000,-19.0000,0.5156,0.0000
2761,865,-5.0000,2,0,0.8936,0.500,0.500,0.0000,0.0000,0.1132,0.2000,-5.0000,0.3672,0.0000
2762,866,-3.0000,1,0,0.9021,1.000,0.000,0.0000,0.0000,0.1031,0.2000,-3.0000,0.3214,0.0000
2763,867,-3.0000,1,0,0.9287,1.000,0.000,0.0000,0.0000,0.0740,0.2000,-3.0000,0.5490,0.0000
2764,868,-3.0000,1,0,0.9354,1.000,0.000,0.0000,0.0000,0.0668,0.2000,-3.0000,0.3792,0.0000
2765,869,-3.0000,1,0,0.9300,1.000,0.000,0.0000,0.0000,0.0726,0.2000,-3.0000,0.3283,0.0000
2767,870,-5.0000,2,0,0.8725,0.500,0.500,0.0000,0.0000,0.1374,0.2000,-5.0000,0.3704,0.0000
2768,871,-3.0000,1,0,0.9336,1.000,0.000,0.0000,0.0000,0.0687,0.2000,-3.0000,0.3653,0.0000
2773,872,-11.0000,5,0,0.8716,0.400,0.600,0.0000,0.0000,0.1377,0.2000,-11.0000,0.3969,0.0000
2781,873,-17.0000,8,0,0.8645,0.250,0.750,0.0000,0.0000,1.0135,0.2000,-17.0000,0.3190,0.0000
2786,874,-11.0000,5,0,0.8834,0.800,0.200,0.0000,0.0000,0.5326,0.2000,-11.0000,0.5221,0.0000
2788,875,-1.9145,2,0,0.8730,0.500,0.000,0.0000,0.0000,0.1379,0.2000,-2.5098,0.4710,0.0349
2790,876,-5.0000,2,0,0.8997,0.500,0.500,0.0000,0.0000,0.1061,0.2000,-5.0000,0.4618,0.0000
2792,877,-5.0000,2,0,0.9012,0.500,0.500,0.0000,0.0000,0.1040,0.2000,-5.0000,0.0525,0.0000
2802,878,-20.0000,10,0,0.8361,0.500,0.500,0.0000,0.0000,0.4928,0.2000,-20.0000,0.3614,0.0000
2807,879,-11.0000,5,0,0.8645,0.400,0.600,0.0000,0.0000,2.0403,0.2000,-11.0000,0.5428,0.0000
2809,880,-5.0000,2,0,0.8976,0.500,0.500,0.0000,0.0000,0.1082,0.2000,-5.0000,0.3006,0.0000
2810,881,-3.0000,1,0,0.9150,1.000,0.000,0.0000,0.0000,0.0888,0.2000,-3.0000,0.2240,0.0000
2816,882,-13.0000,6,0,0.8434,0.333,0.667,0.0000,0.0000,0.1718,0.2000,-13.0000,0.6741,0.0000
2817,883,-3.0000,1,0,0.8925,1.000,0.000,0.0000,0.0000,0.1137,0.2000,-3.0000,0.3750,0.0000
2818,884,-3.0000,1,0,0.9073,1.000,0.000,0.0000,0.0000,0.0972,0.2000,-3.0000,0.5414,0.0000
2825,885,-15.0000,7,0,0.8062,0.286,0.714,0.0000,0.0000,1.1658,0.2000,-15.0000,0.3786,0.0000
2826,886,-3.0000,1,0,0.9050,1.000,0.000,0.0000,0.0000,0.0998,0.2000,-3.0000,0.5436,0.0000
2832,887,-13.0000,6,0,0.7995,0.667,0.333,0.0000,0.0000,0.2258,0.2000,-13.0000,0.8356,0.0000
2833,888,-3.0000,1,0,0.8856,1.000,0.000,0.0000,0.0000,0.1215,0.2000,-3.0000,0.4604,0.0000
2838,889,-11.0000,5,0,0.7863,0.600,0.400,0.0000,0.0000,0.2419,0.2000,-11.0000,0.7880,0.0000
2839,890,-3.0000,1,0,0.8867,1.000,0.000,0.0000,0.0000,0.1202,0.2000,-3.0000,0.7159,0.0000
2849,891,-20.0000,10,0,0.7637,0.500,0.500,0.0000,0.0000,0.4656,0.2000,-20.0000,0.8922,0.0000
2853,892,-9.0000,4,0,0.8753,0.250,0.750,0.0000,0.0000,0.1335,0.2000,-9.0000,0.2954,0.0000
2863,893,-20.0000,10,0,0.7803,0.400,0.600,0.0000,0.0000,0.6493,0.2000,-20.0000,0.7667,0.0000
2864,894,-3.0000,1,0,0.8646,1.000,0.000,0.0000,0.0000,0.1455,0.2000,-3.0000,0.2842,0.0000
2866,895,-5.0000,2,0,0.8245,0.500,0.500,0.0000,0.0000,0.1960,0.2000,-5.0000,0.5818,0.0000
2868,896,-5.0000,2,0,0.8232,1.000,0.000,0.0000,0.0000,0.1956,0.2000,-5.0000,0.4373,0.0000
2878,897,-20.0000,10,0,0.7620,0.500,0.500,0.0000,0.0000,0.2736,0.2000,-20.0000,0.6805,0.0000
2879,898,-3.0000,1,0,0.8676,1.000,0.000,0.0000,0.0000,0.1421,0.2000,-3.0000,0.3726,0.0000
2889,899,-20.0000,10,0,0.7758,0.600,0.400,0.0000,0.0000,0.9404,0.2000,-20.0000,0.4704,0.0000
2892,900,-7.0000,3,0,0.8188,1.000,0.000,0.0000,0.0000,0.2024,0.2000,-7.0000,0.3872,0.0000
2894,901,-5.0000,2,0,0.8568,1.000,0.000,0.0000,0.0000,0.1558,0.2000,-5.0000,0.3933,0.0000
2896,902,-5.0000,2,0,0.8601,1.000,0.000,0.0000,0.0000,0.1525,0.2000,-5.0000,0.7212,0.0000
2897,903,-3.0000,1,0,0.9110,1.000,0.000,0.0000,0.0000,0.0932,0.2000,-3.0000,0.6880,0.0000
2900,904,-7.0000,3,0,0.8475,0.333,0.667,0.0000,0.0000,0.6555,0.2000,-7.0000,0.2730,0.0000
2901,905,-3.0000,1,0,0.8587,1.000,0.000,0.0000,0.0000,0.1524,0.2000,-3.0000,0.3290,0.0000
2911,906,-20.0000,10,0,0.7720,0.200,0.800,0.0000,0.0000,0.6996,0.2000,-20.0000,0.8541,0.0000
2915,907,-9.0000,4,0,0.7968,0.250,0.750,0.0000,0.0000,0.2298,0.2000,-9.0000,0.3424,0.0000
2917,908,-5.0000,2,0,0.8194,1.000,0.000,0.0000,0.0000,0.2049,0.2000,-5.0000,1.0077,0.0000
2919,909,-5.0000,2,0,0.8164,0.500,0.500,0.0000,0.0000,0.2050,0.2000,-5.0000,0.5435,0.0000
2922,910,-7.0000,3,0,0.8032,0.667,0.333,0.0000,0.0000,0.2225,0.2000,-7.0000,0.5187,0.0000
2923,911,-3.0000,1,0,0.8894,1.000,0.000,0.0000,0.0000,0.1172,0.2000,-3.0000,0.5485,0.0000
2924,912,-3.0000,1,0,0.8880,1.000,0.000,0.0000,0.0000,0.1188,0.2000,-3.0000,0.6103,0.0000
2925,913,-3.0000,1,0,0.8974,1.000,0.000,0.0000,0.0000,0.1082,0.2000,-3.0000,0.2372,0.0000
2926,914,-3.0000,1,0,0.8937,1.000,0.000,0.0000,0.0000,0.1124,0.2000,-3.0000,0.4642,0.0000
2929,915,-7.0000,3,0,0.7849,0.667,0.333,0.0000,0.0000,0.2445,0.2000,-7.0000,0.5122,0.0000
2931,916,-1.6588,2,0,0.8276,0.500,0.000,0.0000,0.0000,0.1927,0.2000,-2.4061,0.7103,0.0519
2932,917,-3.0000,1,0,0.9128,1.000,0.000,0.0000,0.0000,0.0912,0.2000,-3.0000,0.6128,0.0000
2933,918,-3.0000,1,0,0.9095,1.000,0.000,0.0000,0.0000,0.0948,0.2000,-3.0000,0.7651,0.0000
2934,919,-3.0000,1,0,0.8785,1.000,0.000,0.0000,0.0000,0.1295,0.2000,-3.0000,0.6160,0.0000
2935,920,-3.0000,1,0,0.9015,1.000,0.000,0.0000,0.0000,0.1037,0.2000,-3.0000,0.4989,0.0000
2936,921,-3.0000,1,0,0.9026,1.000,0.000,0.0000,0.0000,0.1025,0.2000,-3.0000,0.7065,0.0000
2937,922,-3.0000,1,0,0.8489,1.000,0.000,0.0000,0.0000,0.1638,0.2000,-3.0000,0.3858,0.0000
2947,923,-20.0000,10,0,0.7733,0.800,0.200,0.0000,0.0000,0.2586,0.2000,-20.0000,0.7560,0.0000
2949,924,-5.0000,2,0,0.8510,0.500,0.500,0.0000,0.0000,0.1643,0.2000,-5.0000,0.4903,0.0000
2950,925,-3.0000,1,0,0.9129,1.000,0.000,0.0000,0.0000,0.0911,0.2000,-3.0000,0.5163,0.0000
2956,926,-13.0000,6,0,0.8199,0.833,0.167,0.0000,0.0000,0.1997,0.2000,-13.0000,0.7028,0.0000
2958,927,-5.0000,2,0,0.8760,0.500,0.500,0.0000,0.0000,0.1338,0.2000,-5.0000,0.6089,0.0000
2959,928,-3.0000,1,0,0.9166,1.000,0.000,0.0000,0.0000,0.0871,0.2000,-3.0000,0.5320,0.0000
2960,929,-3.0000,1,0,0.9158,1.000,0.000,0.0000,0.0000,0.0880,0.2000,-3.0000,0.1309,0.0000
2961,930,-3.0000,1,0,0.9289,1.000,0.000,0.0000,0.0000,0.0737,0.2000,-3.0000,0.3032,0.0000
2964,931,-7.0000,3,0,0.8730,0.667,0.333,0.0000,0.0000,0.1367,0.2000,-7.0000,0.3954,0.0000
2967,932,-7.0000,3,0,0.8501,0.667,0.333,0.0000,0.0000,1.9825,0.2000,-7.0000,0.2857,0.0000
2969,933,-5.0000,2,0,0.8831,1.000,0.000,0.0000,0.0000,0.1260,0.2000,-5.0000,0.4600,0.0000
2971,934,-5.0000,2,0,0.8947,0.500,0.500,0.0000,0.0000,0.1113,0.2000,-5.0000,0.2266,0.0000
2972,935,-3.0000,1,0,0.9235,1.000,0.000,0.0000,0.0000,0.0795,0.2000,-3.0000,0.3149,0.0000
2973,936,-3.0000,1,0,0.9296,1.000,0.000,0.0000,0.0000,0.0730,0.2000,-3.0000,0.2204,0.0000
2976,937,-7.0000,3,0,0.8745,0.667,0.333,0.0000,0.0000,0.1348,0.2000,-7.0000,0.2862,0.0000
2982,938,-13.0000,6,0,0.8589,0.667,0.333,0.0000,0.0000,0.1527,0.2000,-13.0000,0.5446,0.0000
2983,939,-3.0000,1,0,0.9176,1.000,0.000,0.0000,0.0000,0.0860,0.2000,-3.0000,0.4613,0.0000
2984,940,-3.0000,1,0,0.9227,1.000,0.000,0.0000,0.0000,0.0805,0.2000,-3.0000,0.3312,0.0000
2985,941,-3.0000,1,0,0.9275,1.000,0.000,0.0000,0.0000,0.0752,0.2000,-3.0000,0.2279,0.0000
2986,942,-3.0000,1,0,0.9349,1.000,0.000,0.0000,0.0000,0.0673,0.2000,-3.0000,0.4422,0.0000
2989,943,-7.0000,3,0,0.8776,1.000,0.000,0.0000,0.0000,0.1315,0.2000,-7.0000,0.4238,0.0000
2991,944,-5.0000,2,0,0.8997,0.500,0.500,0.0000,0.0000,0.1064,0.2000,-5.0000,0.3553,0.0000
2993,945,-5.0000,2,0,0.8838,0.500,0.500,0.0000,0.0000,0.1248,0.2000,-5.0000,0.5083,0.0000
2994,946,-3.0000,1,0,0.9272,1.000,0.000,0.0000,0.0000,0.0756,0.2000,-3.0000,0.2484,0.0000
2996,947,-5.0000,2,0,0.8810,0.500,0.500,0.0000,0.0000,0.1286,0.2000,-5.0000,0.5656,0.0000
2997,948,-3.0000,1,0,0.9122,1.000,0.000,0.0000,0.0000,0.0919,0.2000,-3.0000,0.3298,0.0000
2998,949,-3.0000,1,0,0.9183,1.000,0.000,0.0000,0.0000,0.0852,0.2000,-3.0000,0.3060,0.0000
3000,950,-5.0000,2,0,0.9054,0.500,0.500,0.0000,0.0000,0.0997,0.2000,-5.0000,0.3219,0.0000
3003,951,-7.0000,3,0,0.8942,0.333,0.667,0.0000,0.0000,0.1125,0.2000,-7.0000,0.2948,0.0000
3011,952,-17.0000,8,0,0.8623,0.375,0.625,0.0000,0.0000,0.1485,0.2000,-17.0000,0.3683,0.0000
3020,953,-19.0000,9,0,0.8856,0.667,0.333,0.0000,0.0000,0.5313,0.2000,-19.0000,0.5296,0.0000
3022,954,-5.0000,2,0,0.9223,0.500,0.500,0.0000,0.0000,0.0813,0.2000,-5.0000,0.3917,0.0000
3023,955,-3.0000,1,0,0.9434,1.000,0.000,0.0000,0.0000,0.0582,0.2000,-3.0000,0.3379,0.0000
3024,956,-3.0000,1,0,0.9257,1.000,0.000,0.0000,0.0000,0.0773,0.2000,-3.0000,0.3386,0.0000
3025,957,-3.0000,1,0,0.9362,1.000,0.000,0.0000,0.0000,0.0659,0.2000,-3.0000,0.1835,0.0000
3026,958,-3.0000,1,0,0.9513,1.000,0.000,0.0000,0.0000,0.0500,0.2000,-3.0000,0.4217,0.0000
3032,959,-13.0000,6,0,0.8947,0.500,0.500,0.0000,0.0000,0.1114,0.2000,-13.0000,0.3239,0.0000
3034,960,-5.0000,2,0,0.9167,0.500,0.500,0.0000,0.0000,0.0873,0.2000,-5.0000,0.2925,0.0000
3035,961,-3.0000,1,0,0.9458,1.000,0.000,0.0000,0.0000,0.0558,0.2000,-3.0000,0.2528,0.0000
3039,962,-9.0000,4,0,0.8961,0.750,0.250,0.0000,0.0000,1.1053,0.2000,-9.0000,0.2970,0.0000
3040,963,-3.0000,1,0,0.9256,1.000,0.000,0.0000,0.0000,2.5979,0.2000,-3.0000,0.2923,0.0000
3041,964,-3.0000,1,0,0.9490,1.000,0.000,0.0000,0.0000,0.0523,0.2000,-3.0000,0.3312,0.0000
3044,965,-7.0000,3,0,0.8991,0.667,0.333,0.0000,0.0000,0.1069,0.2000,-7.0000,0.3114,0.0000
3045,966,-3.0000,1,0,0.9436,1.000,0.000,0.0000,0.0000,0.0580,0.2000,-3.0000,0.3450,0.0000
3055,967,-20.0000,10,0,0.8571,0.200,0.800,0.0000,0.0000,2.0024,0.2000,-20.0000,0.5026,0.0000
3057,968,-5.0000,2,0,0.8983,0.500,0.500,0.0000,0.0000,1.0444,0.2000,-5.0000,0.4264,0.0000
3058,969,-3.0000,1,0,0.9109,1.000,0.000,0.0000,0.0000,0.0934,0.2000,-3.0000,0.4682,0.0000
3068,970,-20.0000,10,0,0.7749,0.400,0.600,0.0000,0.0000,0.2577,0.2000,-20.0000,0.7703,0.0000
3075,971,-15.0000,7,0,0.7795,0.286,0.714,0.0000,0.0000,0.2528,0.2000,-15.0000,0.9617,0.0000
3081,972,-13.0000,6,0,0.7842,0.500,0.500,0.0000,0.0000,0.2446,0.2000,-13.0000,0.6669,0.0000
3082,973,-3.0000,1,0,0.9192,1.000,0.000,0.0000,0.0000,0.0843,0.2000,-3.0000,0.3899,0.0000
3083,974,-3.0000,1,0,0.8814,1.000,0.000,0.0000,0.0000,0.1262,0.2000,-3.0000,0.1538,0.0000
3084,975,-3.0000,1,0,0.8810,1.000,0.000,0.0000,0.0000,0.1267,0.2000,-3.0000,0.5078,0.0000
3088,976,-9.0000,4,0,0.8641,0.750,0.250,0.0000,0.0000,0.1467,0.2000,-9.0000,0.3493,0.0000
3093,977,-11.0000,5,0,0.8082,0.600,0.400,0.0000,0.0000,0.2139,0.2000,-11.0000,0.6318,0.0000
3103,978,-20.0000,10,0,0.8219,0.600,0.400,0.0000,0.0000,0.4518,0.2000,-20.0000,0.6499,0.0000
3107,979,-6.2994,4,0,0.9121,0.250,0.500,0.0000,0.0000,0.0922,0.2000,-6.4034,0.2227,0.0347
3109,980,-5.0000,2,0,0.8871,0.500,0.500,0.0000,0.0000,0.1207,0.2000,-5.0000,0.3855,0.0000
3115,981,-13.0000,6,0,0.8448,0.500,0.500,0.0000,0.0000,0.6871,0.2000,-13.0000,0.6772,0.0000
3118,982,-7.0000,3,0,0.8900,0.667,0.333,0.0000,0.0000,1.4113,0.2000,-7.0000,0.2014,0.0000
3122,983,-9.0000,4,0,0.8570,0.250,0.750,0.0000,0.0000,0.1555,0.2000,-9.0000,0.3250,0.0000
3132,984,-20.0000,10,0,0.8156,0.500,0.500,0.0000,0.0000,0.3441,0.2000,-20.0000,0.5421,0.0000
3133,985,-3.0000,1,0,0.9167,1.000,0.000,0.0000,0.0000,0.0869,0.2000,-3.0000,0.2252,0.0000
3140,986,-15.0000,7,0,0.8247,0.429,0.571,0.0000,0.0000,0.1942,0.2000,-15.0000,0.7382,0.0000
3141,987,-3.0000,1,0,0.9198,1.000,0.000,0.0000,0.0000,0.0836,0.2000,-3.0000,0.5446,0.0000
3142,988,-3.0000,1,0,0.9206,1.000,0.000,0.0000,0.0000,0.0828,0.2000,-3.0000,0.4119,0.0000
3143,989,-3.0000,1,0,0.9249,1.000,0.000,0.0000,0.0000,0.0780,0.2000,-3.0000,0.3951,0.0000
3145,990,-5.0000,2,0,0.8858,0.500,0.500,0.0000,0.0000,0.1223,0.2000,-5.0000,0.5895,0.0000
3153,991,-17.0000,8,0,0.8299,0.750,0.250,0.0000,0.0000,0.1881,0.2000,-17.0000,0.8519,0.0000
3154,992,-3.0000,1,0,0.9046,1.000,0.000,0.0000,0.0000,0.1003,0.2000,-3.0000,0.3483,0.0000
3157,993,-7.0000,3,0,0.8580,0.333,0.667,0.0000,0.0000,0.1538,0.2000,-7.0000,0.3366,0.0000
3158,994,-3.0000,1,0,0.9147,1.000,0.000,0.0000,0.0000,0.0891,0.2000,-3.0000,0.3389,0.0000
3159,995,-3.0000,1,0,0.9380,1.000,0.000,0.0000,0.0000,0.0640,0.2000,-3.0000,0.5068,0.0000
3161,996,-5.0000,2,0,0.8892,0.500,0.500,0.0000,0.0000,0.1178,0.2000,-5.0000,0.2677,0.0000
3163,997,-5.0000,2,0,0.9023,0.500,0.500,0.0000,0.0000,0.1037,0.2000,-5.0000,0.4324,0.0000
3165,998,-5.0000,2,0,0.8870,0.500,0.500,0.0000,0.0000,0.1214,0.2000,-5.0000,0.4848,0.0000
3166,999,-3.0000,1,0,0.9182,1.000,0.000,0.0000,0.0000,0.0853,0.2000,-3.0000,0.2193,0.0000
3168,1000,-5.0000,2,0,0.8868,0.500,0.500,0.0000,0.0000,0.1210,0.2000,-5.0000,0.4330,0.0000
3169,1001,-3.0000,1,0,0.9329,1.000,0.000,0.0000,0.0000,0.0694,0.2000,-3.0000,0.4793,0.0000
3170,1002,-3.0000,1,0,0.9214,1.000,0.000,0.0000,0.0000,0.0819,0.2000,-3.0000,0.3126,0.0000
3171,1003,-3.0000,1,0,0.9431,1.000,0.000,0.0000,0.0000,0.0585,0.2000,-3.0000,0.4175,0.0000
3181,1004,-20.0000,10,0,0.8596,0.500,0.500,0.0000,0.0000,0.1522,0.2000,-20.0000,0.5261,0.0000
3191,1005,-20.0000,10,0,0.8952,0.600,0.400,0.0000,0.0000,0.1112,0.2000,-20.0000,0.3477,0.0000
3201,1006,-20.0000,10,0,0.8798,0.300,0.700,0.0000,0.0000,2.1809,0.2000,-20.0000,0.3303,0.0000
3202,1007,-3.0000,1,0,0.9197,1.000,0.000,0.0000,0.0000,0.0838,0.2000,-3.0000,0.4186,0.0000
3209,1008,-15.0000,7,0,0.8513,0.714,0.286,0.0000,0.0000,0.8244,0.2000,-15.0000,0.6823,0.0000
3210,1009,-3.0000,1,0,0.9036,1.000,0.000,0.0000,0.0000,0.1013,0.2000,-3.0000,0.5644,0.0000
3211,1010,-3.0000,1,0,0.9173,1.000,0.000,0.0000,0.0000,0.0863,0.2000,-3.0000,0.1844,0.0000
3221,1011,-20.0000,10,0,0.7643,0.700,0.300,0.0000,0.0000,0.2708,0.2000,-20.0000,0.7547,0.0000
3231,1012,-20.0000,10,0,0.7813,0.600,0.400,0.0000,0.0000,0.4688,0.2000,-20.0000,0.7429,0.0000
3232,1013,-3.0000,1,0,0.8892,1.000,0.000,0.0000,0.0000,2.1997,0.2000,-3.0000,0.4450,0.0000
3234,1014,-5.0000,2,0,0.8249,1.000,0.000,0.0000,0.0000,0.1950,0.2000,-5.0000,0.5070,0.0000
3244,1015,-20.0000,10,0,0.7823,0.500,0.500,0.0000,0.0000,0.2469,0.2000,-20.0000,0.6106,0.0000
3247,1016,-7.0000,3,0,0.8419,0.333,0.667,0.0000,0.0000,0.1724,0.2000,-7.0000,0.3030,0.0000
3251,1017,-9.0000,4,0,0.8798,0.500,0.500,0.0000,0.0000,0.1284,0.2000,-9.0000,0.2935,0.0000
3252,1018,-3.0000,1,0,0.9022,1.000,0.000,0.0000,0.0000,0.1029,0.2000,-3.0000,0.4687,0.0000
3256,1019,-9.0000,4,0,0.8844,0.500,0.500,0.0000,0.0000,1.1208,0.2000,-9.0000,0.1251,0.0000
3266,1020,-20.0000,10,0,0.8099,0.900,0.100,0.0000,0.0000,0.2119,0.2000,-20.0000,0.6446,0.0000
3276,1021,-20.0000,10,0,0.8401,0.400,0.600,0.0000,0.0000,0.6312,0.2000,-20.0000,0.7957,0.0000
3286,1022,-20.0000,10,0,0.8296,0.500,0.500,0.0000,0.0000,1.8465,0.2000,-20.0000,0.8211,0.0000
3288,1023,-5.0000,2,0,0.8540,1.000,0.000,0.0000,0.0000,0.1597,0.2000,-5.0000,0.6456,0.0000
3293,1024,-11.0000,5,0,0.8606,0.600,0.400,0.0000,0.0000,0.1507,0.2000,-11.0000,0.5897,0.0000
3294,1025,-3.0000,1,0,0.8740,1.000,0.000,0.0000,0.0000,0.1346,0.2000,-3.0000,0.7178,0.0000
3298,1026,-9.0000,4,0,0.7755,0.500,0.500,0.0000,0.0000,0.2574,0.2000,-9.0000,0.5599,0.0000
3300,1027,-5.0000,2,0,0.8378,0.500,0.500,0.0000,0.0000,0.1779,0.2000,-5.0000,0.5064,0.0000
3301,1028,-3.0000,1,0,0.8184,1.000,0.000,0.0000,0.0000,0.2004,0.2000,-3.0000,0.2078,0.0000
3302,1029,-3.0000,1,0,0.8700,1.000,0.000,0.0000,0.0000,0.1392,0.2000,-3.0000,0.6269,0.0000
3306,1030,-9.0000,4,0,0.7628,0.500,0.500,0.0000,0.0000,1.0595,0.2000,-9.0000,0.4945,0.0000
3307,1031,-3.0000,1,0,0.8833,1.000,0.000,0.0000,0.0000,0.1241,0.2000,-3.0000,0.8237,0.0000
3308,1032,-3.0000,1,0,0.8741,1.000,0.000,0.0000,0.0000,0.1345,0.2000,-3.0000,0.7132,0.0000
3309,1033,-3.0000,1,0,0.8897,1.000,0.000,0.0000,0.0000,0.1169,0.2000,-3.0000,0.8790,0.0000
3319,1034,-20.0000,10,0,0.7110,0.300,0.700,0.0000,0.0000,0.3455,0.2000,-20.0000,1.1271,0.0000
3320,1035,-3.0000,1,0,0.8773,1.000,0.000,0.0000,0.0000,0.1309,0.2000,-3.0000,0.9085,0.0000
3321,1036,-3.0000,1,0,0.8792,1.000,0.000,0.0000,0.0000,0.1288,0.2000,-3.0000,0.6531,0.0000
3331,1037,-20.0000,10,0,0.7616,0.500,0.500,0.0000,0.0000,0.2742,0.2000,-20.0000,0.9550,0.0000
3332,1038,-3.0000,1,0,0.8904,1.000,0.000,0.0000,0.0000,0.1161,0.2000,-3.0000,0.8450,0.0000
3337,1039,-11.0000,5,0,0.8173,0.600,0.400,0.0000,0.0000,0.8048,0.2000,-11.0000,0.8137,0.0000
3338,1040,-3.0000,1,0,0.9058,1.000,0.000,0.0000,0.0000,0.0989,0.2000,-3.0000,0.3481,0.0000
3339,1041,-3.0000,1,0,0.8939,1.000,0.000,0.0000,0.0000,0.1122,0.2000,-3.0000,0.4422,0.0000
3349,1042,-20.0000,10,0,0.7894,0.500,0.500,0.0000,0.0000,0.2388,0.2000,-20.0000,0.7694,0.0000
3350,1043,-3.0000,1,0,0.9124,1.000,0.000,0.0000,0.0000,0.0917,0.2000,-3.0000,0.3593,0.0000
3351,1044,-3.0000,1,0,0.8737,1.000,0.000,0.0000,0.0000,0.1350,0.2000,-3.0000,0.3380,0.0000
3361,1045,-20.0000,10,0,0.8177,0.300,0.700,0.0000,0.0000,0.6411,0.2000,-20.0000,0.5190,0.0000
3366,1046,-11.0000,5,0,0.8282,0.800,0.200,0.0000,0.0000,0.1895,0.2000,-11.0000,0.5733,0.0000
3367,1047,-3.0000,1,0,0.9149,1.000,0.000,0.0000,0.0000,0.0890,0.2000,-3.0000,0.5666,0.0000
3369,1048,-5.0000,2,0,0.8433,1.000,0.000,0.0000,0.0000,0.1745,0.2000,-5.0000,0.6115,0.0000
3370,1049,-3.0000,1,0,0.9270,1.000,0.000,0.0000,0.0000,0.0758,0.2000,-3.0000,0.2136,0.0000
3371,1050,-3.0000,1,0,0.9272,1.000,0.000,0.0000,0.0000,0.0755,0.2000,-3.0000,0.3976,0.0000
3373,1051,-5.0000,2,0,0.8574,0.500,0.500,0.0000,0.0000,0.1563,0.2000,-5.0000,0.4718,0.0000
3374,1052,-3.0000,1,0,0.8942,1.000,0.000,0.0000,0.0000,0.1118,0.2000,-3.0000,0.4041,0.0000
3376,1053,-5.0000,2,0,0.8702,0.500,0.500,0.0000,0.0000,0.1412,0.2000,-5.0000,0.6428,0.0000
3377,1054,-3.0000,1,0,0.8803,1.000,0.000,0.0000,0.0000,0.1275,0.2000,-3.0000,0.1562,0.0000
3378,1055,-3.0000,1,0,0.9237,1.000,0.000,0.0000,0.0000,0.0794,0.2000,-3.0000,0.5441,0.0000
3388,1056,-20.0000,10,0,0.8123,0.600,0.400,0.0000,0.0000,1.0414,0.2000,-20.0000,0.7433,0.0000
3390,1057,-5.0000,2,0,0.8884,1.000,0.000,0.0000,0.0000,0.1193,0.2000,-5.0000,0.4552,0.0000
3396,1058,-13.0000,6,0,0.8426,0.667,0.333,0.0000,0.0000,0.1727,0.2000,-13.0000,0.9088,0.0000
3399,1059,-7.0000,3,0,0.8573,0.667,0.333,0.0000,0.0000,0.1548,0.2000,-7.0000,0.2564,0.0000
3408,1060,-19.0000,9,0,0.8387,0.333,0.667,0.0000,0.0000,0.1769,0.2000,-19.0000,0.6328,0.0000
3409,1061,-3.0000,1,0,0.9220,1.000,0.000,0.0000,0.0000,0.0812,0.2000,-3.0000,0.6325,0.0000
3411,1062,-5.0000,2,0,0.8523,0.500,0.500,0.0000,0.0000,0.1627,0.2000,-5.0000,0.5890,0.0000
3413,1063,-5.0000,2,0,0.8778,1.000,0.000,0.0000,0.0000,0.1314,0.2000,-5.0000,0.6192,0.0000
3417,1064,-9.0000,4,0,0.8514,0.750,0.250,0.0000,0.0000,0.1621,0.2000,-9.0000,0.4042,0.0000
3418,1065,-3.0000,1,0,0.9131,1.000,0.000,0.0000,0.0000,0.0909,0.2000,-3.0000,0.5440,0.0000
3419,1066,-3.0000,1,0,0.9067,1.000,0.000,0.0000,0.0000,0.0980,0.2000,-3.0000,0.2707,0.0000
3426,1067,-15.0000,7,0,0.8285,0.429,0.571,0.0000,0.0000,0.1899,0.2000,-15.0000,0.7135,0.0000
3427,1068,-3.0000,1,0,0.9330,1.000,0.000,0.0000,0.0000,0.0694,0.2000,-3.0000,0.3287,0.0000
3429,1069,-5.0000,2,0,0.8735,0.500,0.500,0.0000,0.0000,0.1368,0.2000,-5.0000,0.4516,0.0000
3430,1070,-3.0000,1,0,0.9337,1.000,0.000,0.0000,0.0000,0.0687,0.2000,-3.0000,0.3869,0.0000
3431,1071,-3.0000,1,0,0.9324,1.000,0.000,0.0000,0.0000,0.0700,0.2000,-3.0000,0.3663,0.0000
3432,1072,-3.0000,1,0,0.9002,1.000,0.000,0.0000,0.0000,0.1052,0.2000,-3.0000,0.0309,0.0000
3434,1073,-5.0000,2,0,0.8831,0.500,0.500,0.0000,0.0000,0.1253,0.2000,-5.0000,0.3804,0.0000
3444,1074,-20.0000,10,0,0.8268,0.300,0.700,0.0000,0.0000,0.9074,0.2000,-20.0000,0.5219,0.0000
3445,1075,-3.0000,1,0,0.9298,1.000,0.000,0.0000,0.0000,0.0728,0.2000,-3.0000,0.3047,0.0000
3451,1076,-10.5937,6,0,0.8448,0.500,0.333,0.0000,0.0000,0.1696,0.2000,-10.8440,0.6092,0.0675
3452,1077,-3.0000,1,0,0.9360,1.000,0.000,0.0000,0.0000,0.0661,0.2000,-3.0000,0.6976,0.0000
3455,1078,-7.0000,3,0,0.8675,0.667,0.333,0.0000,0.0000,0.1437,0.2000,-7.0000,0.3889,0.0000
3456,1079,-3.0000,1,0,0.9337,1.000,0.000,0.0000,0.0000,0.0686,0.2000,-3.0000,0.3693,0.0000
3457,1080,-3.0000,1,0,0.9316,1.000,0.000,0.0000,0.0000,0.0709,0.2000,-3.0000,0.2622,0.0000
3458,1081,-3.0000,1,0,0.8954,1.000,0.000,0.0000,0.0000,0.1105,0.2000,-3.0000,0.2332,0.0000
3459,1082,-3.0000,1,0,0.9341,1.000,0.000,0.0000,0.0000,0.0682,0.2000,-3.0000,0.4515,0.0000
3460,1083,-3.0000,1,0,0.9393,1.000,0.000,0.0000,0.0000,0.0626,0.2000,-3.0000,0.2844,0.0000
3465,1084,-11.0000,5,0,0.8751,0.400,0.600,0.0000,0.0000,0.1340,0.2000,-11.0000,0.6025,0.0000
3466,1085,-3.0000,1,0,0.9155,1.000,0.000,0.0000,0.0000,0.0883,0.2000,-3.0000,0.2879,0.0000
3468,1086,-5.0000,2,0,0.8788,0.500,0.500,0.0000,0.0000,0.1310,0.2000,-5.0000,0.4555,0.0000
3469,1087,-3.0000,1,0,0.9156,1.000,0.000,0.0000,0.0000,0.0881,0.2000,-3.0000,0.5028,0.0000
3470,1088,-3.0000,1,0,0.9099,1.000,0.000,0.0000,0.0000,0.0944,0.2000,-3.0000,0.2360,0.0000
3471,1089,-3.0000,1,0,0.9361,1.000,0.000,0.0000,0.0000,0.0661,0.2000,-3.0000,0.4287,0.0000
3472,1090,-3.0000,1,0,0.9353,1.000,0.000,0.0000,0.0000,0.0669,0.2000,-3.0000,0.2483,0.0000
3477,1091,-11.0000,5,0,0.8612,0.800,0.200,0.0000,0.0000,1.9958,0.2000,-11.0000,0.5333,0.0000
3479,1092,-5.0000,2,0,0.8901,0.500,0.500,0.0000,0.0000,0.1172,0.2000,-5.0000,0.5303,0.0000
3480,1093,-3.0000,1,0,0.9261,1.000,0.000,0.0000,0.0000,0.0767,0.2000,-3.0000,0.4588,0.0000
3482,1094,-5.0000,2,0,0.8862,0.500,0.500,0.0000,0.0000,0.1209,0.2000,-5.0000,0.1883,0.0000
3483,1095,-3.0000,1,0,0.9291,1.000,0.000,0.0000,0.0000,0.0736,0.2000,-3.0000,0.4587,0.0000
3486,1096,-7.0000,3,0,0.8706,0.667,0.333,0.0000,0.0000,0.1393,0.2000,-7.0000,0.2864,0.0000
3488,1097,-5.0000,2,0,0.8681,0.500,0.500,0.0000,0.0000,0.1421,0.2000,-5.0000,0.2143,0.0000
3491,1098,-7.0000,3,0,0.8418,0.333,0.667,0.0000,0.0000,0.1751,0.2000,-7.0000,0.4869,0.0000
3496,1099,-11.0000,5,0,0.8438,1.000,0.000,0.0000,0.0000,1.9042,0.2000,-11.0000,0.8750,0.0000
3497,1100,-3.0000,1,0,0.9230,1.000,0.000,0.0000,0.0000,0.0801,0.2000,-3.0000,0.8686,0.0000
3507,1101,-20.0000,10,0,0.7590,0.600,0.400,0.0000,0.0000,0.2776,0.2000,-20.0000,0.6980,0.0000
3508,1102,-3.0000,1,0,0.9059,1.000,0.000,0.0000,0.0000,0.0988,0.2000,-3.0000,0.3219,0.0000
3518,1103,-20.0000,10,0,0.7810,0.600,0.400,0.0000,0.0000,0.4558,0.2000,-20.0000,0.8585,0.0000
3519,1104,-3.0000,1,0,0.8836,1.000,0.000,0.0000,0.0000,0.1238,0.2000,-3.0000,0.2600,0.0000
3520,1105,-3.0000,1,0,0.9261,1.000,0.000,0.0000,0.0000,0.0767,0.2000,-3.0000,0.5398,0.0000
3521,1106,-3.0000,1,0,0.8880,1.000,0.000,0.0000,0.0000,0.1188,0.2000,-3.0000,0.4131,0.0000
3522,1107,-3.0000,1,0,0.8917,1.000,0.000,0.0000,0.0000,0.1146,0.2000,-3.0000,0.4485,0.0000
3523,1108,-3.0000,1,0,0.9209,1.000,0.000,0.0000,0.0000,0.0824,0.2000,-3.0000,0.7262,0.0000
3524,1109,-3.0000,1,0,0.9243,1.000,0.000,0.0000,0.0000,0.0787,0.2000,-3.0000,0.5042,0.0000
3525,1110,-3.0000,1,0,0.9263,1.000,0.000,0.0000,0.0000,0.0766,0.2000,-3.0000,0.2543,0.0000
3526,1111,-3.0000,1,0,0.9077,1.000,0.000,0.0000,0.0000,0.0969,0.2000,-3.0000,0.6656,0.0000
3527,1112,-3.0000,1,0,0.8712,1.000,0.000,0.0000,0.0000,0.1379,0.2000,-3.0000,0.5293,0.0000
3528,1113,-3.0000,1,0,0.9133,1.000,0.000,0.0000,0.0000,0.0907,0.2000,-3.0000,0.3873,0.0000
3530,1114,-5.0000,2,0,0.8964,0.500,0.500,0.0000,0.0000,0.1097,0.2000,-5.0000,0.4716,0.0000
3531,1115,-3.0000,1,0,0.9217,1.000,0.000,0.0000,0.0000,0.0815,0.2000,-3.0000,0.3655,0.0000
3532,1116,-3.0000,1,0,0.8896,1.000,0.000,0.0000,0.0000,0.1170,0.2000,-3.0000,0.4602,0.0000
3533,1117,-3.0000,1,0,0.9222,1.000,0.000,0.0000,0.0000,0.0810,0.2000,-3.0000,0.5332,0.0000
3534,1118,-3.0000,1,0,0.9177,1.000,0.000,0.0000,0.0000,0.0859,0.2000,-3.0000,0.6623,0.0000
3535,1119,-3.0000,1,0,0.9302,1.000,0.000,0.0000,0.0000,0.0724,0.2000,-3.0000,0.3709,0.0000
3538,1120,-7.0000,3,0,0.8920,0.333,0.667,0.0000,0.0000,0.1153,0.2000,-7.0000,0.0868,0.0000
3542,1121,-9.0000,4,0,0.8708,0.500,0.500,0.0000,0.0000,0.1390,0.2000,-9.0000,0.2692,0.0000
3544,1122,-5.0000,2,0,0.8997,0.500,0.500,0.0000,0.0000,0.1063,0.2000,-5.0000,0.4722,0.0000
3547,1123,-7.0000,3,0,0.8382,1.000,0.000,0.0000,0.0000,0.1780,0.2000,-7.0000,0.5168,0.0000
3557,1124,-20.0000,10,0,0.8280,0.700,0.300,0.0000,0.0000,1.2020,0.2000,-20.0000,0.6215,0.0000
3567,1125,-21.0000,10,0,0.7665,0.500,0.500,0.0000,0.0000,1.3006,0.2000,-21.0000,0.7222,0.0000
3568,1126,-3.0000,1,0,0.8895,1.000,0.000,0.0000,0.0000,0.1171,0.2000,-3.0000,0.5508,0.0000
3571,1127,-7.0000,3,0,0.7770,0.667,0.333,0.0000,0.0000,0.2580,0.2000,-7.0000,0.5573,0.0000
3572,1128,-3.0000,1,0,0.8850,1.000,0.000,0.0000,0.0000,0.1222,0.2000,-3.0000,0.8840,0.0000
3573,1129,-3.0000,1,0,0.8525,1.000,0.000,0.0000,0.0000,0.1596,0.2000,-3.0000,0.9087,0.0000
3574,1130,-3.0000,1,0,0.8801,1.000,0.000,0.0000,0.0000,0.1277,0.2000,-3.0000,0.5909,0.0000
3575,1131,-3.0000,1,0,0.8609,1.000,0.000,0.0000,0.0000,0.1498,0.2000,-3.0000,0.6097,0.0000
3577,1132,-5.0000,2,0,0.8018,0.500,0.500,0.0000,0.0000,0.2238,0.2000,-5.0000,0.6922,0.0000
3579,1133,-5.0000,2,0,0.7801,0.500,0.500,0.0000,0.0000,0.2544,0.2000,-5.0000,0.8009,0.0000
3581,1134,-5.0000,2,0,0.7766,1.000,0.000,0.0000,0.0000,0.5953,0.2000,-5.0000,1.1353,0.0000
3591,1135,-20.0000,10,0,0.6497,0.500,0.500,0.0000,0.0000,0.6154,0.2000,-20.0000,0.8649,0.0000
3594,1136,-7.0000,3,0,0.7273,0.667,0.333,0.0000,0.0000,0.3287,0.2000,-7.0000,0.7892,0.0000
3598,1137,-9.0000,4,0,0.7468,0.500,0.500,0.0000,0.0000,0.9816,0.2000,-9.0000,0.5951,0.0000
3599,1138,-3.0000,1,0,0.8714,1.000,0.000,0.0000,0.0000,0.1376,0.2000,-3.0000,0.9071,0.0000
3600,1139,-3.0000,1,0,0.8832,1.000,0.000,0.0000,0.0000,0.1243,0.2000,-3.0000,0.9690,0.0000
3601,1140,-3.0000,1,0,0.8479,1.000,0.000,0.0000,0.0000,0.1650,0.2000,-3.0000,0.7509,0.0000
3602,1141,-3.0000,1,0,0.8432,1.000,0.000,0.0000,0.0000,0.1706,0.2000,-3.0000,0.9448,0.0000
3604,1142,-5.0000,2,0,0.7336,1.000,0.000,0.0000,0.0000,0.3136,0.2000,-5.0000,0.7491,0.0000
3605,1143,-3.0000,1,0,0.7790,1.000,0.000,0.0000,0.0000,0.2498,0.2000,-3.0000,0.7657,0.0000
3606,1144,-3.0000,1,0,0.7986,1.000,0.000,0.0000,0.0000,0.2249,0.2000,-3.0000,0.7501,0.0000
3607,1145,-3.0000,1,0,0.8648,1.000,0.000,0.0000,0.0000,0.1453,0.2000,-3.0000,0.6853,0.0000
3617,1146,-20.0000,10,0,0.6340,0.500,0.500,0.0000,0.0000,0.6887,0.2000,-20.0000,1.0126,0.0000
3618,1147,-3.0000,1,0,0.8682,1.000,0.000,0.0000,0.0000,0.1413,0.2000,-3.0000,1.1971,0.0000
3620,1148,-5.0000,2,0,0.8011,0.500,0.500,0.0000,0.0000,0.2229,0.2000,-5.0000,0.8054,0.0000
3622,1149,-5.0000,2,0,0.7422,0.500,0.500,0.0000,0.0000,0.3116,0.2000,-5.0000,1.0575,0.0000
3623,1150,-3.0000,1,0,0.8574,1.000,0.000,0.0000,0.0000,0.1538,0.2000,-3.0000,0.9109,0.0000
3627,1151,-9.0000,4,0,0.6974,1.000,0.000,0.0000,0.0000,0.3701,0.2000,-9.0000,0.8294,0.0000
3628,1152,-3.0000,1,0,0.8538,1.000,0.000,0.0000,0.0000,0.1580,0.2000,-3.0000,0.8425,0.0000
3629,1153,-3.0000,1,0,0.8704,1.000,0.000,0.0000,0.0000,0.1388,0.2000,-3.0000,1.3486,0.0000
3630,1154,-3.0000,1,0,0.7974,1.000,0.000,0.0000,0.0000,0.2264,0.2000,-3.0000,0.6559,0.0000
3640,1155,-21.0000,10,0,0.6585,0.600,0.400,0.0000,0.0000,0.9729,0.2000,-21.0000,1.4859,0.0000
3641,1156,-3.0000,1,0,0.8248,1.000,0.000,0.0000,0.0000,0.1926,0.2000,-3.0000,0.7382,0.0000
3642,1157,-3.0000,1,0,0.8279,1.000,0.000,0.0000,0.0000,0.1889,0.2000,-3.0000,0.9958,0.0000
3649,1158,-15.0000,7,0,0.6290,0.286,0.714,0.0000,0.0000,1.0588,0.2000,-15.0000,1.3409,0.0000
3650,1159,-3.0000,1,0,0.7980,1.000,0.000,0.0000,0.0000,0.2256,0.2000,-3.0000,1.5217,0.0000
3660,1160,-20.0000,10,0,0.4912,0.700,0.300,0.0000,0.0000,0.7288,0.2000,-20.0000,1.7357,0.0000
3663,1161,-7.0000,3,0,0.5067,0.667,0.333,0.0000,0.0000,0.7263,0.2000,-7.0000,0.8138,0.0000
3664,1162,-3.0000,1,0,0.6037,1.000,0.000,0.0000,0.0000,0.5047,0.2000,-3.0000,0.7287,0.0000
3665,1163,-3.0000,1,0,0.5619,1.000,0.000,0.0000,0.0000,0.5764,0.2000,-3.0000,0.2491,0.0000
3666,1164,-3.0000,1,0,0.5578,1.000,0.000,0.0000,0.0000,0.5837,0.2000,-3.0000,0.5562,0.0000
3667,1165,-3.0000,1,0,0.7022,1.000,0.000,0.0000,0.0000,1.2115,0.2000,-3.0000,1.4683,0.0000
3671,1166,-9.0000,4,0,0.4795,0.250,0.750,0.0000,0.0000,0.7679,0.2000,-9.0000,1.2745,0.0000
3681,1167,-20.0000,10,0,0.3766,0.500,0.500,0.0000,0.0000,0.9902,0.2000,-20.0000,1.3177,0.0000
3687,1168,-13.0000,6,0,0.5183,0.333,0.667,0.0000,0.0000,0.6854,0.2000,-13.0000,1.9730,0.0000
3688,1169,-3.0000,1,0,0.6492,1.000,0.000,0.0000,0.0000,0.4320,0.2000,-3.0000,0.6103,0.0000
3689,1170,-3.0000,1,0,0.7770,1.000,0.000,0.0000,0.0000,1.5007,0.2000,-3.0000,1.2640,0.0000
3696,1171,-15.0000,7,0,0.5470,0.714,0.286,0.0000,0.0000,0.6213,0.2000,-15.0000,1.7477,0.0000
3698,1172,-5.0000,2,0,0.6386,0.500,0.500,0.0000,0.0000,0.4598,0.2000,-5.0000,1.1788,0.0000
3700,1173,-5.0000,2,0,0.6315,0.500,0.500,0.0000,0.0000,1.0249,0.2000,-5.0000,0.8168,0.0000
3701,1174,-3.0000,1,0,0.8411,1.000,0.000,0.0000,0.0000,0.1730,0.2000,-3.0000,1.5773,0.0000
3703,1175,-5.0000,2,0,0.7030,0.500,0.500,0.0000,0.0000,0.3720,0.2000,-5.0000,0.8677,0.0000
3704,1176,-3.0000,1,0,0.7490,1.000,0.000,0.0000,0.0000,0.2890,0.2000,-3.0000,0.9208,0.0000
3705,1177,-3.0000,1,0,0.7747,1.000,0.000,0.0000,0.0000,0.2553,0.2000,-3.0000,0.5212,0.0000
3712,1178,-15.0000,7,0,0.6549,0.571,0.429,0.0000,0.0000,0.4295,0.2000,-15.0000,1.4744,0.0000
3714,1179,-5.0000,2,0,0.7113,0.500,0.500,0.0000,0.0000,0.3525,0.2000,-5.0000,0.8258,0.0000
3715,1180,-3.0000,1,0,0.7920,1.000,0.000,0.0000,0.0000,0.2332,0.2000,-3.0000,0.8298,0.0000
3716,1181,-3.0000,1,0,0.8675,1.000,0.000,0.0000,0.0000,0.1422,0.2000,-3.0000,1.1892,0.0000
3717,1182,-3.0000,1,0,0.8703,1.000,0.000,0.0000,0.0000,0.1389,0.2000,-3.0000,0.8888,0.0000
3727,1183,-20.0000,10,0,0.6666,0.600,0.400,0.0000,0.0000,0.4088,0.2000,-20.0000,1.1475,0.0000
3728,1184,-3.0000,1,0,0.8918,1.000,0.000,0.0000,0.0000,0.1145,0.2000,-3.0000,0.4792,0.0000
3738,1185,-20.0000,10,0,0.7138,0.500,0.500,0.0000,0.0000,1.1133,0.2000,-20.0000,0.7928,0.0000
3740,1186,-5.0000,2,0,0.8260,0.500,0.500,0.0000,0.0000,0.1925,0.2000,-5.0000,0.4616,0.0000
3748,1187,-17.0000,8,0,0.6998,0.375,0.625,0.0000,0.0000,0.3629,0.2000,-17.0000,1.2072,0.0000
3749,1188,-3.0000,1,0,0.8761,1.000,0.000,0.0000,0.0000,0.1323,0.2000,-3.0000,0.5583,0.0000
3750,1189,-3.0000,1,0,0.8658,1.000,0.000,0.0000,0.0000,0.1441,0.2000,-3.0000,0.3372,0.0000
3760,1190,-20.0000,10,0,0.6777,0.300,0.700,0.0000,0.0000,0.6679,0.2000,-20.0000,1.1580,0.0000
3761,1191,-3.0000,1,0,0.8384,1.000,0.000,0.0000,0.0000,0.1763,0.2000,-3.0000,0.6699,0.0000
3762,1192,-3.0000,1,0,0.8643,1.000,0.000,0.0000,0.0000,0.1459,0.2000,-3.0000,0.7061,0.0000
3763,1193,-3.0000,1,0,0.8809,1.000,0.000,0.0000,0.0000,0.1268,0.2000,-3.0000,0.9609,0.0000
3764,1194,-3.0000,1,0,0.8674,1.000,0.000,0.0000,0.0000,0.1422,0.2000,-3.0000,0.8579,0.0000
3765,1195,-3.0000,1,0,0.8360,1.000,0.000,0.0000,0.0000,0.1791,0.2000,-3.0000,0.6957,0.0000
3766,1196,-3.0000,1,0,0.8234,1.000,0.000,0.0000,0.0000,0.1943,0.2000,-3.0000,0.5809,0.0000
3767,1197,-3.0000,1,0,0.8838,1.000,0.000,0.0000,0.0000,0.1236,0.2000,-3.0000,0.6450,0.0000
3777,1198,-20.0000,10,0,0.6903,0.400,0.600,0.0000,0.0000,0.6139,0.2000,-20.0000,0.5981,0.0000
3787,1199,-20.0000,10,0,0.7371,0.500,0.500,0.0000,0.0000,0.3100,0.2000,-20.0000,1.1282,0.0000
3792,1200,-7.8919,5,0,0.8117,0.600,0.200,0.0000,0.0000,0.2100,0.2000,-8.4768,0.9158,0.0551
3793,1201,-3.0000,1,0,0.9040,1.000,0.000,0.0000,0.0000,0.1009,0.2000,-3.0000,0.7546,0.0000
3794,1202,-3.0000,1,0,0.9085,1.000,0.000,0.0000,0.0000,0.0960,0.2000,-3.0000,0.9391,0.0000
3804,1203,-20.0000,10,0,0.7214,0.600,0.400,0.0000,0.0000,1.1113,0.2000,-20.0000,1.1409,0.0000
3813,1204,-19.0000,9,0,0.6650,0.778,0.222,0.0000,0.0000,0.4143,0.2000,-19.0000,0.9390,0.0000
3814,1205,-3.0000,1,0,0.8708,1.000,0.000,0.0000,0.0000,0.1383,0.2000,-3.0000,0.8379,0.0000
3815,1206,-3.0000,1,0,0.8491,1.000,0.000,0.0000,0.0000,0.1636,0.2000,-3.0000,0.7965,0.0000
3818,1207,-7.0000,3,0,0.8114,0.333,0.667,0.0000,0.0000,0.2098,0.2000,-7.0000,0.2697,0.0000
3819,1208,-3.0000,1,0,0.8867,1.000,0.000,0.0000,0.0000,0.1202,0.2000,-3.0000,1.0347,0.0000
3829,1209,-20.0000,10,0,0.7076,0.500,0.500,0.0000,0.0000,0.3502,0.2000,-20.0000,1.0924,0.0000
3836,1210,-15.0000,7,0,0.7767,0.286,0.714,0.0000,0.0000,0.2562,0.2000,-15.0000,1.1430,0.0000
3837,1211,-3.0000,1,0,0.8742,1.000,0.000,0.0000,0.0000,0.1345,0.2000,-3.0000,0.4665,0.0000
3838,1212,-3.0000,1,0,0.8782,1.000,0.000,0.0000,0.0000,0.1298,0.2000,-3.0000,0.8329,0.0000
3845,1213,-15.0000,7,0,0.8152,0.286,0.714,0.0000,0.0000,0.2065,0.2000,-15.0000,0.7665,0.0000
3855,1214,-20.0000,10,0,0.7964,0.500,0.500,0.0000,0.0000,0.5955,0.2000,-20.0000,0.9874,0.0000
3856,1215,-3.0000,1,0,0.9318,1.000,0.000,0.0000,0.0000,0.0706,0.2000,-3.0000,0.6334,0.0000
3857,1216,-3.0000,1,0,0.9175,1.000,0.000,0.0000,0.0000,0.0861,0.2000,-3.0000,0.7143,0.0000
3859,1217,-5.0000,2,0,0.8890,0.500,0.500,0.0000,0.0000,0.1182,0.2000,-5.0000,0.5148,0.0000
3865,1218,-13.0000,6,0,0.8171,0.667,0.333,0.0000,0.0000,0.2041,0.2000,-13.0000,0.6538,0.0000
3868,1219,-7.0000,3,0,0.8496,0.333,0.667,0.0000,0.0000,0.1637,0.2000,-7.0000,0.2846,0.0000
3878,1220,-20.0000,10,0,0.7957,0.600,0.400,0.0000,0.0000,0.2301,0.2000,-20.0000,0.8042,0.0000
3879,1221,-3.0000,1,0,0.9144,1.000,0.000,0.0000,0.0000,0.0895,0.2000,-3.0000,0.4263,0.0000
3880,1222,-3.0000,1,0,0.9378,1.000,0.000,0.0000,0.0000,0.0642,0.2000,-3.0000,0.3248,0.0000
3881,1223,-3.0000,1,0,0.9409,1.000,0.000,0.0000,0.0000,0.0609,0.2000,-3.0000,0.4857,0.0000
3883,1224,-1.9629,2,0,0.8902,0.500,0.000,0.0000,0.0000,0.1177,0.2000,-2.4817,0.5623,0.0309
3887,1225,-9.0000,4,0,0.8557,0.500,0.500,0.0000,0.0000,0.1570,0.2000,-9.0000,0.3368,0.0000
3890,1226,-7.0000,3,0,0.8799,0.667,0.333,0.0000,0.0000,0.1292,0.2000,-7.0000,0.3563,0.0000
3891,1227,-3.0000,1,0,0.9363,1.000,0.000,0.0000,0.0000,0.0658,0.2000,-3.0000,0.2469,0.0000
3901,1228,-20.0000,10,0,0.8650,0.400,0.600,0.0000,0.0000,0.1458,0.2000,-20.0000,0.5412,0.0000
3902,1229,-3.0000,1,0,0.9508,1.000,0.000,0.0000,0.0000,0.0505,0.2000,-3.0000,0.4037,0.0000
3904,1230,-5.0000,2,0,0.8986,1.000,0.000,0.0000,0.0000,0.1074,0.2000,-5.0000,0.2769,0.0000
3905,1231,-3.0000,1,0,0.9348,1.000,0.000,0.0000,0.0000,0.0674,0.2000,-3.0000,0.2132,0.0000
3906,1232,-3.0000,1,0,0.9497,1.000,0.000,0.0000,0.0000,0.0516,0.2000,-3.0000,0.2594,0.0000
3909,1233,-7.0000,3,0,0.9215,0.667,0.333,0.0000,0.0000,0.0821,0.2000,-7.0000,0.2503,0.0000
3910,1234,-3.0000,1,0,0.9439,1.000,0.000,0.0000,0.0000,0.0577,0.2000,-3.0000,0.2257,0.0000
3919,1235,-19.0000,9,0,0.8568,0.667,0.333,0.0000,0.0000,1.6932,0.2000,-19.0000,0.6200,0.0000
3920,1236,-3.0000,1,0,0.9305,1.000,0.000,0.0000,0.0000,0.0720,0.2000,-3.0000,0.3367,0.0000
3921,1237,-3.0000,1,0,0.9279,1.000,0.000,0.0000,0.0000,0.0749,0.2000,-3.0000,0.3222,0.0000
3931,1238,-20.0000,10,0,0.8464,0.400,0.600,0.0000,0.0000,0.1690,0.2000,-20.0000,0.7427,0.0000
3935,1239,-9.0000,4,0,0.8221,1.000,0.000,0.0000,0.0000,0.1980,0.2000,-9.0000,0.3973,0.0000
3936,1240,-3.0000,1,0,0.9131,1.000,0.000,0.0000,0.0000,2.4426,0.2000,-3.0000,0.2195,0.0000
3937,1241,-3.0000,1,0,0.9322,1.000,0.000,0.0000,0.0000,0.0703,0.2000,-3.0000,0.3403,0.0000
3942,1242,-11.0000,5,0,0.8654,0.600,0.400,0.0000,0.0000,0.1460,0.2000,-11.0000,0.8103,0.0000
3952,1243,-21.0000,10,0,0.8350,0.600,0.400,0.0000,0.0000,0.8969,0.2000,-21.0000,0.6813,0.0000
3962,1244,-20.0000,10,0,0.7921,0.600,0.400,0.0000,0.0000,1.6579,0.2000,-20.0000,1.0672,0.0000
3963,1245,-3.0000,1,0,0.8859,1.000,0.000,0.0000,0.0000,0.1212,0.2000,-3.0000,0.6709,0.0000
3964,1246,-3.0000,1,0,0.9028,1.000,0.000,0.0000,0.0000,0.1022,0.2000,-3.0000,0.6704,0.0000
3965,1247,-3.0000,1,0,0.8970,1.000,0.000,0.0000,0.0000,0.1087,0.2000,-3.0000,0.5076,0.0000
3966,1248,-3.0000,1,0,0.8292,1.000,0.000,0.0000,0.0000,0.1873,0.2000,-3.0000,0.6350,0.0000
3967,1249,-3.0000,1,0,0.8937,1.000,0.000,0.0000,0.0000,0.1124,0.2000,-3.0000,0.7172,0.0000
3977,1250,-20.0000,10,0,0.7131,0.300,0.700,0.0000,0.0000,0.8849,0.2000,-20.0000,1.3021,0.0000
3982,1251,-11.0000,5,0,0.7593,0.400,0.600,0.0000,0.0000,0.6906,0.2000,-11.0000,1.2850,0.0000
3983,1252,-3.0000,1,0,0.8494,1.000,0.000,0.0000,0.0000,0.1633,0.2000,-3.0000,1.2248,0.0000
3985,1253,-5.0000,2,0,0.6807,1.000,0.000,0.0000,0.0000,0.3905,0.2000,-5.0000,0.7614,0.0000
3986,1254,-3.0000,1,0,0.7415,1.000,0.000,0.0000,0.0000,0.2991,0.2000,-3.0000,0.6692,0.0000
3996,1255,-20.0000,10,0,0.5928,0.500,0.500,0.0000,0.0000,0.6188,0.2000,-20.0000,1.1481,0.0000
3997,1256,-3.0000,1,0,0.8424,1.000,0.000,0.0000,0.0000,0.1715,0.2000,-3.0000,0.6371,0.0000
3999,1257,-5.0000,2,0,0.7548,0.500,0.500,0.0000,0.0000,0.2858,0.2000,-5.0000,0.7671,0.0000
4000,1258,-3.0000,1,0,0.7788,1.000,0.000,0.0000,0.0000,0.2500,0.2000,-3.0000,1.0592,0.0000
4010,1259,-20.0000,10,0,0.5935,0.400,0.600,0.0000,0.0000,0.5268,0.2000,-20.0000,1.3670,0.0000
4012,1260,-5.0000,2,0,0.7223,0.500,0.500,0.0000,0.0000,0.3298,0.2000,-5.0000,0.6409,0.0000
4018,1261,-13.0000,6,0,0.7370,0.333,0.667,0.0000,0.0000,0.4151,0.2000,-13.0000,1.3156,0.0000
4019,1262,-3.0000,1,0,0.8686,1.000,0.000,0.0000,0.0000,0.1409,0.2000,-3.0000,0.6521,0.0000
4020,1263,-3.0000,1,0,0.8656,1.000,0.000,0.0000,0.0000,0.1444,0.2000,-3.0000,0.9145,0.0000
4021,1264,-3.0000,1,0,0.7811,1.000,0.000,0.0000,0.0000,0.2471,0.2000,-3.0000,0.3896,0.0000
4022,1265,-3.0000,1,0,0.8053,1.000,0.000,0.0000,0.0000,0.2165,0.2000,-3.0000,0.6490,0.0000
4023,1266,-3.0000,1,0,0.8098,1.000,0.000,0.0000,0.0000,0.2110,0.2000,-3.0000,0.5650,0.0000
4024,1267,-3.0000,1,0,0.8628,1.000,0.000,0.0000,0.0000,0.1476,0.2000,-3.0000,0.7979,0.0000
4025,1268,-3.0000,1,0,0.8161,1.000,0.000,0.0000,0.0000,0.2032,0.2000,-3.0000,0.9263,0.0000
4035,1269,-20.0000,10,0,0.6681,0.800,0.200,0.0000,0.0000,0.4076,0.2000,-20.0000,1.1954,0.0000
4037,1270,-5.0000,2,0,0.8313,1.000,0.000,0.0000,0.0000,0.1864,0.2000,-5.0000,0.7775,0.0000
4038,1271,-3.0000,1,0,0.8968,1.000,0.000,0.0000,0.0000,0.1089,0.2000,-3.0000,0.8083,0.0000
4039,1272,-3.0000,1,0,0.9081,1.000,0.000,0.0000,0.0000,0.0964,0.2000,-3.0000,1.0390,0.0000
4042,1273,-7.0000,3,0,0.8236,0.333,0.667,0.0000,0.0000,0.1947,0.2000,-7.0000,0.3321,0.0000
4052,1274,-17.4337,10,0,0.7684,0.400,0.500,0.0000,0.0000,0.3578,0.2000,-17.9246,0.8857,0.1106
4057,1275,-11.0000,5,0,0.7899,0.800,0.200,0.0000,0.0000,0.2374,0.2000,-11.0000,0.9545,0.0000
4060,1276,-7.0000,3,0,0.8290,1.000,0.000,0.0000,0.0000,0.1908,0.2000,-7.0000,0.4981,0.0000
4065,1277,-11.0000,5,0,0.7999,0.600,0.400,0.0000,0.0000,0.2250,0.2000,-11.0000,0.7612,0.0000
4070,1278,-11.0000,5,0,0.8507,0.600,0.400,0.0000,0.0000,0.1633,0.2000,-11.0000,0.9361,0.0000
4071,1279,-3.0000,1,0,0.9343,1.000,0.000,0.0000,0.0000,0.0680,0.2000,-3.0000,0.4488,0.0000
4076,1280,-11.0000,5,0,0.8877,0.600,0.400,0.0000,0.0000,0.1195,0.2000,-11.0000,0.5730,0.0000
4077,1281,-3.0000,1,0,0.9224,1.000,0.000,0.0000,0.0000,0.0808,0.2000,-3.0000,0.4022,0.0000
4079,1282,-5.0000,2,0,0.8804,0.500,0.500,0.0000,0.0000,0.1280,0.2000,-5.0000,0.4036,0.0000
4088,1283,-19.0000,9,0,0.8490,0.778,0.222,0.0000,0.0000,0.1649,0.2000,-19.0000,0.6501,0.0000
4089,1284,-3.0000,1,0,0.9384,1.000,0.000,0.0000,0.0000,0.0636,0.2000,-3.0000,0.2339,0.0000
4090,1285,-3.0000,1,0,0.9231,1.000,0.000,0.0000,0.0000,0.0800,0.2000,-3.0000,0.3323,0.0000
4091,1286,-3.0000,1,0,0.9404,1.000,0.000,0.0000,0.0000,0.0615,0.2000,-3.0000,0.5843,0.0000
4093,1287,-5.0000,2,0,0.9209,0.500,0.500,0.0000,0.0000,0.0828,0.2000,-5.0000,0.4068,0.0000
4095,1288,-5.0000,2,0,0.8982,0.500,0.500,0.0000,0.0000,0.1080,0.2000,-5.0000,0.3842,0.0000
4096,1289,-3.0000,1,0,0.9525,1.000,0.000,0.0000,0.0000,0.0486,0.2000,-3.0000,0.3834,0.0000
4098,1290,-5.0000,2,0,0.9361,0.500,0.500,0.0000,0.0000,0.0661,0.2000,-5.0000,0.3017,0.0000
4108,1291,-20.0000,10,0,0.8832,0.600,0.400,0.0000,0.0000,1.4537,0.2000,-20.0000,0.6020,0.0000
4109,1292,-3.0000,1,0,0.9474,1.000,0.000,0.0000,0.0000,0.0540,0.2000,-3.0000,0.2886,0.0000
4119,1293,-20.0000,10,0,0.8350,0.600,0.400,0.0000,0.0000,0.1820,0.2000,-20.0000,0.4807,0.0000
4121,1294,-5.0000,2,0,0.9039,0.500,0.500,0.0000,0.0000,0.1018,0.2000,-5.0000,0.3244,0.0000
4123,1295,-5.0000,2,0,0.8960,1.000,0.000,0.0000,0.0000,0.1109,0.2000,-5.0000,0.5615,0.0000
4124,1296,-3.0000,1,0,0.9122,1.000,0.000,0.0000,0.0000,0.0920,0.2000,-3.0000,0.3140,0.0000
4125,1297,-3.0000,1,0,0.9397,1.000,0.000,0.0000,0.0000,0.0622,0.2000,-3.0000,0.3115,0.0000
4127,1298,-5.0000,2,0,0.8778,0.500,0.500,0.0000,0.0000,0.1320,0.2000,-5.0000,0.5389,0.0000
4128,1299,-3.0000,1,0,0.9389,1.000,0.000,0.0000,0.0000,0.0630,0.2000,-3.0000,0.3276,0.0000
4130,1300,-5.0000,2,0,0.8568,0.500,0.500,0.0000,0.0000,0.1557,0.2000,-5.0000,0.4498,0.0000
4132,1301,-5.0000,2,0,0.8814,0.500,0.500,0.0000,0.0000,1.0810,0.2000,-5.0000,0.1906,0.0000
4135,1302,-7.0000,3,0,0.8888,0.667,0.333,0.0000,0.0000,0.1188,0.2000,-7.0000,0.2637,0.0000
4137,1303,-5.0000,2,0,0.9002,0.500,0.500,0.0000,0.0000,0.1060,0.2000,-5.0000,0.4968,0.0000
4140,1304,-7.0000,3,0,0.8600,0.667,0.333,0.0000,0.0000,0.1516,0.2000,-7.0000,0.3436,0.0000
4141,1305,-3.0000,1,0,0.9340,1.000,0.000,0.0000,0.0000,0.0683,0.2000,-3.0000,0.5529,0.0000
4142,1306,-3.0000,1,0,0.9182,1.000,0.000,0.0000,0.0000,0.0854,0.2000,-3.0000,0.2627,0.0000
4143,1307,-3.0000,1,0,0.9406,1.000,0.000,0.0000,0.0000,0.0612,0.2000,-3.0000,0.0805,0.0000
4147,1308,-9.0000,4,0,0.8706,0.750,0.250,0.0000,0.0000,0.1394,0.2000,-9.0000,0.3102,0.0000
4149,1309,-5.0000,2,0,0.9096,0.500,0.500,0.0000,0.0000,0.0954,0.2000,-5.0000,0.4561,0.0000
4150,1310,-3.0000,1,0,0.9236,1.000,0.000,0.0000,0.0000,0.0794,0.2000,-3.0000,0.3546,0.0000
4152,1311,-5.0000,2,0,0.9095,0.500,0.500,0.0000,0.0000,0.0955,0.2000,-5.0000,0.4778,0.0000
4153,1312,-3.0000,1,0,0.9389,1.000,0.000,0.0000,0.0000,0.0630,0.2000,-3.0000,0.1434,0.0000
4154,1313,-3.0000,1,0,0.9114,1.000,0.000,0.0000,0.0000,0.0928,0.2000,-3.0000,0.4933,0.0000
4159,1314,-11.0000,5,0,0.8544,0.600,0.400,0.0000,0.0000,0.1584,0.2000,-11.0000,0.6971,0.0000
4169,1315,-20.0000,10,0,0.8578,0.600,0.400,0.0000,0.0000,0.1541,0.2000,-20.0000,0.5124,0.0000
4172,1316,-7.0000,3,0,0.8964,0.333,0.667,0.0000,0.0000,0.1101,0.2000,-7.0000,0.3472,0.0000
4182,1317,-21.0000,10,0,0.8737,0.600,0.400,0.0000,0.0000,0.1358,0.2000,-21.0000,0.5079,0.0000
4192,1318,-17.6498,10,0,0.8896,0.500,0.400,0.0000,0.0000,0.1175,0.2000,-17.9301,0.4549,0.0531
4202,1319,-20.0000,10,0,0.8890,0.800,0.200,0.0000,0.0000,0.8688,0.2000,-20.0000,0.4400,0.0000
4206,1320,-9.0000,4,0,0.8988,0.750,0.250,0.0000,0.0000,0.6458,0.2000,-9.0000,0.1244,0.0000
4207,1321,-3.0000,1,0,0.9439,1.000,0.000,0.0000,0.0000,0.0578,0.2000,-3.0000,0.2210,0.0000
4208,1322,-3.0000,1,0,0.9403,1.000,0.000,0.0000,0.0000,0.0616,0.2000,-3.0000,0.0659,0.0000
4218,1323,-20.0000,10,0,0.8646,0.300,0.700,0.0000,0.0000,0.8379,0.2000,-20.0000,0.5016,0.0000
4220,1324,-5.0000,2,0,0.9073,1.000,0.000,0.0000,0.0000,0.0986,0.2000,-5.0000,0.5405,0.0000
4221,1325,-3.0000,1,0,0.9547,1.000,0.000,0.0000,0.0000,0.0464,0.2000,-3.0000,0.4993,0.0000
4226,1326,-11.0000,5,0,0.9099,0.400,0.600,0.0000,0.0000,0.0947,0.2000,-11.0000,0.4089,0.0000
4227,1327,-3.0000,1,0,0.9461,1.000,0.000,0.0000,0.0000,0.0554,0.2000,-3.0000,0.4234,0.0000
4237,1328,-20.0000,10,0,0.8570,0.300,0.700,0.0000,0.0000,0.6595,0.2000,-20.0000,0.4360,0.0000
4238,1329,-3.0000,1,0,0.9471,1.000,0.000,0.0000,0.0000,0.0544,0.2000,-3.0000,0.5020,0.0000
4239,1330,-3.0000,1,0,0.9292,1.000,0.000,0.0000,0.0000,0.0734,0.2000,-3.0000,0.4993,0.0000
4240,1331,-3.0000,1,0,0.9446,1.000,0.000,0.0000,0.0000,0.0570,0.2000,-3.0000,0.3516,0.0000
4242,1332,-5.0000,2,0,0.8868,1.000,0.000,0.0000,0.0000,0.1211,0.2000,-5.0000,0.4598,0.0000
4243,1333,-3.0000,1,0,0.9407,1.000,0.000,0.0000,0.0000,0.0611,0.2000,-3.0000,0.3615,0.0000
4253,1334,-20.0000,10,0,0.8490,0.400,0.600,0.0000,0.0000,0.9044,0.2000,-20.0000,0.8610,0.0000
4255,1335,-5.0000,2,0,0.8844,0.500,0.500,0.0000,0.0000,0.1243,0.2000,-5.0000,0.5484,0.0000
4256,1336,-3.0000,1,0,0.9394,1.000,0.000,0.0000,0.0000,0.0625,0.2000,-3.0000,0.8223,0.0000
4257,1337,-3.0000,1,0,0.9178,1.000,0.000,0.0000,0.0000,0.0858,0.2000,-3.0000,0.5532,0.0000
4267,1338,-20.0000,10,0,0.7716,0.600,0.400,0.0000,0.0000,0.2620,0.2000,-20.0000,0.8921,0.0000
4268,1339,-3.0000,1,0,0.9331,1.000,0.000,0.0000,0.0000,0.0692,0.2000,-3.0000,0.5501,0.0000
4269,1340,-3.0000,1,0,0.8961,1.000,0.000,0.0000,0.0000,0.1097,0.2000,-3.0000,0.5685,0.0000
4276,1341,-15.0000,7,0,0.8287,0.429,0.571,0.0000,0.0000,1.2287,0.2000,-15.0000,0.6829,0.0000
4277,1342,-3.0000,1,0,0.9326,1.000,0.000,0.0000,0.0000,0.0698,0.2000,-3.0000,0.1843,0.0000
4279,1343,-5.0000,2,0,0.9207,0.500,0.500,0.0000,0.0000,0.0827,0.2000,-5.0000,0.4590,0.0000
4280,1344,-3.0000,1,0,0.9249,1.000,0.000,0.0000,0.0000,0.0781,0.2000,-3.0000,0.5111,0.0000
4281,1345,-3.0000,1,0,0.9274,1.000,0.000,0.0000,0.0000,0.0754,0.2000,-3.0000,0.7093,0.0000
4282,1346,-3.0000,1,0,0.9140,1.000,0.000,0.0000,0.0000,0.0899,0.2000,-3.0000,0.4312,0.0000
4284,1347,-5.0000,2,0,0.8707,1.000,0.000,0.0000,0.0000,0.1401,0.2000,-5.0000,0.6528,0.0000
4287,1348,-7.0000,3,0,0.8318,1.000,0.000,0.0000,0.0000,0.1860,0.2000,-7.0000,0.4753,0.0000
4289,1349,-5.0000,2,0,0.8595,1.000,0.000,0.0000,0.0000,0.1541,0.2000,-5.0000,0.8069,0.0000
4290,1350,-3.0000,1,0,0.8727,1.000,0.000,0.0000,0.0000,0.1362,0.2000,-3.0000,0.6102,0.0000
4291,1351,-3.0000,1,0,0.8867,1.000,0.000,0.0000,0.0000,0.1202,0.2000,-3.0000,0.4477,0.0000
4293,1352,-5.0000,2,0,0.8139,1.000,0.000,0.0000,0.0000,0.2112,0.2000,-5.0000,0.8299,0.0000
4294,1353,-3.0000,1,0,0.9226,1.000,0.000,0.0000,0.0000,0.0806,0.2000,-3.0000,0.6278,0.0000
4295,1354,-3.0000,1,0,0.9261,1.000,0.000,0.0000,0.0000,0.0767,0.2000,-3.0000,0.5814,0.0000
4297,1355,-5.0000,2,0,0.8587,1.000,0.000,0.0000,0.0000,0.1556,0.2000,-5.0000,0.6765,0.0000
4298,1356,-3.0000,1,0,0.9237,1.000,0.000,0.0000,0.0000,0.0793,0.2000,-3.0000,0.3124,0.0000
4308,1357,-20.0000,10,0,0.7875,0.800,0.200,0.0000,0.0000,0.2406,0.2000,-20.0000,0.7994,0.0000
4309,1358,-3.0000,1,0,0.9368,1.000,0.000,0.0000,0.0000,0.0653,0.2000,-3.0000,0.4959,0.0000
4311,1359,-5.0000,2,0,0.9184,0.500,0.500,0.0000,0.0000,0.0851,0.2000,-5.0000,0.2857,0.0000
4312,1360,-3.0000,1,0,0.9158,1.000,0.000,0.0000,0.0000,0.0879,0.2000,-3.0000,0.3729,0.0000
4315,1361,-7.0000,3,0,0.8986,0.667,0.333,0.0000,0.0000,0.1075,0.2000,-7.0000,0.1859,0.0000
4317,1362,-5.0000,2,0,0.8791,0.500,0.500,0.0000,0.0000,0.1310,0.2000,-5.0000,0.4228,0.0000
4327,1363,-20.0000,10,0,0.8012,0.600,0.400,0.0000,0.0000,1.2651,0.2000,-20.0000,0.6982,0.0000
4332,1364,-11.0000,5,0,0.8740,0.400,0.600,0.0000,0.0000,0.1355,0.2000,-11.0000,0.4906,0.0000
4334,1365,-5.0000,2,0,0.8748,1.000,0.000,0.0000,0.0000,0.1355,0.2000,-5.0000,0.6133,0.0000
4337,1366,-7.0000,3,0,0.8714,0.333,0.667,0.0000,0.0000,0.1392,0.2000,-7.0000,0.2884,0.0000
4343,1367,-13.0000,6,0,0.7902,0.833,0.167,0.0000,0.0000,0.2400,0.2000,-13.0000,1.1332,0.0000
4344,1368,-3.0000,1,0,0.9066,1.000,0.000,0.0000,0.0000,0.0981,0.2000,-3.0000,0.6442,0.0000
4345,1369,-3.0000,1,0,0.9305,1.000,0.000,0.0000,0.0000,0.0720,0.2000,-3.0000,0.6480,0.0000
4348,1370,-7.0000,3,0,0.8584,0.667,0.333,0.0000,0.0000,0.1548,0.2000,-7.0000,0.3991,0.0000
4349,1371,-3.0000,1,0,0.9353,1.000,0.000,0.0000,0.0000,0.0669,0.2000,-3.0000,0.4322,0.0000
4350,1372,-3.0000,1,0,0.9340,1.000,0.000,0.0000,0.0000,0.0683,0.2000,-3.0000,0.4865,0.0000
4351,1373,-3.0000,1,0,0.9204,1.000,0.000,0.0000,0.0000,0.0830,0.2000,-3.0000,0.5248,0.0000
4352,1374,-3.0000,1,0,0.9326,1.000,0.000,0.0000,0.0000,0.0698,0.2000,-3.0000,0.4568,0.0000
4353,1375,-3.0000,1,0,0.9208,1.000,0.000,0.0000,0.0000,0.0825,0.2000,-3.0000,0.5236,0.0000
4363,1376,-20.0000,10,0,0.7658,0.400,0.600,0.0000,0.0000,1.1320,0.2000,-20.0000,0.6810,0.0000
4370,1377,-15.0000,7,0,0.7933,0.571,0.429,0.0000,0.0000,0.2352,0.2000,-15.0000,1.1633,0.0000
4375,1378,-11.0000,5,0,0.8309,0.400,0.600,0.0000,0.0000,0.1870,0.2000,-11.0000,1.0837,0.0000
4376,1379,-3.0000,1,0,0.8451,1.000,0.000,0.0000,0.0000,0.1682,0.2000,-3.0000,0.7513,0.0000
4378,1380,-5.0000,2,0,0.8127,0.500,0.500,0.0000,0.0000,0.2173,0.2000,-5.0000,0.8569,0.0000
4380,1381,-5.0000,2,0,0.8389,0.500,0.500,0.0000,0.0000,0.1760,0.2000,-5.0000,0.4346,0.0000
4382,1382,-5.0000,2,0,0.8197,0.500,0.500,0.0000,0.0000,0.2015,0.2000,-5.0000,0.5745,0.0000
4383,1383,-3.0000,1,0,0.8750,1.000,0.000,0.0000,0.0000,2.0793,0.2000,-3.0000,0.7087,0.0000
4384,1384,-3.0000,1,0,0.9008,1.000,0.000,0.0000,0.0000,0.1044,0.2000,-3.0000,0.8032,0.0000
4385,1385,-3.0000,1,0,0.8594,1.000,0.000,0.0000,0.0000,0.1515,0.2000,-3.0000,0.4414,0.0000
4386,1386,-3.0000,1,0,0.9274,1.000,0.000,0.0000,0.0000,0.0753,0.2000,-3.0000,0.9340,0.0000
4387,1387,-3.0000,1,0,0.9094,1.000,0.000,0.0000,0.0000,0.0949,0.2000,-3.0000,0.5344,0.0000
4389,1388,-5.0000,2,0,0.8235,1.000,0.000,0.0000,0.0000,0.1959,0.2000,-5.0000,0.6335,0.0000
4390,1389,-3.0000,1,0,0.9064,1.000,0.000,0.0000,0.0000,0.0983,0.2000,-3.0000,0.5083,0.0000
4392,1390,-5.0000,2,0,0.8378,1.000,0.000,0.0000,0.0000,0.1815,0.2000,-5.0000,0.6085,0.0000
4393,1391,-3.0000,1,0,0.8903,1.000,0.000,0.0000,0.0000,0.1162,0.2000,-3.0000,0.5960,0.0000
4394,1392,-3.0000,1,0,0.9329,1.000,0.000,0.0000,0.0000,0.0695,0.2000,-3.0000,0.5848,0.0000
4395,1393,-3.0000,1,0,0.9295,1.000,0.000,0.0000,0.0000,0.0731,0.2000,-3.0000,0.6863,0.0000
4398,1394,-7.0000,3,0,0.8356,0.333,0.667,0.0000,0.0000,0.1804,0.2000,-7.0000,0.2374,0.0000
4399,1395,-3.0000,1,0,0.9364,1.000,0.000,0.0000,0.0000,0.0657,0.2000,-3.0000,0.6139,0.0000
4405,1396,-13.0000,6,0,0.7982,0.333,0.667,0.0000,0.0000,0.4009,0.2000,-13.0000,0.5972,0.0000
4408,1397,-7.0000,3,0,0.8939,0.667,0.333,0.0000,0.0000,0.1136,0.2000,-7.0000,0.1624,0.0000
4411,1398,-7.0000,3,0,0.8796,0.667,0.333,0.0000,0.0000,0.1291,0.2000,-7.0000,0.4581,0.0000
4415,1399,-9.0000,4,0,0.8848,0.250,0.750,0.0000,0.0000,0.1230,0.2000,-9.0000,0.4702,0.0000
4416,1400,-3.0000,1,0,0.9377,1.000,0.000,0.0000,0.0000,0.0643,0.2000,-3.0000,0.5141,0.0000
4417,1401,-3.0000,1,0,0.8805,1.000,0.000,0.0000,0.0000,0.1272,0.2000,-3.0000,0.1392,0.0000
4418,1402,-3.0000,1,0,0.9363,1.000,0.000,0.0000,0.0000,0.0658,0.2000,-3.0000,0.6498,0.0000
4419,1403,-3.0000,1,0,0.9400,1.000,0.000,0.0000,0.0000,0.0618,0.2000,-3.0000,0.6081,0.0000
4422,1404,-7.0000,3,0,0.8347,0.333,0.667,0.0000,0.0000,0.1838,0.2000,-7.0000,0.5315,0.0000
4432,1405,-7.6444,10,0,0.7736,0.800,0.100,0.0000,0.0000,1.1625,0.2000,-7.8368,0.8716,0.1228
4434,1406,-5.0000,2,0,0.8357,0.500,0.500,0.0000,0.0000,0.1869,0.2000,-5.0000,0.8887,0.0000
4435,1407,-3.0000,1,0,0.9338,1.000,0.000,0.0000,0.0000,0.0685,0.2000,-3.0000,0.4296,0.0000
4436,1408,-3.0000,1,0,0.9224,1.000,0.000,0.0000,0.0000,0.0808,0.2000,-3.0000,0.6442,0.0000
4443,1409,-15.0000,7,0,0.7888,0.286,0.714,0.0000,0.0000,0.2389,0.2000,-15.0000,0.6548,0.0000
4447,1410,-9.0000,4,0,0.8128,0.500,0.500,0.0000,0.0000,0.2089,0.2000,-9.0000,0.5042,0.0000
4451,1411,-9.0000,4,0,0.8084,0.500,0.500,0.0000,0.0000,0.2170,0.2000,-9.0000,0.4965,0.0000
4452,1412,-3.0000,1,0,0.9205,1.000,0.000,0.0000,0.0000,0.0828,0.2000,-3.0000,0.3737,0.0000
4453,1413,-3.0000,1,0,0.9349,1.000,0.000,0.0000,0.0000,0.0673,0.2000,-3.0000,0.5572,0.0000
4454,1414,-3.0000,1,0,0.9240,1.000,0.000,0.0000,0.0000,2.5774,0.2000,-3.0000,0.3949,0.0000
4455,1415,-3.0000,1,0,0.8937,1.000,0.000,0.0000,0.0000,0.1124,0.2000,-3.0000,0.5541,0.0000
4456,1416,-3.0000,1,0,0.9396,1.000,0.000,0.0000,0.0000,0.0623,0.2000,-3.0000,0.8150,0.0000
4466,1417,-20.0000,10,0,0.7855,0.400,0.600,0.0000,0.0000,0.2471,0.2000,-20.0000,0.7774,0.0000
4470,1418,-9.0000,4,0,0.8263,0.500,0.500,0.0000,0.0000,0.8835,0.2000,-9.0000,0.5525,0.0000
4472,1419,-5.0000,2,0,0.8895,1.000,0.000,0.0000,0.0000,0.1186,0.2000,-5.0000,0.7763,0.0000
4473,1420,-3.0000,1,0,0.9154,1.000,0.000,0.0000,0.0000,0.0884,0.2000,-3.0000,0.6077,0.0000
4474,1421,-3.0000,1,0,0.9389,1.000,0.000,0.0000,0.0000,0.0631,0.2000,-3.0000,0.5046,0.0000
4479,1422,-11.0000,5,0,0.9006,0.600,0.400,0.0000,0.0000,0.1055,0.2000,-11.0000,0.6464,0.0000
4480,1423,-3.0000,1,0,0.9120,1.000,0.000,0.0000,0.0000,0.0922,0.2000,-3.0000,0.4182,0.0000
4481,1424,-3.0000,1,0,0.9337,1.000,0.000,0.0000,0.0000,0.0686,0.2000,-3.0000,0.4569,0.0000
4482,1425,-3.0000,1,0,0.9335,1.000,0.000,0.0000,0.0000,0.0688,0.2000,-3.0000,0.4984,0.0000
4492,1426,-20.0000,10,0,0.8211,0.300,0.700,0.0000,0.0000,0.2004,0.2000,-20.0000,0.7797,0.0000
4495,1427,-7.0000,3,0,0.8371,0.667,0.333,0.0000,0.0000,0.1818,0.2000,-7.0000,0.6657,0.0000
4496,1428,-3.0000,1,0,0.9101,1.000,0.000,0.0000,0.0000,0.0942,0.2000,-3.0000,0.4360,0.0000
4499,1429,-7.0000,3,0,0.8484,1.000,0.000,0.0000,0.0000,0.1661,0.2000,-7.0000,0.5970,0.0000
4503,1430,-9.0000,4,0,0.8475,0.250,0.750,0.0000,0.0000,0.1668,0.2000,-9.0000,0.4205,0.0000
4504,1431,-3.0000,1,0,0.9261,1.000,0.000,0.0000,0.0000,0.0768,0.2000,-3.0000,0.3921,0.0000
4505,1432,-3.0000,1,0,0.9514,1.000,0.000,0.0000,0.0000,0.0499,0.2000,-3.0000,0.2911,0.0000
4515,1433,-20.0000,10,0,0.8254,0.400,0.600,0.0000,0.0000,0.1931,0.2000,-20.0000,0.5334,0.0000
4516,1434,-3.0000,1,0,0.9310,1.000,0.000,0.0000,0.0000,0.0714,0.2000,-3.0000,0.1898,0.0000
4523,1435,-15.0000,7,0,0.8692,0.571,0.429,0.0000,0.0000,0.1417,0.2000,-15.0000,0.6709,0.0000
4524,1436,-3.0000,1,0,0.9481,1.000,0.000,0.0000,0.0000,0.0533,0.2000,-3.0000,0.5041,0.0000
4530,1437,-13.0000,6,0,0.8718,0.667,0.333,0.0000,0.0000,0.1382,0.2000,-13.0000,0.5160,0.0000
4532,1438,-5.0000,2,0,0.9244,0.500,0.500,0.0000,0.0000,0.0787,0.2000,-5.0000,0.1486,0.0000
4542,1439,-20.0000,10,0,0.8770,0.400,0.600,0.0000,0.0000,0.1319,0.2000,-20.0000,0.5014,0.0000
4543,1440,-3.0000,1,0,0.9639,1.000,0.000,0.0000,0.0000,0.0367,0.2000,-3.0000,0.2997,0.0000
4553,1441,-20.0000,10,0,0.8974,0.500,0.500,0.0000,0.0000,0.1092,0.2000,-20.0000,0.4720,0.0000
4554,1442,-3.0000,1,0,0.9666,1.000,0.000,0.0000,0.0000,0.0340,0.2000,-3.0000,0.0882,0.0000
4555,1443,-3.0000,1,0,0.9734,1.000,0.000,0.0000,0.0000,3.6258,0.2000,-3.0000,0.1840,0.0000
4556,1444,-3.0000,1,0,0.9685,1.000,0.000,0.0000,0.0000,0.0320,0.2000,-3.0000,0.2694,0.0000
4557,1445,-3.0000,1,0,0.9677,1.000,0.000,0.0000,0.0000,0.0328,0.2000,-3.0000,0.2421,0.0000
4562,1446,-11.0000,5,0,0.9163,0.600,0.400,0.0000,0.0000,0.0876,0.2000,-11.0000,0.4110,0.0000
4572,1447,-20.0000,10,0,0.9031,0.400,0.600,0.0000,0.0000,0.1026,0.2000,-20.0000,0.4681,0.0000
4573,1448,-3.0000,1,0,0.9676,1.000,0.000,0.0000,0.0000,0.0329,0.2000,-3.0000,0.2539,0.0000
4575,1449,-5.0000,2,0,0.9361,0.500,0.500,0.0000,0.0000,0.0664,0.2000,-5.0000,0.3073,0.0000
4577,1450,-5.0000,2,0,0.9445,0.500,0.500,0.0000,0.0000,0.0576,0.2000,-5.0000,0.3214,0.0000
4578,1451,-3.0000,1,0,0.9713,1.000,0.000,0.0000,0.0000,0.0291,0.2000,-3.0000,0.2562,0.0000
4579,1452,-3.0000,1,0,0.9713,1.000,0.000,0.0000,0.0000,0.0291,0.2000,-3.0000,0.1148,0.0000
4580,1453,-3.0000,1,0,0.9719,1.000,0.000,0.0000,0.0000,0.0285,0.2000,-3.0000,0.2154,0.0000
4581,1454,-3.0000,1,0,0.9738,1.000,0.000,0.0000,0.0000,0.0266,0.2000,-3.0000,0.1435,0.0000
4582,1455,-3.0000,1,0,0.9759,1.000,0.000,0.0000,0.0000,0.0244,0.2000,-3.0000,0.2779,0.0000
4584,1456,-5.0000,2,0,0.9491,0.500,0.500,0.0000,0.0000,0.0525,0.2000,-5.0000,0.2477,0.0000
4587,1457,-7.0000,3,0,0.9394,1.000,0.000,0.0000,0.0000,0.0629,0.2000,-7.0000,0.1881,0.0000
4591,1458,-9.0000,4,0,0.9302,0.500,0.500,0.0000,0.0000,0.0726,0.2000,-9.0000,0.1440,0.0000
4592,1459,-3.0000,1,0,0.9678,1.000,0.000,0.0000,0.0000,0.0327,0.2000,-3.0000,0.1649,0.0000
4598,1460,-13.0000,6,0,0.9468,0.833,0.167,0.0000,0.0000,0.0549,0.2000,-13.0000,0.4439,0.0000
4599,1461,-3.0000,1,0,0.9725,1.000,0.000,0.0000,0.0000,0.0279,0.2000,-3.0000,0.2198,0.0000
4601,1462,-5.0000,2,0,0.9597,1.000,0.000,0.0000,0.0000,0.0412,0.2000,-5.0000,0.2209,0.0000
4605,1463,-9.0000,4,0,0.9431,0.500,0.500,0.0000,0.0000,0.0589,0.2000,-9.0000,0.1094,0.0000
4606,1464,-3.0000,1,0,0.9777,1.000,0.000,0.0000,0.0000,0.0226,0.2000,-3.0000,0.2241,0.0000
4608,1465,-5.0000,2,0,0.9482,0.500,0.500,0.0000,0.0000,0.0535,0.2000,-5.0000,0.2183,0.0000
4609,1466,-3.0000,1,0,0.9761,1.000,0.000,0.0000,0.0000,0.0242,0.2000,-3.0000,0.1675,0.0000
4610,1467,-3.0000,1,0,0.9752,1.000,0.000,0.0000,0.0000,0.0251,0.2000,-3.0000,0.1368,0.0000
4620,1468,-20.0000,10,0,0.9267,0.600,0.400,0.0000,0.0000,0.0763,0.2000,-20.0000,0.2854,0.0000
4621,1469,-3.0000,1,0,0.9778,1.000,0.000,0.0000,0.0000,0.0224,0.2000,-3.0000,0.1147,0.0000
4627,1470,-13.0000,6,0,0.9343,0.500,0.500,0.0000,0.0000,0.0682,0.2000,-13.0000,0.2916,0.0000
4629,1471,-5.0000,2,0,0.9650,0.500,0.500,0.0000,0.0000,0.0357,0.2000,-5.0000,0.2082,0.0000
4630,1472,-3.0000,1,0,0.9782,1.000,0.000,0.0000,0.0000,0.0220,0.2000,-3.0000,0.1250,0.0000
4631,1473,-3.0000,1,0,0.9766,1.000,0.000,0.0000,0.0000,0.0237,0.2000,-3.0000,0.0820,0.0000
4632,1474,-3.0000,1,0,0.9822,1.000,0.000,0.0000,0.0000,0.0180,0.2000,-3.0000,0.0175,0.0000
4642,1475,-17.6638,10,0,0.9431,0.500,0.400,0.0000,0.0000,0.6295,0.2000,-17.8568,0.2520,0.0206
4643,1476,-3.0000,1,0,0.9736,1.000,0.000,0.0000,0.0000,0.0268,0.2000,-3.0000,0.2260,0.0000
4644,1477,-3.0000,1,0,0.9779,1.000,0.000,0.0000,0.0000,0.0223,0.2000,-3.0000,0.1154,0.0000
4645,1478,-3.0000,1,0,0.9816,1.000,0.000,0.0000,0.0000,0.0186,0.2000,-3.0000,0.1962,0.0000
4647,1479,-5.0000,2,0,0.9665,0.500,0.500,0.0000,0.0000,0.0341,0.2000,-5.0000,0.1246,0.0000
4648,1480,-3.0000,1,0,0.9762,1.000,0.000,0.0000,0.0000,0.0240,0.2000,-3.0000,0.0570,0.0000
4651,1481,-7.0000,3,0,0.9615,0.667,0.333,0.0000,0.0000,0.0393,0.2000,-7.0000,0.0967,0.0000
4652,1482,-3.0000,1,0,0.9798,1.000,0.000,0.0000,0.0000,0.0205,0.2000,-3.0000,0.0786,0.0000
4653,1483,-3.0000,1,0,0.9808,1.000,0.000,0.0000,0.0000,0.0194,0.2000,-3.0000,0.0986,0.0000
4654,1484,-3.0000,1,0,0.9755,1.000,0.000,0.0000,0.0000,0.0248,0.2000,-3.0000,0.0925,0.0000
4655,1485,-3.0000,1,0,0.9758,1.000,0.000,0.0000,0.0000,0.0245,0.2000,-3.0000,0.1202,0.0000
4665,1486,-20.0000,10,0,0.9435,0.400,0.600,0.0000,0.0000,0.0583,0.2000,-20.0000,0.2951,0.0000
4666,1487,-3.0000,1,0,0.9807,1.000,0.000,0.0000,0.0000,0.0195,0.2000,-3.0000,0.0450,0.0000
4667,1488,-3.0000,1,0,0.9809,1.000,0.000,0.0000,0.0000,0.0193,0.2000,-3.0000,0.0450,0.0000
4668,1489,-3.0000,1,0,0.9661,1.000,0.000,0.0000,0.0000,0.0345,0.2000,-3.0000,0.1589,0.0000
4669,1490,-3.0000,1,0,0.9799,1.000,0.000,0.0000,0.0000,0.0203,0.2000,-3.0000,0.0818,0.0000
4670,1491,-3.0000,1,0,0.9777,1.000,0.000,0.0000,0.0000,0.0226,0.2000,-3.0000,0.1951,0.0000
4680,1492,-21.0000,10,0,0.9393,0.500,0.500,0.0000,0.0000,1.5840,0.2000,-21.0000,0.2652,0.0000
4681,1493,-3.0000,1,0,0.9782,1.000,0.000,0.0000,0.0000,0.0220,0.2000,-3.0000,0.3076,0.0000
4683,1494,-5.0000,2,0,0.9579,0.500,0.500,0.0000,0.0000,0.0432,0.2000,-5.0000,0.2609,0.0000
4693,1495,-20.0000,10,0,0.8959,0.400,0.600,0.0000,0.0000,2.0275,0.2000,-20.0000,0.4705,0.0000
4703,1496,-20.0000,10,0,0.8602,0.500,0.500,0.0000,0.0000,0.6193,0.2000,-20.0000,0.6451,0.0000
4704,1497,-3.0000,1,0,0.9318,1.000,0.000,0.0000,0.0000,0.0706,0.2000,-3.0000,0.2891,0.0000
4705,1498,-3.0000,1,0,0.9427,1.000,0.000,0.0000,0.0000,0.0590,0.2000,-3.0000,0.7648,0.0000
4706,1499,-3.0000,1,0,0.9218,1.000,0.000,0.0000,0.0000,0.0815,0.2000,-3.0000,0.5186,0.0000
4707,1500,-3.0000,1,0,0.9414,1.000,0.000,0.0000,0.0000,0.0604,0.2000,-3.0000,0.3603,0.0000
4709,1501,-5.0000,2,0,0.8689,1.000,0.000,0.0000,0.0000,0.1442,0.2000,-5.0000,0.8419,0.0000
4719,1502,-20.0000,10,0,0.7692,0.600,0.400,0.0000,0.0000,0.2649,0.2000,-20.0000,0.7533,0.0000
4720,1503,-3.0000,1,0,0.9312,1.000,0.000,0.0000,0.0000,0.0713,0.2000,-3.0000,0.5193,0.0000
4721,1504,-3.0000,1,0,0.9417,1.000,0.000,0.0000,0.0000,0.0601,0.2000,-3.0000,0.7899,0.0000
4722,1505,-3.0000,1,0,0.9386,1.000,0.000,0.0000,0.0000,0.0634,0.2000,-3.0000,0.5003,0.0000
4723,1506,-3.0000,1,0,0.8987,1.000,0.000,0.0000,0.0000,0.1068,0.2000,-3.0000,0.5772,0.0000
4724,1507,-3.0000,1,0,0.9407,1.000,0.000,0.0000,0.0000,0.0611,0.2000,-3.0000,0.4279,0.0000
4734,1508,-20.0000,10,0,0.7950,0.500,0.500,0.0000,0.0000,0.2316,0.2000,-20.0000,1.0633,0.0000
4735,1509,-3.0000,1,0,0.9203,1.000,0.000,0.0000,0.0000,0.0831,0.2000,-3.0000,0.5798,0.0000
4736,1510,-3.0000,1,0,0.9454,1.000,0.000,0.0000,0.0000,0.0562,0.2000,-3.0000,0.4936,0.0000
4746,1511,-20.0000,10,0,0.8123,0.700,0.300,0.0000,0.0000,1.4882,0.2000,-20.0000,0.7551,0.0000
4747,1512,-3.0000,1,0,0.9249,1.000,0.000,0.0000,0.0000,0.0780,0.2000,-3.0000,0.6975,0.0000
4752,1513,-11.0000,5,0,0.8266,0.800,0.200,0.0000,0.0000,0.1931,0.2000,-11.0000,1.2201,0.0000
4754,1514,-5.0000,2,0,0.8323,0.500,0.500,0.0000,0.0000,0.1910,0.2000,-5.0000,0.9067,0.0000
4764,1515,-20.0000,10,0,0.7517,0.600,0.400,0.0000,0.0000,0.4223,0.2000,-20.0000,1.3271,0.0000
4766,1516,-5.0000,2,0,0.8710,0.500,0.500,0.0000,0.0000,0.1385,0.2000,-5.0000,0.5514,0.0000
4776,1517,-20.0000,10,0,0.7723,0.200,0.800,0.0000,0.0000,0.2613,0.2000,-20.0000,0.9812,0.0000
4777,1518,-3.0000,1,0,0.9026,1.000,0.000,0.0000,0.0000,0.1025,0.2000,-3.0000,0.5371,0.0000
4780,1519,-7.0000,3,0,0.8213,0.667,0.333,0.0000,0.0000,0.1986,0.2000,-7.0000,0.5690,0.0000
4781,1520,-3.0000,1,0,0.9284,1.000,0.000,0.0000,0.0000,0.0743,0.2000,-3.0000,0.5546,0.0000
4782,1521,-3.0000,1,0,0.9385,1.000,0.000,0.0000,0.0000,0.0635,0.2000,-3.0000,0.6611,0.0000
4791,1522,-19.0000,9,0,0.7935,0.778,0.222,0.0000,0.0000,1.3693,0.2000,-19.0000,1.1158,0.0000
4801,1523,-20.0000,10,0,0.7333,0.400,0.600,0.0000,0.0000,1.0349,0.2000,-20.0000,1.0428,0.0000
4802,1524,-3.0000,1,0,0.8808,1.000,0.000,0.0000,0.0000,0.1269,0.2000,-3.0000,0.5079,0.0000
4804,1525,-5.0000,2,0,0.7812,1.000,0.000,0.0000,0.0000,0.2590,0.2000,-5.0000,1.0530,0.0000
4814,1526,-20.0000,10,0,0.6338,0.500,0.500,0.0000,0.0000,0.6824,0.2000,-20.0000,1.4368,0.0000
4815,1527,-3.0000,1,0,0.7994,1.000,0.000,0.0000,0.0000,0.2239,0.2000,-3.0000,0.9631,0.0000
4825,1528,-20.0000,10,0,0.5885,0.500,0.500,0.0000,0.0000,0.5472,0.2000,-20.0000,2.0394,0.0000
4832,1529,-15.0000,7,0,0.6267,1.000,0.000,0.0000,0.0000,0.5042,0.2000,-15.0000,1.5377,0.0000
4842,1530,-20.0000,10,0,0.6585,0.600,0.400,0.0000,0.0000,0.5204,0.2000,-20.0000,1.6281,0.0000
4843,1531,-3.0000,1,0,0.8904,1.000,0.000,0.0000,0.0000,0.1161,0.2000,-3.0000,0.9163,0.0000
4845,1532,-5.0000,2,0,0.8055,0.500,0.500,0.0000,0.0000,0.2190,0.2000,-5.0000,0.7594,0.0000
4855,1533,-20.0000,10,0,0.6716,0.700,0.300,0.0000,0.0000,0.4058,0.2000,-20.0000,1.4336,0.0000
4865,1534,-20.0000,10,0,0.7207,0.400,0.600,0.0000,0.0000,0.3310,0.2000,-20.0000,0.9312,0.0000
4866,1535,-3.0000,1,0,0.9278,1.000,0.000,0.0000,0.0000,0.0750,0.2000,-3.0000,0.6410,0.0000
4867,1536,-3.0000,1,0,0.8599,1.000,0.000,0.0000,0.0000,0.1509,0.2000,-3.0000,0.4190,0.0000
4877,1537,-20.0000,10,0,0.7796,0.300,0.700,0.0000,0.0000,1.3596,0.2000,-20.0000,0.9900,0.0000
4878,1538,-3.0000,1,0,0.9221,1.000,0.000,0.0000,0.0000,0.0811,0.2000,-3.0000,0.6101,0.0000
4879,1539,-3.0000,1,0,0.9073,1.000,0.000,0.0000,0.0000,0.0973,0.2000,-3.0000,0.4505,0.0000
4880,1540,-3.0000,1,0,0.9230,1.000,0.000,0.0000,0.0000,0.0801,0.2000,-3.0000,0.5408,0.0000
4888,1541,-17.0000,8,0,0.7204,0.250,0.750,0.0000,0.0000,0.3369,0.2000,-17.0000,1.4543,0.0000
4889,1542,-3.0000,1,0,0.8659,1.000,0.000,0.0000,0.0000,0.1440,0.2000,-3.0000,0.4724,0.0000
4899,1543,-20.0000,10,0,0.7506,0.700,0.300,0.0000,0.0000,0.7554,0.2000,-20.0000,1.3740,0.0000
4909,1544,-20.0000,10,0,0.6879,0.600,0.400,0.0000,0.0000,0.5594,0.2000,-20.0000,1.2390,0.0000
4910,1545,-3.0000,1,0,0.9096,1.000,0.000,0.0000,0.0000,0.0947,0.2000,-3.0000,1.3613,0.0000
4920,1546,-20.0000,10,0,0.6538,0.900,0.100,0.0000,0.0000,0.5255,0.2000,-20.0000,1.6969,0.0000
4921,1547,-3.0000,1,0,0.8742,1.000,0.000,0.0000,0.0000,0.1344,0.2000,-3.0000,0.8956,0.0000
4931,1548,-20.0000,10,0,0.6618,0.600,0.400,0.0000,0.0000,0.4202,0.2000,-20.0000,0.8169,0.0000
4932,1549,-3.0000,1,0,0.8792,1.000,0.000,0.0000,0.0000,0.1288,0.2000,-3.0000,0.6678,0.0000
4933,1550,-3.0000,1,0,0.8582,1.000,0.000,0.0000,0.0000,0.1530,0.2000,-3.0000,0.9861,0.0000
4934,1551,-3.0000,1,0,0.8994,1.000,0.000,0.0000,0.0000,0.1061,0.2000,-3.0000,0.4874,0.0000
4935,1552,-3.0000,1,0,0.9160,1.000,0.000,0.0000,0.0000,0.0877,0.2000,-3.0000,0.6843,0.0000
4936,1553,-3.0000,1,0,0.9043,1.000,0.000,0.0000,0.0000,0.1006,0.2000,-3.0000,0.6745,0.0000
4940,1554,-9.0000,4,0,0.7558,0.500,0.500,0.0000,0.0000,0.2835,0.2000,-9.0000,0.6097,0.0000
4941,1555,-3.0000,1,0,0.9284,1.000,0.000,0.0000,0.0000,0.0743,0.2000,-3.0000,0.6473,0.0000
4942,1556,-3.0000,1,0,0.9162,1.000,0.000,0.0000,0.0000,0.0876,0.2000,-3.0000,0.9098,0.0000
4952,1557,-20.0000,10,0,0.7694,0.600,0.400,0.0000,0.0000,0.2684,0.2000,-20.0000,1.4167,0.0000
4954,1558,-5.0000,2,0,0.8291,0.500,0.500,0.0000,0.0000,0.1950,0.2000,-5.0000,1.0487,0.0000
4955,1559,-3.0000,1,0,0.9303,1.000,0.000,0.0000,0.0000,0.0723,0.2000,-3.0000,0.9330,0.0000
4965,1560,-20.0000,10,0,0.7659,0.500,0.500,0.0000,0.0000,0.7678,0.2000,-20.0000,0.8328,0.0000
4966,1561,-3.0000,1,0,0.9322,1.000,0.000,0.0000,0.0000,0.0703,0.2000,-3.0000,0.8958,0.0000
4967,1562,-3.0000,1,0,0.8987,1.000,0.000,0.0000,0.0000,0.1069,0.2000,-3.0000,0.8245,0.0000
4968,1563,-3.0000,1,0,0.9399,1.000,0.000,0.0000,0.0000,0.0620,0.2000,-3.0000,0.8559,0.0000
4971,1564,-7.0000,3,0,0.8688,0.333,0.667,0.0000,0.0000,0.1414,0.2000,-7.0000,0.5113,0.0000
4974,1565,-7.0000,3,0,0.8076,0.333,0.667,0.0000,0.0000,0.2195,0.2000,-7.0000,0.6846,0.0000
4976,1566,-5.0000,2,0,0.8542,0.500,0.500,0.0000,0.0000,0.1578,0.2000,-5.0000,0.3489,0.0000
4978,1567,-5.0000,2,0,0.9222,0.500,0.500,0.0000,0.0000,0.0811,0.2000,-5.0000,0.3875,0.0000
4979,1568,-3.0000,1,0,0.9357,1.000,0.000,0.0000,0.0000,0.0665,0.2000,-3.0000,0.7036,0.0000
4980,1569,-3.0000,1,0,0.9174,1.000,0.000,0.0000,0.0000,0.0862,0.2000,-3.0000,0.8214,0.0000
4983,1570,-7.0000,3,0,0.8318,0.667,0.333,0.0000,0.0000,0.1859,0.2000,-7.0000,0.4982,0.0000
4984,1571,-3.0000,1,0,0.8974,1.000,0.000,0.0000,0.0000,0.1082,0.2000,-3.0000,0.6386,0.0000
4985,1572,-3.0000,1,0,0.9347,1.000,0.000,0.0000,0.0000,0.0675,0.2000,-3.0000,0.5503,0.0000
4986,1573,-3.0000,1,0,0.9205,1.000,0.000,0.0000,0.0000,0.0828,0.2000,-3.0000,0.7139,0.0000
4989,1574,-7.0000,3,0,0.8224,0.667,0.333,0.0000,0.0000,0.2003,0.2000,-7.0000,0.6724,0.0000
4999,1575,-20.0000,10,0,0.7536,0.700,0.300,0.0000,0.0000,1.4575,0.2000,-20.0000,0.9132,0.0000
5000,1576,-3.0000,1,0,0.8791,1.000,0.000,2.4998,-1.8466,0.1289,0.1999,-3.0000,0.4120,0.0000
5002,1577,-5.0000,2,0,0.8958,0.500,0.500,1.9424,-2.5455,0.1100,0.1998,-5.0000,0.4995,0.0000
5003,1578,-3.0000,1,0,0.9111,1.000,0.000,1.5652,-3.0900,0.0931,0.1997,-3.0000,1.0092,0.0000
5011,1579,-17.0000,8,0,0.7595,0.375,0.625,1.4706,-4.7222,0.7163,0.1990,-17.0000,1.4154,0.0000
5016,1580,-11.0000,5,0,0.7364,0.200,0.800,1.5302,-5.4879,0.5502,0.1986,-11.0000,1.7388,0.0000
5020,1581,-9.0000,4,0,0.7363,0.250,0.750,1.5825,-6.1201,0.3150,0.1983,-9.0000,0.8997,0.0000
5030,1582,-20.0000,10,0,0.6659,0.000,1.000,1.6993,-7.4741,0.4135,0.1975,-20.0000,1.3949,0.0000
5033,1583,-7.0000,3,0,0.7237,0.333,0.667,1.7070,-7.8578,0.3328,0.1973,-7.0000,0.9274,0.0000
5043,1584,-20.0000,10,0,0.7957,0.000,1.000,1.7025,-8.7894,0.2356,0.1965,-20.0000,1.4652,0.0000
5053,1585,-20.0000,10,0,0.7744,0.000,1.000,1.7116,-9.4052,0.2572,0.1957,-20.0000,0.7496,0.0000
5063,1586,-20.0000,10,0,0.8661,0.000,1.000,1.6435,-10.1717,0.1459,0.1949,-20.0000,0.9827,0.0000
5073,1587,-20.0000,10,0,0.8810,0.000,1.000,1.7978,-10.6970,1.5096,0.1942,-20.0000,0.4616,0.0000
5083,1588,-20.0000,10,0,0.8026,0.000,1.000,2.0449,-11.6668,0.2280,0.1934,-20.0000,0.7960,0.0000
5093,1589,-20.0000,10,0,0.8019,0.000,1.000,1.9962,-13.4002,0.2231,0.1926,-20.0000,1.1262,0.0000
5103,1590,-20.0000,10,0,0.7922,0.000,1.000,2.2158,-15.2092,0.2348,0.1918,-20.0000,0.7684,0.0000
5110,1591,-15.0000,7,0,0.8876,0.143,0.857,2.6636,-16.4909,1.5407,0.1913,-15.0000,0.9012,0.0000
5120,1592,-20.0000,10,0,0.8316,0.000,1.000,2.9051,-18.3952,0.4555,0.1905,-20.0000,0.8663,0.0000
5130,1593,-20.0000,10,0,0.8581,0.000,1.000,2.7852,-19.8744,0.8080,0.1898,-20.0000,0.6369,0.0000
5140,1594,-20.0000,10,0,0.8160,0.000,1.000,3.1607,-23.9389,0.5575,0.1890,-20.0000,0.6478,0.0000
5150,1595,-20.0000,10,0,0.8168,0.000,1.000,3.3928,-25.9254,1.5504,0.1883,-20.0000,0.4395,0.0000
5160,1596,-20.0000,10,0,0.6821,0.000,1.000,3.3950,-30.1378,0.5405,0.1875,-20.0000,0.1792,0.0000
5170,1597,-20.0000,10,0,0.6172,0.000,1.000,4.2693,-32.1713,0.9854,0.1867,-20.0000,0.2497,0.0000
5180,1598,-20.0000,10,0,0.6374,0.000,1.000,4.6302,-35.7952,0.4650,0.1860,-20.0000,0.9269,0.0000
5190,1599,-20.0000,10,0,0.6275,0.000,1.000,5.2930,-39.1222,0.4695,0.1852,-20.0000,1.2168,0.0000
5200,1600,-20.0000,10,0,0.6536,0.000,1.000,6.3083,-45.0247,0.4354,0.1845,-20.0000,1.0786,0.0000
5210,1601,-20.0000,10,0,0.6586,0.000,1.000,6.3264,-50.6115,0.4263,0.1838,-20.0000,1.1940,0.0000
5220,1602,-20.0000,10,0,0.7542,0.000,1.000,7.7811,-53.1442,0.2889,0.1830,-20.0000,1.4057,0.0000
5230,1603,-20.0000,10,0,0.7598,0.000,1.000,7.9676,-58.5868,0.2853,0.1823,-20.0000,1.4752,0.0000
5240,1604,-20.0000,10,0,0.7541,0.000,1.000,8.5608,-64.9646,0.4707,0.1816,-20.0000,1.1389,0.0000
5250,1605,-20.0000,10,0,0.7715,0.000,1.000,9.9274,-69.4193,0.2617,0.1808,-20.0000,0.4822,0.0000
5254,1606,-9.0000,4,0,0.8602,0.250,0.750,10.5190,-72.8515,0.1521,0.1805,-9.0000,0.3709,0.0000
5264,1607,-20.0000,10,0,0.7726,0.000,1.000,11.3496,-79.1361,1.5425,0.1798,-20.0000,0.9591,0.0000
5274,1608,-20.0000,10,0,0.7363,0.000,1.000,14.5546,-89.6166,0.3129,0.1791,-20.0000,1.1993,0.0000
5284,1609,-20.0000,10,0,0.7404,0.000,1.000,13.2739,-97.2227,0.3072,0.1784,-20.0000,1.3697,0.0000
5294,1610,-20.0000,10,0,0.7679,0.000,1.000,16.5759,-105.8234,0.2688,0.1777,-20.0000,1.2311,0.0000
5304,1611,-20.0000,10,0,0.7793,0.000,1.000,18.5677,-112.5240,0.2508,0.1769,-20.0000,0.7965,0.0000
5314,1612,-20.0000,10,0,0.8251,0.000,1.000,18.9994,-122.9521,0.1946,0.1762,-20.0000,0.9293,0.0000
5324,1613,-20.0000,10,0,0.8470,0.000,1.000,18.6848,-135.5805,0.1676,0.1755,-20.0000,0.7822,0.0000
5334,1614,-20.0000,10,0,0.8604,0.000,1.000,21.0586,-144.6409,0.1512,0.1748,-20.0000,0.6239,0.0000
5344,1615,-20.0000,10,0,0.8842,0.000,1.000,24.2004,-154.7202,0.1240,0.1741,-20.0000,0.6008,0.0000
5354,1616,-20.0000,10,0,0.8950,0.000,1.000,31.2185,-168.4381,0.1115,0.1734,-20.0000,0.5246,0.0000
5364,1617,-20.0000,10,0,0.9019,0.000,1.000,31.2775,-181.1675,0.1036,0.1727,-20.0000,0.4337,0.0000
5374,1618,-20.0000,10,0,0.9142,0.000,1.000,34.5896,-192.8265,0.0902,0.1720,-20.0000,0.4233,0.0000
5384,1619,-20.0000,10,0,0.9212,0.000,1.000,34.9953,-206.9395,0.0824,0.1713,-20.0000,0.3852,0.0000
5394,1620,-20.0000,10,0,0.9271,0.000,1.000,40.8257,-221.6309,0.0760,0.1707,-20.0000,0.3549,0.0000
5404,1621,-20.0000,10,0,0.9323,0.000,1.000,39.4908,-241.6390,0.0704,0.1700,-20.0000,0.3285,0.0000
5414,1622,-20.0000,10,0,0.9366,0.000,1.000,45.6811,-257.2274,0.0658,0.1693,-20.0000,0.3135,0.0000
5424,1623,-20.0000,10,0,0.9381,0.000,1.000,49.0570,-278.2910,0.0640,0.1686,-20.0000,0.2566,0.0000
5434,1624,-20.0000,10,0,0.9421,0.000,1.000,45.0548,-281.7770,0.0598,0.1679,-20.0000,0.2387,0.0000
5444,1625,-20.0000,10,0,0.9480,0.000,1.000,51.0531,-283.1903,0.0535,0.1673,-20.0000,0.2513,0.0000
5454,1626,-20.0000,10,0,0.9520,0.000,1.000,45.8995,-290.7971,0.0494,0.1666,-20.0000,0.2355,0.0000
5464,1627,-20.0000,10,0,0.9529,0.000,1.000,47.3227,-296.8803,0.0483,0.1659,-20.0000,0.1977,0.0000
5474,1628,-20.0000,10,0,0.9530,0.000,1.000,48.3666,-301.1115,0.0482,0.1653,-20.0000,0.1462,0.0000
5484,1629,-20.0000,10,0,0.9581,0.000,1.000,44.9223,-310.2999,0.0429,0.1646,-20.0000,0.1865,0.0000
5494,1630,-20.0000,10,0,0.9604,0.000,1.000,45.9841,-315.0135,0.0405,0.1639,-20.0000,0.1830,0.0000
5504,1631,-20.0000,10,0,0.9631,0.000,1.000,47.9529,-319.7636,0.0377,0.1633,-20.0000,0.1780,0.0000
5514,1632,-20.0000,10,0,0.9645,0.000,1.000,42.4826,-322.6925,0.0362,0.1626,-20.0000,0.1637,0.0000
5524,1633,-20.0000,10,0,0.9638,0.000,1.000,47.9440,-324.9347,0.0369,0.1620,-20.0000,0.1423,0.0000
5534,1634,-20.0000,10,0,0.9653,0.000,1.000,48.1386,-333.2953,0.0354,0.1613,-20.0000,0.1319,0.0000
5544,1635,-20.0000,10,0,0.9684,0.000,1.000,41.1722,-336.3005,0.0321,0.1607,-20.0000,0.1434,0.0000
5554,1636,-20.0000,10,0,0.9628,0.000,1.000,42.0652,-343.3167,3.3814,0.1600,-20.0000,0.1440,0.0000
5564,1637,-20.0000,10,0,0.9386,0.000,1.000,43.9614,-347.2665,0.0636,0.1594,-20.0000,0.2055,0.0000
5574,1638,-20.0000,10,0,0.9307,0.000,1.000,43.9549,-356.2162,0.0722,0.1587,-20.0000,0.3027,0.0000
5584,1639,-20.0000,10,0,0.9285,0.000,1.000,43.9970,-364.5425,0.0745,0.1581,-20.0000,0.3284,0.0000
5594,1640,-20.0000,10,0,0.9313,0.000,1.000,42.5430,-366.2446,0.0714,0.1575,-20.0000,0.3137,0.0000
5604,1641,-20.0000,10,0,0.9358,0.000,1.000,43.2745,-373.5114,0.0666,0.1568,-20.0000,0.2965,0.0000
5614,1642,-20.0000,10,0,0.9362,0.000,1.000,39.6559,-374.2982,0.0660,0.1562,-20.0000,0.2379,0.0000
5624,1643,-20.0000,10,0,0.9426,0.000,1.000,40.0127,-384.3775,0.0593,0.1556,-20.0000,0.2788,0.0000
5634,1644,-20.0000,10,0,0.9455,0.000,1.000,48.8079,-387.3303,0.0562,0.1550,-20.0000,0.2433,0.0000
5644,1645,-20.0000,10,0,0.9490,0.000,1.000,43.4975,-393.0068,0.0524,0.1543,-20.0000,0.2317,0.0000
5654,1646,-20.0000,10,0,0.9517,0.000,1.000,45.7235,-400.3289,0.0496,0.1537,-20.0000,0.2242,0.0000
5664,1647,-20.0000,10,0,0.9543,0.000,1.000,37.5137,-401.5378,0.0469,0.1531,-20.0000,0.2176,0.0000
5674,1648,-20.0000,10,0,0.9552,0.000,1.000,41.7760,-415.6013,0.0459,0.1525,-20.0000,0.1930,0.0000
5684,1649,-20.0000,10,0,0.9585,0.000,1.000,42.6753,-417.0856,0.0425,0.1519,-20.0000,0.1827,0.0000
5694,1650,-20.0000,10,0,0.9582,0.000,1.000,46.4428,-417.6200,0.0428,0.1513,-20.0000,0.1552,0.0000
5704,1651,-20.0000,10,0,0.9593,0.000,1.000,41.2372,-430.4150,0.0416,0.1507,-20.0000,0.1206,0.0000
5714,1652,-20.0000,10,0,0.9641,0.000,1.000,37.5117,-429.5345,0.0366,0.1501,-20.0000,0.1639,0.0000
5724,1653,-20.0000,10,0,0.9635,0.000,1.000,39.7141,-439.0123,0.0372,0.1495,-20.0000,0.1377,0.0000
5734,1654,-20.0000,10,0,0.9653,0.000,1.000,40.5329,-440.7769,0.0353,0.1489,-20.0000,0.1296,0.0000
5744,1655,-20.0000,10,0,0.9677,0.000,1.000,42.8368,-452.5806,0.0329,0.1483,-20.0000,0.1385,0.0000
5754,1656,-20.0000,10,0,0.9692,0.000,1.000,45.4353,-452.1392,0.0313,0.1477,-20.0000,0.1320,0.0000
5764,1657,-20.0000,10,0,0.9709,0.000,1.000,39.7571,-466.7327,0.0296,0.1471,-20.0000,0.1344,0.0000
5774,1658,-20.0000,10,0,0.9716,0.000,1.000,43.5755,-467.2103,0.0289,0.1465,-20.0000,0.1288,0.0000
5784,1659,-20.0000,10,0,0.9726,0.000,1.000,42.8980,-488.6182,0.0278,0.1459,-20.0000,0.1221,0.0000
5794,1660,-20.0000,10,0,0.9719,0.000,1.000,41.1153,-493.6920,0.0285,0.1453,-20.0000,0.0956,0.0000
5804,1661,-20.0000,10,0,0.9743,0.000,1.000,39.6507,-489.8311,0.0261,0.1447,-20.0000,0.1088,0.0000
5814,1662,-20.0000,10,0,0.9741,0.000,1.000,44.6072,-505.9662,0.0263,0.1442,-20.0000,0.0959,0.0000
5824,1663,-20.0000,10,0,0.9766,0.000,1.000,41.1018,-509.6664,0.0237,0.1436,-20.0000,0.1117,0.0000
5834,1664,-20.0000,10,0,0.9773,0.000,1.000,46.1588,-521.9113,0.0230,0.1430,-20.0000,0.1052,0.0000
5844,1665,-20.0000,10,0,0.9778,0.000,1.000,41.5075,-524.4385,0.0224,0.1424,-20.0000,0.1008,0.0000
5854,1666,-20.0000,10,0,0.9771,0.000,1.000,42.6510,-533.5801,0.0232,0.1419,-20.0000,0.0833,0.0000
5864,1667,-20.0000,10,0,0.9787,0.000,1.000,41.4753,-535.7310,0.0216,0.1413,-20.0000,0.0894,0.0000
5874,1668,-20.0000,10,0,0.9783,0.000,1.000,39.1946,-544.3336,0.0220,0.1407,-20.0000,0.0731,0.0000
5884,1669,-20.0000,10,0,0.9797,0.000,1.000,41.2913,-553.0135,0.0205,0.1402,-20.0000,0.0821,0.0000
5894,1670,-20.0000,10,0,0.9803,0.000,1.000,43.3850,-557.9659,0.0199,0.1396,-20.0000,0.0821,0.0000
5904,1671,-20.0000,10,0,0.9809,0.000,1.000,41.0861,-553.9467,0.0193,0.1390,-20.0000,0.0813,0.0000
5914,1672,-20.0000,10,0,0.9818,0.000,1.000,41.1119,-566.4621,0.0184,0.1385,-20.0000,0.0836,0.0000
5924,1673,-20.0000,10,0,0.9818,0.000,1.000,40.4564,-582.7368,0.0184,0.1379,-20.0000,0.0708,0.0000
5934,1674,-20.0000,10,0,0.9830,0.000,1.000,39.7715,-582.1670,0.0171,0.1374,-20.0000,0.0792,0.0000
5944,1675,-20.0000,10,0,0.9832,0.000,1.000,42.5870,-585.7087,0.0169,0.1368,-20.0000,0.0766,0.0000
5954,1676,-20.0000,10,0,0.9787,0.000,1.000,40.2696,-598.0219,3.9341,0.1363,-20.0000,0.0714,0.0000
5964,1677,-20.0000,10,0,0.9627,0.000,1.000,40.6788,-608.9006,0.0381,0.1357,-20.0000,0.1337,0.0000
5974,1678,-20.0000,10,0,0.9532,0.000,1.000,39.0376,-603.0966,0.0480,0.1352,-20.0000,0.1948,0.0000
5984,1679,-20.0000,10,0,0.9513,0.000,1.000,38.8847,-607.3212,0.0501,0.1346,-20.0000,0.2097,0.0000
5994,1680,-20.0000,10,0,0.9431,0.000,1.000,41.8799,-629.9630,2.9531,0.1341,-20.0000,0.2233,0.0000
6004,1681,-20.0000,10,0,0.9151,0.000,1.000,39.1640,-641.0235,0.0891,0.1336,-20.0000,0.3157,0.0000
6014,1682,-20.0000,10,0,0.9026,0.000,1.000,37.4546,-632.1198,0.1029,0.1330,-20.0000,0.3759,0.0000
6024,1683,-20.0000,10,0,0.9009,0.000,1.000,37.7029,-643.2363,0.1047,0.1325,-20.0000,0.3479,0.0000
6034,1684,-20.0000,10,0,0.9036,0.000,1.000,43.5454,-659.5580,0.1015,0.1320,-20.0000,0.3187,0.0000
6044,1685,-20.0000,10,0,0.9101,0.000,1.000,38.7297,-656.9636,0.0944,0.1314,-20.0000,0.2955,0.0000
6054,1686,-20.0000,10,0,0.9201,0.000,1.000,41.6926,-668.0239,0.0835,0.1309,-20.0000,0.3325,0.0000
6064,1687,-20.0000,10,0,0.9258,0.000,1.000,41.3749,-692.5487,0.0774,0.1304,-20.0000,0.3106,0.0000
6074,1688,-20.0000,10,0,0.9308,0.000,1.000,39.3916,-677.6895,0.0719,0.1298,-20.0000,0.2978,0.0000
6084,1689,-20.0000,10,0,0.9337,0.000,1.000,35.6909,-699.4390,0.0687,0.1293,-20.0000,0.2743,0.0000
6094,1690,-20.0000,10,0,0.9379,0.000,1.000,37.1623,-712.8723,0.0642,0.1288,-20.0000,0.2521,0.0000
6104,1691,-20.0000,10,0,0.9429,0.000,1.000,38.5794,-716.0389,0.0590,0.1283,-20.0000,0.2444,0.0000
6114,1692,-20.0000,10,0,0.9451,0.000,1.000,39.6510,-726.8804,0.0566,0.1278,-20.0000,0.2350,0.0000
6124,1693,-20.0000,10,0,0.9483,0.000,1.000,35.2063,-728.5960,0.0532,0.1273,-20.0000,0.2131,0.0000
6134,1694,-20.0000,10,0,0.9511,0.000,1.000,35.7507,-736.8948,0.0503,0.1268,-20.0000,0.2081,0.0000
6144,1695,-20.0000,10,0,0.9522,0.000,1.000,39.0404,-755.1080,0.0490,0.1262,-20.0000,0.1891,0.0000
6154,1696,-20.0000,10,0,0.9555,0.000,1.000,31.6950,-761.2146,0.0456,0.1257,-20.0000,0.1852,0.0000
6164,1697,-20.0000,10,0,0.9584,0.000,1.000,39.6242,-778.6715,0.0425,0.1252,-20.0000,0.1854,0.0000
6174,1698,-20.0000,10,0,0.9600,0.000,1.000,37.4258,-763.6185,0.0409,0.1247,-20.0000,0.1688,0.0000
6184,1699,-20.0000,10,0,0.9622,0.000,1.000,38.5951,-781.9154,0.0386,0.1242,-20.0000,0.1616,0.0000
6194,1700,-20.0000,10,0,0.9636,0.000,1.000,40.0997,-801.7303,0.0371,0.1237,-20.0000,0.1684,0.0000
6204,1701,-20.0000,10,0,0.9640,0.000,1.000,40.2492,-794.9563,0.0367,0.1232,-20.0000,0.1403,0.0000
6214,1702,-20.0000,10,0,0.9647,0.000,1.000,38.2264,-801.3760,0.0360,0.1227,-20.0000,0.1276,0.0000
6224,1703,-20.0000,10,0,0.9679,0.000,1.000,37.9771,-828.9540,0.0326,0.1222,-20.0000,0.1433,0.0000
6234,1704,-20.0000,10,0,0.9687,0.000,1.000,32.0708,-825.9247,0.0318,0.1217,-20.0000,0.1279,0.0000
6244,1705,-20.0000,10,0,0.9695,0.000,1.000,38.1496,-822.6716,0.0310,0.1213,-20.0000,0.1159,0.0000
6254,1706,-20.0000,10,0,0.9716,0.000,1.000,35.4340,-856.5854,0.0289,0.1208,-20.0000,0.1227,0.0000
6264,1707,-20.0000,10,0,0.9729,0.000,1.000,37.1139,-847.8266,0.0275,0.1203,-20.0000,0.1210,0.0000
6274,1708,-20.0000,10,0,0.9722,0.000,1.000,35.1180,-862.0167,0.0282,0.1198,-20.0000,0.0977,0.0000
6284,1709,-20.0000,10,0,0.9739,0.000,1.000,44.4974,-892.3322,0.0265,0.1193,-20.0000,0.1085,0.0000
6294,1710,-20.0000,10,0,0.9738,0.000,1.000,32.8528,-890.5603,0.0266,0.1188,-20.0000,0.0829,0.0000
6304,1711,-20.0000,10,0,0.9761,0.000,1.000,36.4321,-891.4650,0.0242,0.1184,-20.0000,0.0995,0.0000
6314,1712,-20.0000,10,0,0.9759,0.000,1.000,39.9785,-885.7559,0.0244,0.1179,-20.0000,0.0897,0.0000
6324,1713,-20.0000,10,0,0.9781,0.000,1.000,36.0601,-886.2091,0.0222,0.1174,-20.0000,0.0978,0.0000
6334,1714,-20.0000,10,0,0.9716,0.000,1.000,33.6060,-922.5322,3.6176,0.1169,-20.0000,0.0770,0.0000
6344,1715,-20.0000,10,0,0.9533,0.000,1.000,35.9764,-920.5494,0.0479,0.1165,-20.0000,0.1638,0.0000
6354,1716,-20.0000,10,0,0.9397,0.000,1.000,29.6019,-915.8612,0.0623,0.1160,-20.0000,0.1961,0.0000
6364,1717,-20.0000,10,0,0.9374,0.000,1.000,32.8973,-934.6875,0.0647,0.1155,-20.0000,0.2009,0.0000
6374,1718,-20.0000,10,0,0.9394,0.000,1.000,31.9106,-927.2720,0.0626,0.1151,-20.0000,0.2065,0.0000
6384,1719,-20.0000,10,0,0.9437,0.000,1.000,38.5847,-936.6938,0.0581,0.1146,-20.0000,0.2190,0.0000
6394,1720,-20.0000,10,0,0.9453,0.000,1.000,36.7656,-949.5140,0.0563,0.1141,-20.0000,0.1923,0.0000
6404,1721,-20.0000,10,0,0.9509,0.000,1.000,34.7620,-957.5885,0.0504,0.1137,-20.0000,0.2043,0.0000
6414,1722,-20.0000,10,0,0.9529,0.000,1.000,37.3160,-970.5773,0.0483,0.1132,-20.0000,0.1895,0.0000
