{"cam_eye": [0.5781019750819241, 0.21404351778645314, 0.4452665078461664], "target_pos": [0.5, 0.0, 0.2], "class_id": 15}