{"cam_eye": [0.3910982935182848, -0.261154904333243, 0.35922019639540737], "target_pos": [0.5, 0.0, 0.2], "class_id": 15}