{"cam_eye": [0.8538182639450859, 0.16389081564317437, 0.40950629247039416], "target_pos": [0.5, 0.0, 0.2], "class_id": 15}