{"cam_eye": [0.854804965076786, 0.032468937383792196, 0.32904635429042384], "target_pos": [0.5, 0.0, 0.2], "class_id": 15}