{"cam_eye": [0.800314416619723, -0.0037292298511503127, 0.2903409341818981], "target_pos": [0.5, 0.0, 0.2], "class_id": 15}