{"cam_eye": [0.40657691693081555, -0.1300352464270746, 0.3982379742935944], "target_pos": [0.5, 0.0, 0.2], "class_id": 15}