{"cam_eye": [0.7052324927088507, -0.24834182843317246, 0.36893126596574605], "target_pos": [0.5, 0.0, 0.2], "class_id": 15}