{"cam_eye": [0.3734458989439332, 0.45894177077955495, 0.2711414818908927], "target_pos": [0.5, 0.0, 0.2], "class_id": 15}