{"cam_eye": [0.42604073166543877, -0.14776184218110186, 0.42152188174914007], "target_pos": [0.5, 0.0, 0.2], "class_id": 15}