{"cam_eye": [0.28444237906658054, -0.2223296045980917, 0.35998922575619635], "target_pos": [0.5, 0.0, 0.2], "class_id": 15}