{"cam_eye": [0.6084072297654939, 0.4077579569706532, 0.4358848757160777], "target_pos": [0.5, 0.0, 0.2], "class_id": 15}