{"cam_eye": [0.7387983982288161, -0.16010093336870349, 0.25639599997684476], "target_pos": [0.5, 0.0, 0.2], "class_id": 15}