{"cam_eye": [0.6492552101034059, -0.3790435966027638, 0.4122890115155604], "target_pos": [0.5, 0.0, 0.2], "class_id": 15}