{"cam_eye": [0.5429155779822169, 0.017313708871736444, 0.42322553870031165], "target_pos": [0.5, 0.0, 0.2], "class_id": 15}