{"cam_eye": [0.5495837504441923, -0.09336049753525587, 0.6756639784833364], "target_pos": [0.5, 0.0, 0.2], "class_id": 15}