{"cam_eye": [0.5705197652061724, 0.07582144898826741, 0.6140555977561551], "target_pos": [0.5, 0.0, 0.2], "class_id": 15}