{"cam_eye": [0.33788607553016825, 0.21779713437445994, 0.5399476266552471], "target_pos": [0.5, 0.0, 0.2], "class_id": 15}