{"cam_eye": [0.6060872817546095, -0.2507122915941042, 0.2528004534681293], "target_pos": [0.5, 0.0, 0.2], "class_id": 15}