{"cam_eye": [0.3378766758905343, -0.05553771894395647, 0.36633793832049655], "target_pos": [0.5, 0.0, 0.2], "class_id": 15}