{"cam_eye": [0.7150305540733324, 0.35230182125343346, 0.28764660889718763], "target_pos": [0.5, 0.0, 0.2], "class_id": 15}