{"cam_eye": [0.5099273929415908, -0.2934325632850636, 0.3539707524129391], "target_pos": [0.5, 0.0, 0.2], "class_id": 15}