{"cam_eye": [0.3978113697362379, -0.13724039483987846, 0.32511598735011615], "target_pos": [0.5, 0.0, 0.2], "class_id": 15}