{"cam_eye": [0.7825445546773449, -0.16273850908839255, 0.30780992725135875], "target_pos": [0.5, 0.0, 0.2], "class_id": 15}