{"cam_eye": [0.5245317554486303, -0.3109526241745973, 0.5459970044279907], "target_pos": [0.5, 0.0, 0.2], "class_id": 15}