{"cam_eye": [0.7885690298159591, 0.2056100618687211, 0.4114095112744837], "target_pos": [0.5, 0.0, 0.2], "class_id": 15}