{"cam_eye": [0.1275497132401986, 0.09674032359511557, 0.3813496545874044], "target_pos": [0.5, 0.0, 0.2], "class_id": 15}