{"cam_eye": [0.7300567835501903, -0.3820635031694827, 0.3945716542689025], "target_pos": [0.5, 0.0, 0.2], "class_id": 15}