{"cam_eye": [0.31200038898131405, -0.09345161328700893, 0.34657191177226765], "target_pos": [0.5, 0.0, 0.2], "class_id": 15}