{"cam_eye": [0.6253076643442186, 0.14730411006595612, 0.4714223653231315], "target_pos": [0.5, 0.0, 0.2], "class_id": 15}