{"cam_eye": [0.3240394123567888, -0.04543087207045419, 0.3421781915585266], "target_pos": [0.5, 0.0, 0.2], "class_id": 15}