{"cam_eye": [0.3096581212479943, -0.1461277861712832, 0.41543140538570344], "target_pos": [0.5, 0.0, 0.2], "class_id": 15}