{"cam_eye": [0.7022042740336252, -0.3273235761308819, 0.2462500166698369], "target_pos": [0.5, 0.0, 0.2], "class_id": 15}