{"cam_eye": [0.4893107036117413, -0.03913905856245825, 0.4103730041735303], "target_pos": [0.5, 0.0, 0.2], "class_id": 15}