{"cam_eye": [0.6128527378112185, 0.2502947713496553, 0.6100990381149571], "target_pos": [0.5, 0.0, 0.2], "class_id": 15}