{"cam_eye": [0.45098767184688465, -0.066672179890167, 0.5199503731815565], "target_pos": [0.5, 0.0, 0.2], "class_id": 15}