{"cam_eye": [0.6801953208631732, 0.12246723666817538, 0.4760924914982059], "target_pos": [0.5, 0.0, 0.2], "class_id": 15}