{"cam_eye": [0.2315636140776634, -0.32821156400527474, 0.2890917197456595], "target_pos": [0.5, 0.0, 0.2], "class_id": 15}