{"cam_eye": [0.84158180937011, 0.1407084760011751, 0.47242462950525965], "target_pos": [0.5, 0.0, 0.2], "class_id": 15}