{"cam_eye": [0.2013901824218885, -0.32999874768771703, 0.27230480007004126], "target_pos": [0.5, 0.0, 0.2], "class_id": 15}