{"cam_eye": [0.22290328951238303, -0.015650034742728386, 0.3746029961906383], "target_pos": [0.5, 0.0, 0.2], "class_id": 15}