{"cam_eye": [0.3876364235873193, 0.17464174671781413, 0.5500403194732969], "target_pos": [0.5, 0.0, 0.2], "class_id": 15}