{"cam_eye": [0.2982445383581146, -0.06950448965732518, 0.40413201852831016], "target_pos": [0.5, 0.0, 0.2], "class_id": 15}