{"cam_eye": [0.3279953200786149, -0.1827979149398991, 0.4465125764782514], "target_pos": [0.5, 0.0, 0.2], "class_id": 15}