{"cam_eye": [0.4939821220605176, -0.42338268656189637, 0.44011569443484466], "target_pos": [0.5, 0.0, 0.2], "class_id": 15}