{"cam_eye": [0.2630090943626098, -0.030735838684410793, 0.2344559312401371], "target_pos": [0.5, 0.0, 0.2], "class_id": 15}