{"cam_eye": [0.17657489445447916, -0.24826316041209948, 0.36549385236206267], "target_pos": [0.5, 0.0, 0.2], "class_id": 15}