{"cam_eye": [0.5364543516886318, 0.16834411158567775, 0.5054513239853127], "target_pos": [0.5, 0.0, 0.2], "class_id": 15}