{"cam_eye": [0.8222724706157074, 0.07153584258840494, 0.24679462680814163], "target_pos": [0.5, 0.0, 0.2], "class_id": 15}