{"cam_eye": [0.5080994433337745, 0.0889942784495281, 0.4792461753484777], "target_pos": [0.5, 0.0, 0.2], "class_id": 15}