{"cam_eye": [0.5742517382098605, -0.10173661534717392, 0.5877803419885135], "target_pos": [0.5, 0.0, 0.2], "class_id": 15}