{"cam_eye": [0.6700515498024837, -0.11978002968598228, 0.4345722589321398], "target_pos": [0.5, 0.0, 0.2], "class_id": 15}