{"cam_eye": [0.14865936758040138, 0.07656105911770152, 0.41581055145670176], "target_pos": [0.5, 0.0, 0.2], "class_id": 15}