{"cam_eye": [0.2883058213095358, 0.051356470794368565, 0.6370234977944063], "target_pos": [0.5, 0.0, 0.2], "class_id": 15}