{"cam_eye": [0.40206391630606614, 0.2421209469869906, 0.32825538237873575], "target_pos": [0.5, 0.0, 0.2], "class_id": 15}