{"cam_eye": [0.46233345899762057, -0.06955550524303547, 0.4543845242901659], "target_pos": [0.5, 0.0, 0.2], "class_id": 15}