{"cam_eye": [0.7078356183966701, -0.35606427100762167, 0.4542141391189393], "target_pos": [0.5, 0.0, 0.2], "class_id": 15}