{"cam_eye": [0.2946125580527835, -0.10463554584332155, 0.32390562946593304], "target_pos": [0.5, 0.0, 0.2], "class_id": 15}