{"cam_eye": [0.34513294586047616, 0.18447235734680528, 0.24843564280716868], "target_pos": [0.5, 0.0, 0.2], "class_id": 15}