{"cam_eye": [0.3390075997947297, -0.02915966975613912, 0.4649450493494261], "target_pos": [0.5, 0.0, 0.2], "class_id": 15}