{"cam_eye": [0.5117698916000307, 0.2759276098706283, 0.505699871276923], "target_pos": [0.5, 0.0, 0.2], "class_id": 15}