{"cam_eye": [0.1926234785073906, 0.23521269977234754, 0.3887031522449014], "target_pos": [0.5, 0.0, 0.2], "class_id": 15}