{"cam_eye": [0.2887392775499178, -0.10030374815258332, 0.30339434460667936], "target_pos": [0.5, 0.0, 0.2], "class_id": 15}