{"cam_eye": [0.7771773564198423, 0.02990375784887186, 0.436771613772613], "target_pos": [0.5, 0.0, 0.2], "class_id": 15}