{"cam_eye": [0.5024569610918623, -0.10117912021339007, 0.3904604988472997], "target_pos": [0.5, 0.0, 0.2], "class_id": 15}