{"cam_eye": [0.5005418720192769, -0.09247549890688743, 0.45403723444429545], "target_pos": [0.5, 0.0, 0.2], "class_id": 15}