{"cam_eye": [0.8130591485441319, -0.18388342993913961, 0.4097621009782495], "target_pos": [0.5, 0.0, 0.2], "class_id": 15}