{"cam_eye": [0.6497291548622676, 0.24530891258855364, 0.3941347650355134], "target_pos": [0.5, 0.0, 0.2], "class_id": 15}