{"cam_eye": [0.3850237690702025, 0.17408276749621734, 0.22718417858430034], "target_pos": [0.5, 0.0, 0.2], "class_id": 15}