{"cam_eye": [0.43989890245395735, 0.18328293491690567, 0.5504880306052382], "target_pos": [0.5, 0.0, 0.2], "class_id": 15}