{"cam_eye": [0.2592455345012188, 0.35229011612918554, 0.24750851179487285], "target_pos": [0.5, 0.0, 0.2], "class_id": 15}