{"cam_eye": [0.3203497937152683, -0.12954798064859294, 0.2556158669236181], "target_pos": [0.5, 0.0, 0.2], "class_id": 15}