{"cam_eye": [0.44017005703892287, 0.04538278825060985, 0.38985894775050833], "target_pos": [0.5, 0.0, 0.2], "class_id": 15}