{"cam_eye": [0.658751150340213, 0.21527411829037257, 0.27311377358646743], "target_pos": [0.5, 0.0, 0.2], "class_id": 15}