{"cam_eye": [0.5902588884990627, -0.2308064711778673, 0.4112568298818292], "target_pos": [0.5, 0.0, 0.2], "class_id": 15}