{"cam_eye": [0.6272656124578733, -0.09211083882642151, 0.6048790373722295], "target_pos": [0.5, 0.0, 0.2], "class_id": 15}