{"cam_eye": [0.39281888502795115, 0.24942077118614792, 0.30949873478189666], "target_pos": [0.5, 0.0, 0.2], "class_id": 15}