{"cam_eye": [0.5028087994197848, 0.13069121717092014, 0.670685682403775], "target_pos": [0.5, 0.0, 0.2], "class_id": 15}