{"cam_eye": [0.5023890339489965, -0.17573600584576163, 0.33608487481209537], "target_pos": [0.5, 0.0, 0.2], "class_id": 15}