{"cam_eye": [0.33154150347457545, 0.37315395110383087, 0.2917268161253759], "target_pos": [0.5, 0.0, 0.2], "class_id": 15}