{"cam_eye": [0.7333455450196599, -0.020553528968139365, 0.4289778665231946], "target_pos": [0.5, 0.0, 0.2], "class_id": 15}