{"cam_eye": [0.4204437580072614, 0.17689595645201828, 0.6458446206126229], "target_pos": [0.5, 0.0, 0.2], "class_id": 15}