{"cam_eye": [0.3225154157655997, 0.11030690670452861, 0.34748507691653685], "target_pos": [0.5, 0.0, 0.2], "class_id": 15}