{"cam_eye": [0.5833266134275907, 0.17139592468199802, 0.5817434376749908], "target_pos": [0.5, 0.0, 0.2], "class_id": 15}