{"cam_eye": [0.5637424093059729, -0.26803239917595034, 0.3323388302998489], "target_pos": [0.5, 0.0, 0.2], "class_id": 15}