{"cam_eye": [0.47608593388181486, -0.08304715472235853, 0.5561631816985997], "target_pos": [0.5, 0.0, 0.2], "class_id": 15}