{"cam_eye": [0.23579167679736068, 0.2848602234321184, 0.3544579867258097], "target_pos": [0.5, 0.0, 0.2], "class_id": 15}