{"cam_eye": [0.40681483531242646, -0.4431418587453693, 0.28501847370603256], "target_pos": [0.5, 0.0, 0.2], "class_id": 15}