{"cam_eye": [0.7439502820505846, -0.16889769779199076, 0.3086386791877968], "target_pos": [0.5, 0.0, 0.2], "class_id": 15}