{"cam_eye": [0.5319712105072603, -0.18619495887341653, 0.5181131287576594], "target_pos": [0.5, 0.0, 0.2], "class_id": 15}