{"cam_eye": [0.6856272268385513, -0.25836739759206623, 0.4489058032156329], "target_pos": [0.5, 0.0, 0.2], "class_id": 15}