{"cam_eye": [0.6998034421157812, -0.041221584232820144, 0.33282282717019374], "target_pos": [0.5, 0.0, 0.2], "class_id": 15}