{"cam_eye": [0.48342033111279314, -0.24408000681404485, 0.5091466636040227], "target_pos": [0.5, 0.0, 0.2], "class_id": 15}