{"cam_eye": [0.22569112189142465, -0.21470477756614423, 0.2604893831966989], "target_pos": [0.5, 0.0, 0.2], "class_id": 15}