{"cam_eye": [0.20145280700856893, -0.17238346833531865, 0.36732582093179117], "target_pos": [0.5, 0.0, 0.2], "class_id": 15}