{"cam_eye": [0.3119352415532496, 0.13460798072352592, 0.6099799662127738], "target_pos": [0.5, 0.0, 0.2], "class_id": 15}