{"cam_eye": [0.5875976601242766, -0.17059151747456283, 0.2601460212121641], "target_pos": [0.5, 0.0, 0.2], "class_id": 15}