{"cam_eye": [0.33518136425167466, 0.3730675740886929, 0.4447046885420249], "target_pos": [0.5, 0.0, 0.2], "class_id": 15}