{"cam_eye": [0.5104620329151571, 0.4949333341340838, 0.2628708113084635], "target_pos": [0.5, 0.0, 0.2], "class_id": 15}