{"cam_eye": [0.3977791367195132, 0.34673888290285815, 0.521034387119264], "target_pos": [0.5, 0.0, 0.2], "class_id": 15}