{"cam_eye": [0.5844166041379238, -0.36471504216860734, 0.49807604148775136], "target_pos": [0.5, 0.0, 0.2], "class_id": 15}