{"cam_eye": [0.1448454073101405, 0.22328369859064068, 0.25992991089465695], "target_pos": [0.5, 0.0, 0.2], "class_id": 3}