{"cam_eye": [0.8142872454142375, 0.22226296364938464, 0.37061683707348303], "target_pos": [0.5, 0.0, 0.2], "class_id": 3}