{"cam_eye": [0.6020630124301833, 0.01638953151873465, 0.4977257740629306], "target_pos": [0.5, 0.0, 0.2], "class_id": 3}