{"cam_eye": [0.4812957357277569, -0.20602121276376517, 0.6272353674771838], "target_pos": [0.5, 0.0, 0.2], "class_id": 3}