{"cam_eye": [0.23356612314690944, -0.12293405444379908, 0.5073928618044938], "target_pos": [0.5, 0.0, 0.2], "class_id": 3}