{"cam_eye": [0.4698169285371476, 0.1395891262597487, 0.4200426357454769], "target_pos": [0.5, 0.0, 0.2], "class_id": 3}