{"cam_eye": [0.5689160387090267, 0.18160524448058687, 0.49637483816445466], "target_pos": [0.5, 0.0, 0.2], "class_id": 3}