{"cam_eye": [0.4306694115522388, -0.05405632448958533, 0.40235506099066976], "target_pos": [0.5, 0.0, 0.2], "class_id": 3}