{"cam_eye": [0.3362332920510209, 0.23510741405156585, 0.5626017523330276], "target_pos": [0.5, 0.0, 0.2], "class_id": 3}