{"cam_eye": [0.4608575721168825, 0.1019894242509561, 0.3833106294490743], "target_pos": [0.5, 0.0, 0.2], "class_id": 3}