{"cam_eye": [0.3989271004160636, 0.4548409530003281, 0.3680557949884704], "target_pos": [0.5, 0.0, 0.2], "class_id": 3}