{"cam_eye": [0.3458979331780623, 0.44190205131421845, 0.36756238800777763], "target_pos": [0.5, 0.0, 0.2], "class_id": 3}