{"cam_eye": [0.3320661153864944, 0.4118528682882922, 0.3457890103583303], "target_pos": [0.5, 0.0, 0.2], "class_id": 3}