{"cam_eye": [0.3694984179166299, 0.031883712839097425, 0.492857420329953], "target_pos": [0.5, 0.0, 0.2], "class_id": 3}