{"cam_eye": [0.4608969524385198, -0.15479493921129237, 0.3290766350629565], "target_pos": [0.5, 0.0, 0.2], "class_id": 3}