{"cam_eye": [0.6067515502067211, -0.016702286359682416, 0.465146706203098], "target_pos": [0.5, 0.0, 0.2], "class_id": 3}