{"cam_eye": [0.5343267464812482, -0.09747567106937825, 0.629995268700466], "target_pos": [0.5, 0.0, 0.2], "class_id": 3}