{"cam_eye": [0.11504553739172924, 0.015471444873967842, 0.39509164301696653], "target_pos": [0.5, 0.0, 0.2], "class_id": 3}