{"cam_eye": [0.4033906132004628, -0.029487339119311878, 0.5363360303809834], "target_pos": [0.5, 0.0, 0.2], "class_id": 3}