{"cam_eye": [0.48792410067855324, 0.07967873349300085, 0.46992843167170817], "target_pos": [0.5, 0.0, 0.2], "class_id": 3}