{"cam_eye": [0.4272583493830536, -0.002412360378659345, 0.4250121501749476], "target_pos": [0.5, 0.0, 0.2], "class_id": 3}