{"cam_eye": [0.6377963975567786, 0.11769109242176691, 0.3154367136661473], "target_pos": [0.5, 0.0, 0.2], "class_id": 3}