{"cam_eye": [0.285914184865971, 0.06514879469003458, 0.33685962740422304], "target_pos": [0.5, 0.0, 0.2], "class_id": 3}