{"cam_eye": [0.5221573924346256, -0.022270322541793293, 0.4796221915651408], "target_pos": [0.5, 0.0, 0.2], "class_id": 3}