{"cam_eye": [0.5874025330446689, 0.30154065050045054, 0.5616173639313483], "target_pos": [0.5, 0.0, 0.2], "class_id": 3}