{"cam_eye": [0.37841002308365856, 0.3696459965364951, 0.30156874277509976], "target_pos": [0.5, 0.0, 0.2], "class_id": 3}