{"cam_eye": [0.7156838884092214, 0.05611981198758331, 0.22503441825722675], "target_pos": [0.5, 0.0, 0.2], "class_id": 3}