{"cam_eye": [0.7813469489517457, 0.06593495159072713, 0.3015138687528302], "target_pos": [0.5, 0.0, 0.2], "class_id": 3}