{"cam_eye": [0.7084253397285774, -0.2548758305315382, 0.27713370431915973], "target_pos": [0.5, 0.0, 0.2], "class_id": 3}