{"cam_eye": [0.1729595538491407, 0.1830727224566346, 0.34171945945882964], "target_pos": [0.5, 0.0, 0.2], "class_id": 3}