{"cam_eye": [0.6541247853778577, -0.23991435002676595, 0.25536037139469453], "target_pos": [0.5, 0.0, 0.2], "class_id": 3}