{"cam_eye": [0.5019605702084, -0.19284198603332622, 0.2609691662481809], "target_pos": [0.5, 0.0, 0.2], "class_id": 3}