{"cam_eye": [0.3007457365616162, -0.15509681471587003, 0.2671283660932178], "target_pos": [0.5, 0.0, 0.2], "class_id": 3}