{"cam_eye": [0.5249775026998379, -0.2297901636220535, 0.32651260296269813], "target_pos": [0.5, 0.0, 0.2], "class_id": 3}