{"cam_eye": [0.36348992107966405, 0.22390894083600343, 0.5554326959324121], "target_pos": [0.5, 0.0, 0.2], "class_id": 3}