{"cam_eye": [0.3387836876213305, 0.04805907437488433, 0.47568525511764603], "target_pos": [0.5, 0.0, 0.2], "class_id": 3}