{"cam_eye": [0.20708489454152473, -0.13840894283288482, 0.40431788879578257], "target_pos": [0.5, 0.0, 0.2], "class_id": 3}