{"cam_eye": [0.4659136897399543, 0.13666533404677436, 0.41205621503421486], "target_pos": [0.5, 0.0, 0.2], "class_id": 3}