{"cam_eye": [0.1510069424947713, -0.030951437410035223, 0.2940327376188727], "target_pos": [0.5, 0.0, 0.2], "class_id": 3}