{"cam_eye": [0.717796912733326, 0.1295836547364043, 0.27877927591934226], "target_pos": [0.5, 0.0, 0.2], "class_id": 3}