{"cam_eye": [0.5593243411052321, 0.17871763460313517, 0.45292934194663764], "target_pos": [0.5, 0.0, 0.2], "class_id": 3}