{"cam_eye": [0.5462823241791712, -0.32919946940644773, 0.3779282366862872], "target_pos": [0.5, 0.0, 0.2], "class_id": 3}