{"cam_eye": [0.2444843936618471, 0.020652747121742976, 0.5606491324618724], "target_pos": [0.5, 0.0, 0.2], "class_id": 3}