{"cam_eye": [0.46230590190184967, -0.004848527465057959, 0.43631956943396377], "target_pos": [0.5, 0.0, 0.2], "class_id": 3}