{"cam_eye": [0.41691473482659064, 0.22936746877912367, 0.5083685428712201], "target_pos": [0.5, 0.0, 0.2], "class_id": 3}