{"cam_eye": [0.5856740058833863, 0.21861313084629108, 0.4930922021826126], "target_pos": [0.5, 0.0, 0.2], "class_id": 3}