{"cam_eye": [0.3229205587648864, -0.14131810787584323, 0.3220013319097592], "target_pos": [0.5, 0.0, 0.2], "class_id": 3}