{"cam_eye": [0.7298237165546482, 0.07924487810554533, 0.5126524635247525], "target_pos": [0.5, 0.0, 0.2], "class_id": 3}