{"cam_eye": [0.7381060118122764, -0.2972909747495811, 0.28267328183797097], "target_pos": [0.5, 0.0, 0.2], "class_id": 3}