{"cam_eye": [0.07805905324004259, -0.1234160598552984, 0.40827774119617477], "target_pos": [0.5, 0.0, 0.2], "class_id": 3}