{"cam_eye": [0.7018084043996274, 0.025476163730412768, 0.35553886185996336], "target_pos": [0.5, 0.0, 0.2], "class_id": 3}