{"cam_eye": [0.23645955793413087, 0.19350119923044384, 0.35340995194522], "target_pos": [0.5, 0.0, 0.2], "class_id": 3}