{"cam_eye": [0.3985207089488372, 0.16303112944554407, 0.42470909446204674], "target_pos": [0.5, 0.0, 0.2], "class_id": 3}