{"cam_eye": [0.8209981425459945, -0.044760498869209756, 0.515592510922377], "target_pos": [0.5, 0.0, 0.2], "class_id": 3}