{"cam_eye": [0.5975040477094065, -0.33808044973148926, 0.47962088354133886], "target_pos": [0.5, 0.0, 0.2], "class_id": 3}