{"cam_eye": [0.6737740442187574, -0.09032267111329058, 0.30087000221445387], "target_pos": [0.5, 0.0, 0.2], "class_id": 3}