{"cam_eye": [0.5827562050870116, 0.049236584155918584, 0.41363908690176177], "target_pos": [0.5, 0.0, 0.2], "class_id": 3}