{"cam_eye": [0.5700026764814132, 0.021665393415068422, 0.4938022134540457], "target_pos": [0.5, 0.0, 0.2], "class_id": 3}