{"cam_eye": [0.6405885732223293, 0.12285518284314376, 0.46691549384195496], "target_pos": [0.5, 0.0, 0.2], "class_id": 3}