{"cam_eye": [0.6206657127249811, -0.03588238944935162, 0.5836286126554022], "target_pos": [0.5, 0.0, 0.2], "class_id": 3}