{"cam_eye": [0.7646074805099401, -0.3467892264581239, 0.30608698363675146], "target_pos": [0.5, 0.0, 0.2], "class_id": 3}