{"cam_eye": [0.6277692296553489, -0.035460389766329925, 0.4932954290351831], "target_pos": [0.5, 0.0, 0.2], "class_id": 3}