{"cam_eye": [0.2759562724476135, -0.27110673686946873, 0.45498877469002225], "target_pos": [0.5, 0.0, 0.2], "class_id": 3}