{"cam_eye": [0.4063772359503083, 0.14557962361333968, 0.5811189327256667], "target_pos": [0.5, 0.0, 0.2], "class_id": 3}