{"cam_eye": [0.48308801980531113, 0.21266070007639803, 0.24918110026084836], "target_pos": [0.5, 0.0, 0.2], "class_id": 3}