{"cam_eye": [0.5567265000043075, 0.012401625861901857, 0.45799486773833886], "target_pos": [0.5, 0.0, 0.2], "class_id": 3}