{"cam_eye": [0.6853822761223176, 0.22106907558910024, 0.34603004302785784], "target_pos": [0.5, 0.0, 0.2], "class_id": 3}