{"cam_eye": [0.40061452062707853, 0.09901718451420885, 0.46200527620981724], "target_pos": [0.5, 0.0, 0.2], "class_id": 3}