{"cam_eye": [0.502635347732155, -0.19866196492187027, 0.28234752147615083], "target_pos": [0.5, 0.0, 0.2], "class_id": 3}