{"cam_eye": [0.33925697908223384, 0.2291303901337877, 0.23810715497079793], "target_pos": [0.5, 0.0, 0.2], "class_id": 3}