{"cam_eye": [0.8017601935495583, -0.19518678656609606, 0.4759304515057617], "target_pos": [0.5, 0.0, 0.2], "class_id": 3}