{"cam_eye": [0.4923230773562857, 0.05831369620547309, 0.6739522700595268], "target_pos": [0.5, 0.0, 0.2], "class_id": 3}