{"cam_eye": [0.25775458474957336, 0.018122571817018533, 0.23992235293540518], "target_pos": [0.5, 0.0, 0.2], "class_id": 3}