{"cam_eye": [0.5550340651923887, -0.07060474680902912, 0.5125881682706303], "target_pos": [0.5, 0.0, 0.2], "class_id": 3}