{"cam_eye": [0.6311771172385808, 0.42493379744549353, 0.3118641347015151], "target_pos": [0.5, 0.0, 0.2], "class_id": 3}