{"cam_eye": [0.5862679744241115, 0.1644095434111718, 0.46146337881683963], "target_pos": [0.5, 0.0, 0.2], "class_id": 3}