{"cam_eye": [0.8446938066849625, 0.13021328141985009, 0.36604063134776493], "target_pos": [0.5, 0.0, 0.2], "class_id": 3}