{"cam_eye": [0.5455354635793571, 0.012686218349394558, 0.49082211244892054], "target_pos": [0.5, 0.0, 0.2], "class_id": 3}