{"cam_eye": [0.3465115940616662, 0.38332616093738375, 0.46575018639070603], "target_pos": [0.5, 0.0, 0.2], "class_id": 3}