{"cam_eye": [0.5070153951065149, -0.11067207189234729, 0.4667084513231122], "target_pos": [0.5, 0.0, 0.2], "class_id": 3}