{"cam_eye": [0.3368469928609232, 0.11824530127483415, 0.37136147443351886], "target_pos": [0.5, 0.0, 0.2], "class_id": 3}