{"cam_eye": [0.4249443490694072, 0.3088156980009417, 0.4160568459723931], "target_pos": [0.5, 0.0, 0.2], "class_id": 3}