{"cam_eye": [0.7606686506187037, -0.183422671164134, 0.54159071352262], "target_pos": [0.5, 0.0, 0.2], "class_id": 3}