{"cam_eye": [0.49302053507551014, 0.05526935439149091, 0.6260725820546631], "target_pos": [0.5, 0.0, 0.2], "class_id": 3}