{"cam_eye": [0.7443000267553266, -0.0010672336125773518, 0.34860046612599194], "target_pos": [0.5, 0.0, 0.2], "class_id": 3}