{"cam_eye": [0.8603141474273651, -0.08559128379791106, 0.4941621932333461], "target_pos": [0.5, 0.0, 0.2], "class_id": 3}