{"cam_eye": [0.7509905392584046, -0.19509706448382552, 0.31840402681145863], "target_pos": [0.5, 0.0, 0.2], "class_id": 3}