{"cam_eye": [0.26181901717114153, 0.17961370743066432, 0.3983658805950679], "target_pos": [0.5, 0.0, 0.2], "class_id": 3}