{"cam_eye": [0.5298445478265283, 0.042079825456760506, 0.45248677318075436], "target_pos": [0.5, 0.0, 0.2], "class_id": 3}