{"cam_eye": [0.6878024943385873, -0.14776548705940906, 0.23270012164320625], "target_pos": [0.5, 0.0, 0.2], "class_id": 3}