{"cam_eye": [0.8440904458671961, -0.011349606758936613, 0.41254509102580883], "target_pos": [0.5, 0.0, 0.2], "class_id": 3}