{"cam_eye": [0.7846225226680938, -0.3574443271331359, 0.3731621616613925], "target_pos": [0.5, 0.0, 0.2], "class_id": 3}