{"cam_eye": [0.6357785440418915, -0.12058909659086328, 0.4155097113487538], "target_pos": [0.5, 0.0, 0.2], "class_id": 3}