{"cam_eye": [0.5714583474888884, -0.31286698353314296, 0.37310626364007005], "target_pos": [0.5, 0.0, 0.2], "class_id": 3}