{"cam_eye": [0.4953467324387944, -0.06989939837450124, 0.43448989505690294], "target_pos": [0.5, 0.0, 0.2], "class_id": 3}