{"cam_eye": [0.583116142770694, 0.07881719582374755, 0.38606414485976137], "target_pos": [0.5, 0.0, 0.2], "class_id": 3}