{"cam_eye": [0.3773015931649874, 0.03314656281937925, 0.5743979519221603], "target_pos": [0.5, 0.0, 0.2], "class_id": 3}