{"cam_eye": [0.903678231341126, -0.22028022401217348, 0.2700551451647528], "target_pos": [0.5, 0.0, 0.2], "class_id": 3}