{"cam_eye": [0.31619127908180583, 0.06115756717909129, 0.298804644088846], "target_pos": [0.5, 0.0, 0.2], "class_id": 3}