{"cam_eye": [0.302909631612987, -0.4022098298563424, 0.3546879000826252], "target_pos": [0.5, 0.0, 0.2], "class_id": 3}