{"cam_eye": [0.6386772699172503, -0.13686818803773737, 0.3757764318293327], "target_pos": [0.5, 0.0, 0.2], "class_id": 2}