{"cam_eye": [0.5377199592525765, -0.008994520807804477, 0.4442709785692179], "target_pos": [0.5, 0.0, 0.2], "class_id": 2}