{"cam_eye": [0.6674691072090896, -0.12603752137308866, 0.40000318948753877], "target_pos": [0.5, 0.0, 0.2], "class_id": 2}