{"cam_eye": [0.04582865194717495, 0.04385826763696075, 0.275816234112001], "target_pos": [0.5, 0.0, 0.2], "class_id": 2}