{"cam_eye": [0.6286708472937549, -0.3745014502820364, 0.3617566862833915], "target_pos": [0.5, 0.0, 0.2], "class_id": 2}