{"cam_eye": [0.6704456680599093, -0.15005206243143962, 0.27797646994262165], "target_pos": [0.5, 0.0, 0.2], "class_id": 2}