{"cam_eye": [0.13270266846494383, -0.015270936856343781, 0.23963490395475073], "target_pos": [0.5, 0.0, 0.2], "class_id": 2}