{"cam_eye": [0.4166600809810891, -0.02457700533188534, 0.6765766186260633], "target_pos": [0.5, 0.0, 0.2], "class_id": 2}