{"cam_eye": [0.46681683529136786, -0.08921596203718606, 0.38506985833931817], "target_pos": [0.5, 0.0, 0.2], "class_id": 2}