{"cam_eye": [0.3021774427027566, 0.09333535579216871, 0.2692760930351784], "target_pos": [0.5, 0.0, 0.2], "class_id": 2}