{"cam_eye": [0.33107180511203627, -0.22146392283718996, 0.48698363892104984], "target_pos": [0.5, 0.0, 0.2], "class_id": 2}