{"cam_eye": [0.4778681825288995, -0.1451209903459301, 0.5523627368248054], "target_pos": [0.5, 0.0, 0.2], "class_id": 2}