{"cam_eye": [0.5046352475288992, -0.13242813701029177, 0.3612547926998231], "target_pos": [0.5, 0.0, 0.2], "class_id": 2}