{"cam_eye": [0.6914539311524861, 0.2811796509596022, 0.25965818659102263], "target_pos": [0.5, 0.0, 0.2], "class_id": 2}