{"cam_eye": [0.4635920058672059, -0.05117737326019029, 0.6871727324917392], "target_pos": [0.5, 0.0, 0.2], "class_id": 2}