{"cam_eye": [0.6724600841202415, 0.29933484993630155, 0.29425845942647516], "target_pos": [0.5, 0.0, 0.2], "class_id": 2}