{"cam_eye": [0.3034704540641925, -0.21576028403908154, 0.5733996791406959], "target_pos": [0.5, 0.0, 0.2], "class_id": 2}