{"cam_eye": [0.444980846701842, 0.12812094754982495, 0.5186740720413376], "target_pos": [0.5, 0.0, 0.2], "class_id": 2}