{"cam_eye": [0.6571475712790871, 0.3751198184417308, 0.3923797538978821], "target_pos": [0.5, 0.0, 0.2], "class_id": 2}