{"cam_eye": [0.754763741694719, -0.3012892024245551, 0.3058031811038158], "target_pos": [0.5, 0.0, 0.2], "class_id": 2}