{"cam_eye": [0.5776858743688834, 0.39433738647985045, 0.47085747098988423], "target_pos": [0.5, 0.0, 0.2], "class_id": 2}