{"cam_eye": [0.578355432081354, 0.04044091597015046, 0.4369192699225487], "target_pos": [0.5, 0.0, 0.2], "class_id": 2}