{"cam_eye": [0.519386525074989, 0.2551753945517437, 0.4513733319409436], "target_pos": [0.5, 0.0, 0.2], "class_id": 2}