{"cam_eye": [0.2247995108264404, -0.3183370439017468, 0.2699708672757944], "target_pos": [0.5, 0.0, 0.2], "class_id": 2}