{"cam_eye": [0.4829043441971897, 0.3880701594825238, 0.32805838262785036], "target_pos": [0.5, 0.0, 0.2], "class_id": 2}