{"cam_eye": [0.32137774328388957, -0.13792303090118613, 0.5754895977858152], "target_pos": [0.5, 0.0, 0.2], "class_id": 2}