{"cam_eye": [0.46477438960110434, 0.022001119616649488, 0.4556284186745579], "target_pos": [0.5, 0.0, 0.2], "class_id": 2}