{"cam_eye": [0.6582437203197923, -0.1672913289061564, 0.38887297583974045], "target_pos": [0.5, 0.0, 0.2], "class_id": 2}