{"cam_eye": [0.6160942492814339, -0.02187347853525338, 0.530093742073828], "target_pos": [0.5, 0.0, 0.2], "class_id": 2}