{"cam_eye": [0.5715497449269181, -0.010124353690389717, 0.5565327307535952], "target_pos": [0.5, 0.0, 0.2], "class_id": 2}