{"cam_eye": [0.330934338074778, 0.11945364359713635, 0.4035794247797745], "target_pos": [0.5, 0.0, 0.2], "class_id": 2}