{"cam_eye": [0.7355139313420676, -0.0035556340705682303, 0.5393137025151569], "target_pos": [0.5, 0.0, 0.2], "class_id": 2}