{"cam_eye": [0.3777344380576524, -0.04650686869580331, 0.44013651715384905], "target_pos": [0.5, 0.0, 0.2], "class_id": 2}