{"cam_eye": [0.48018146208389306, 0.14559714420737882, 0.38834367973766226], "target_pos": [0.5, 0.0, 0.2], "class_id": 2}