{"cam_eye": [0.5272975754314975, -0.001914251490741182, 0.4128574716328459], "target_pos": [0.5, 0.0, 0.2], "class_id": 2}