{"cam_eye": [0.3709575146062263, 0.04794465244470387, 0.41624709768496465], "target_pos": [0.5, 0.0, 0.2], "class_id": 2}