{"cam_eye": [0.4799295113259365, 0.13133354684652804, 0.3888437196691441], "target_pos": [0.5, 0.0, 0.2], "class_id": 2}