{"cam_eye": [0.8024774764271883, 0.14991637926916296, 0.29661149096808753], "target_pos": [0.5, 0.0, 0.2], "class_id": 2}