{"cam_eye": [0.3421210999754413, -0.10350595754509312, 0.46432671445046897], "target_pos": [0.5, 0.0, 0.2], "class_id": 2}