{"cam_eye": [0.4000803561228974, 0.027692727414508806, 0.5429388632443267], "target_pos": [0.5, 0.0, 0.2], "class_id": 2}