{"cam_eye": [0.7709916449669183, -0.15662780445153893, 0.5411836574554958], "target_pos": [0.5, 0.0, 0.2], "class_id": 2}