{"cam_eye": [0.6668021148694099, -0.09059154723273745, 0.5447647986721348], "target_pos": [0.5, 0.0, 0.2], "class_id": 2}