{"cam_eye": [0.563326661738817, -0.23408126821511752, 0.322918238951619], "target_pos": [0.5, 0.0, 0.2], "class_id": 2}