{"cam_eye": [0.6702838313228014, 0.15808009151802424, 0.5956454224531581], "target_pos": [0.5, 0.0, 0.2], "class_id": 2}