{"cam_eye": [0.6777027050785827, -0.19842460607490997, 0.2907477662346712], "target_pos": [0.5, 0.0, 0.2], "class_id": 2}