{"cam_eye": [0.7474584326946445, -0.09651798731701365, 0.2702951490584127], "target_pos": [0.5, 0.0, 0.2], "class_id": 2}