{"cam_eye": [0.6035343219875449, 0.11175995756715984, 0.38596984185825617], "target_pos": [0.5, 0.0, 0.2], "class_id": 2}