{"cam_eye": [0.7674954080377753, 0.2832933891551699, 0.5020349418236072], "target_pos": [0.5, 0.0, 0.2], "class_id": 2}