{"cam_eye": [0.363551853404692, 0.10331251574611194, 0.6494693821050604], "target_pos": [0.5, 0.0, 0.2], "class_id": 2}