{"cam_eye": [0.5282132459405218, -0.0784194227354813, 0.6542496827547708], "target_pos": [0.5, 0.0, 0.2], "class_id": 2}