{"cam_eye": [0.2719825512564969, 0.038837133628839435, 0.31508241881807153], "target_pos": [0.5, 0.0, 0.2], "class_id": 2}