{"cam_eye": [0.35205498130408575, 0.00022321471161518007, 0.5907759395132418], "target_pos": [0.5, 0.0, 0.2], "class_id": 2}