{"cam_eye": [0.845381271531434, -0.2981055421753942, 0.38111199279997654], "target_pos": [0.5, 0.0, 0.2], "class_id": 2}