{"cam_eye": [0.27806981117356167, 0.13827093877350186, 0.2768859612760205], "target_pos": [0.5, 0.0, 0.2], "class_id": 2}