{"cam_eye": [0.6601357038878295, 0.07904481594523065, 0.648129442349776], "target_pos": [0.5, 0.0, 0.2], "class_id": 2}