{"cam_eye": [0.24937326089352363, -0.06921859657508705, 0.5560720696593804], "target_pos": [0.5, 0.0, 0.2], "class_id": 2}