{"cam_eye": [0.6101989701092759, -0.00558601762454272, 0.36730998652282854], "target_pos": [0.5, 0.0, 0.2], "class_id": 2}