{"cam_eye": [0.8428014272916544, 0.2536434096625118, 0.4105992751657777], "target_pos": [0.5, 0.0, 0.2], "class_id": 2}