{"cam_eye": [0.6682532209748957, 0.15155505970089878, 0.6248497259560319], "target_pos": [0.5, 0.0, 0.2], "class_id": 2}