{"cam_eye": [0.5571956616118067, 0.057821580509634346, 0.6642061215823193], "target_pos": [0.5, 0.0, 0.2], "class_id": 2}