{"cam_eye": [0.4660877517402764, -0.011208483884530482, 0.4992522508157979], "target_pos": [0.5, 0.0, 0.2], "class_id": 2}