{"cam_eye": [0.456845406443435, -0.03079294471047988, 0.47269339353989104], "target_pos": [0.5, 0.0, 0.2], "class_id": 2}