{"cam_eye": [0.24027015277424418, -0.09830023818082258, 0.5168103502875657], "target_pos": [0.5, 0.0, 0.2], "class_id": 2}