{"cam_eye": [0.46804778935801233, -0.17665760882548365, 0.3867464505525311], "target_pos": [0.5, 0.0, 0.2], "class_id": 2}