{"cam_eye": [0.7903093407355153, 0.04967604341055967, 0.3564697835199133], "target_pos": [0.5, 0.0, 0.2], "class_id": 2}