{"cam_eye": [0.8371554980483146, 0.16460455875587213, 0.46513575035642346], "target_pos": [0.5, 0.0, 0.2], "class_id": 2}