{"cam_eye": [0.8226309647087553, -0.05511810244120021, 0.572884220140141], "target_pos": [0.5, 0.0, 0.2], "class_id": 2}