{"cam_eye": [0.26783015493099943, 0.15219044236887846, 0.5652584604542489], "target_pos": [0.5, 0.0, 0.2], "class_id": 2}