{"cam_eye": [0.38759622275752814, -0.17910407486400215, 0.31303190081419924], "target_pos": [0.5, 0.0, 0.2], "class_id": 2}