{"cam_eye": [0.442203364081654, -0.3228037655039467, 0.31724965057989307], "target_pos": [0.5, 0.0, 0.2], "class_id": 2}