{"cam_eye": [0.18206775278306897, -0.027099703987786352, 0.4375225280694397], "target_pos": [0.5, 0.0, 0.2], "class_id": 2}