{"cam_eye": [0.3675220204849825, 0.10502730124006167, 0.5723157616086635], "target_pos": [0.5, 0.0, 0.2], "class_id": 2}