{"cam_eye": [0.4041499157423396, 0.01203899187002553, 0.37841908060692186], "target_pos": [0.5, 0.0, 0.2], "class_id": 2}