{"cam_eye": [0.8636453291082381, 0.02678589632076759, 0.24473993133753422], "target_pos": [0.5, 0.0, 0.2], "class_id": 2}