{"cam_eye": [0.2894542894133628, -0.12072913832211798, 0.3836294210760263], "target_pos": [0.5, 0.0, 0.2], "class_id": 2}