{"cam_eye": [0.5071882217842171, 0.22591305632489614, 0.23665120719302196], "target_pos": [0.5, 0.0, 0.2], "class_id": 2}