{"cam_eye": [0.5781229325452119, 0.08555173181656132, 0.5373332795562816], "target_pos": [0.5, 0.0, 0.2], "class_id": 2}