{"cam_eye": [0.7195456484110218, -0.018688733634544076, 0.28455558096581074], "target_pos": [0.5, 0.0, 0.2], "class_id": 2}