{"cam_eye": [0.5175570871909484, -0.13195571222382504, 0.4467538067215538], "target_pos": [0.5, 0.0, 0.2], "class_id": 2}