{"cam_eye": [0.762757956500451, 0.3384583267130684, 0.36363297594167554], "target_pos": [0.5, 0.0, 0.2], "class_id": 2}