{"cam_eye": [0.40126692283357074, -0.32654510967477757, 0.4690881782284904], "target_pos": [0.5, 0.0, 0.2], "class_id": 2}