{"cam_eye": [0.7764033998013463, 0.18145598229048315, 0.39089232361676385], "target_pos": [0.5, 0.0, 0.2], "class_id": 2}