{"cam_eye": [0.426430467919894, 0.29365323242480196, 0.28631648101529217], "target_pos": [0.5, 0.0, 0.2], "class_id": 2}