{"cam_eye": [0.3924517896710912, -0.2255725849788059, 0.2551910901545974], "target_pos": [0.5, 0.0, 0.2], "class_id": 2}