{"cam_eye": [0.03394432237419276, -0.02879960507015455, 0.3580601145863701], "target_pos": [0.5, 0.0, 0.2], "class_id": 2}