{"cam_eye": [0.43085155761229404, -0.023458612366384444, 0.48425979636767424], "target_pos": [0.5, 0.0, 0.2], "class_id": 2}