{"cam_eye": [0.6563494163747141, 0.19633589153122274, 0.5815034942143433], "target_pos": [0.5, 0.0, 0.2], "class_id": 2}