{"cam_eye": [0.44951383479238505, 0.022560587378624562, 0.5828521325711749], "target_pos": [0.5, 0.0, 0.2], "class_id": 2}