{"cam_eye": [0.46358421581986275, -0.10671068281606866, 0.48527169229777695], "target_pos": [0.5, 0.0, 0.2], "class_id": 2}