{"cam_eye": [0.35308278216347055, 0.16485491398180052, 0.5635629234360164], "target_pos": [0.5, 0.0, 0.2], "class_id": 2}