{"cam_eye": [0.536183434043777, -0.1865143295176764, 0.613573083243386], "target_pos": [0.5, 0.0, 0.2], "class_id": 2}