{"cam_eye": [0.26637198104310683, -0.2869345981328821, 0.4538390890420403], "target_pos": [0.5, 0.0, 0.2], "class_id": 2}