{"cam_eye": [0.5214989566309789, -0.1705198265067665, 0.39384971163255633], "target_pos": [0.5, 0.0, 0.2], "class_id": 2}