{"cam_eye": [0.6824503515242101, -0.19427441748987528, 0.28780792318974324], "target_pos": [0.5, 0.0, 0.2], "class_id": 2}