{"cam_eye": [0.6053036634836404, -0.08717878321556705, 0.4508726514626683], "target_pos": [0.5, 0.0, 0.2], "class_id": 2}