{"cam_eye": [0.9196556853588675, -0.10476276337140956, 0.2501422956322646], "target_pos": [0.5, 0.0, 0.2], "class_id": 2}