{"cam_eye": [0.7908238291814114, -0.19061462904230328, 0.4827875367728165], "target_pos": [0.5, 0.0, 0.2], "class_id": 2}