{"cam_eye": [0.4149626870443708, -0.2156210442218282, 0.42928578264084843], "target_pos": [0.5, 0.0, 0.2], "class_id": 2}