{"cam_eye": [0.47563235490040323, -0.10514982680623455, 0.45267243660376777], "target_pos": [0.5, 0.0, 0.2], "class_id": 2}