{"cam_eye": [0.6885695076697056, 0.020817446841621266, 0.33234435775486704], "target_pos": [0.5, 0.0, 0.2], "class_id": 2}