{"cam_eye": [0.5376356567515133, -0.18854615361817412, 0.5301939571016736], "target_pos": [0.5, 0.0, 0.2], "class_id": 1}