{"cam_eye": [0.5657275647139461, -0.1729640180187066, 0.33971875586889705], "target_pos": [0.5, 0.0, 0.2], "class_id": 1}