{"cam_eye": [0.3516793226899434, 0.2252191576458639, 0.542121721012961], "target_pos": [0.5, 0.0, 0.2], "class_id": 1}