{"cam_eye": [0.335731380384638, 0.07446777846682759, 0.29012849655829964], "target_pos": [0.5, 0.0, 0.2], "class_id": 1}