{"cam_eye": [0.16973678563920103, 0.03182380282638279, 0.57220662793532], "target_pos": [0.5, 0.0, 0.2], "class_id": 1}