{"cam_eye": [0.1685856276843466, -0.16781585577532515, 0.26093366452517536], "target_pos": [0.5, 0.0, 0.2], "class_id": 1}