{"cam_eye": [0.3856505641059191, 0.028949046666751733, 0.652568013336791], "target_pos": [0.5, 0.0, 0.2], "class_id": 1}