{"cam_eye": [0.46119728019287537, 0.02265529211118697, 0.4562403481034209], "target_pos": [0.5, 0.0, 0.2], "class_id": 1}