{"cam_eye": [0.6376650197038533, 0.30958518691882747, 0.42993022165280603], "target_pos": [0.5, 0.0, 0.2], "class_id": 1}