{"cam_eye": [0.42673079026096117, -0.22515777056641315, 0.24737607204122802], "target_pos": [0.5, 0.0, 0.2], "class_id": 1}