{"cam_eye": [0.6357430289485011, 0.15619213789257075, 0.3652805766853661], "target_pos": [0.5, 0.0, 0.2], "class_id": 1}