{"cam_eye": [0.7524182329062176, 0.0800639773004851, 0.4276513532897601], "target_pos": [0.5, 0.0, 0.2], "class_id": 1}