{"cam_eye": [0.5767675918799247, 0.11452410432294913, 0.5083995190501736], "target_pos": [0.5, 0.0, 0.2], "class_id": 1}