{"cam_eye": [0.520701234907987, -0.014618446360749448, 0.4019654949276358], "target_pos": [0.5, 0.0, 0.2], "class_id": 1}