{"cam_eye": [0.42820274855371254, 0.14582055592285298, 0.5276921567773585], "target_pos": [0.5, 0.0, 0.2], "class_id": 1}