{"cam_eye": [0.714292403537905, 0.15382963677724856, 0.30365357298870627], "target_pos": [0.5, 0.0, 0.2], "class_id": 1}