{"cam_eye": [0.6346139457264593, -0.18982785283266362, 0.4060617565914133], "target_pos": [0.5, 0.0, 0.2], "class_id": 1}