{"cam_eye": [0.9593668550522163, -0.06448846206130629, 0.34970262978019007], "target_pos": [0.5, 0.0, 0.2], "class_id": 1}