{"cam_eye": [0.4702729187687994, 0.014493991885256961, 0.478384349453278], "target_pos": [0.5, 0.0, 0.2], "class_id": 1}