{"cam_eye": [0.5361238119517381, 0.04951297563183419, 0.5663659937817527], "target_pos": [0.5, 0.0, 0.2], "class_id": 1}