{"cam_eye": [0.5522886909354943, 0.017321204720431027, 0.479959556368202], "target_pos": [0.5, 0.0, 0.2], "class_id": 1}