{"cam_eye": [0.7085691756236969, 0.0668318624946682, 0.6004161016802492], "target_pos": [0.5, 0.0, 0.2], "class_id": 1}