{"cam_eye": [0.5421630475467669, 0.21169865667733573, 0.39003470039569593], "target_pos": [0.5, 0.0, 0.2], "class_id": 1}