{"cam_eye": [0.507141932929011, -0.1485324173388095, 0.639896174941119], "target_pos": [0.5, 0.0, 0.2], "class_id": 1}