{"cam_eye": [0.4984002586721796, 0.28608941638742413, 0.36216699911017436], "target_pos": [0.5, 0.0, 0.2], "class_id": 1}