{"cam_eye": [0.7209388309785631, -0.11577938046463807, 0.3146479040908136], "target_pos": [0.5, 0.0, 0.2], "class_id": 1}