{"cam_eye": [0.3038810465303025, -0.3023495628553069, 0.3053089243159598], "target_pos": [0.5, 0.0, 0.2], "class_id": 1}