{"cam_eye": [0.5372194254401307, -0.0775735857280145, 0.6231645779749245], "target_pos": [0.5, 0.0, 0.2], "class_id": 1}