{"cam_eye": [0.3428627154399979, -0.2235248209309306, 0.3009921060310727], "target_pos": [0.5, 0.0, 0.2], "class_id": 1}