{"cam_eye": [0.3540813085823835, -0.037745869266268495, 0.4648469183735832], "target_pos": [0.5, 0.0, 0.2], "class_id": 1}