{"cam_eye": [0.1783882816801487, -0.2120724043951805, 0.259590215923801], "target_pos": [0.5, 0.0, 0.2], "class_id": 1}