{"cam_eye": [0.6811193774060275, -0.04341235285518212, 0.5685273358502786], "target_pos": [0.5, 0.0, 0.2], "class_id": 1}