{"cam_eye": [0.5006217175881882, 0.04829197183037656, 0.6679735997381546], "target_pos": [0.5, 0.0, 0.2], "class_id": 1}