{"cam_eye": [0.33070747477500206, -0.27550809082566907, 0.5267151298044751], "target_pos": [0.5, 0.0, 0.2], "class_id": 1}