{"cam_eye": [0.5559549664517904, 0.0013440568016445816, 0.45684908487399], "target_pos": [0.5, 0.0, 0.2], "class_id": 1}