{"cam_eye": [0.5965450525280263, 0.0007857004452128713, 0.4528094608579143], "target_pos": [0.5, 0.0, 0.2], "class_id": 1}