{"cam_eye": [0.26001208488148764, -0.13662132656112785, 0.462172075184741], "target_pos": [0.5, 0.0, 0.2], "class_id": 1}