{"cam_eye": [0.682271982268951, -0.23090668319560015, 0.24314490019495394], "target_pos": [0.5, 0.0, 0.2], "class_id": 1}