{"cam_eye": [0.4984737639695555, -0.21919379103966766, 0.2283047902169295], "target_pos": [0.5, 0.0, 0.2], "class_id": 1}