{"cam_eye": [0.7761502868969161, 0.1873232402613546, 0.5553431057770449], "target_pos": [0.5, 0.0, 0.2], "class_id": 1}