{"cam_eye": [0.7807844874533225, -0.04960398089383317, 0.3186212714421269], "target_pos": [0.5, 0.0, 0.2], "class_id": 1}