{"cam_eye": [0.1991171749111485, -0.054058404348338134, 0.2436765716628225], "target_pos": [0.5, 0.0, 0.2], "class_id": 1}