{"cam_eye": [0.7256128361468657, -0.23021899378154864, 0.40228611120504776], "target_pos": [0.5, 0.0, 0.2], "class_id": 1}