{"cam_eye": [0.3762077872523488, 0.29680093383619965, 0.2688382544482169], "target_pos": [0.5, 0.0, 0.2], "class_id": 1}