{"cam_eye": [0.5152618415589022, 0.06273156030651869, 0.685846821438781], "target_pos": [0.5, 0.0, 0.2], "class_id": 1}