{"cam_eye": [0.3279184250493469, -0.010468452479198805, 0.36053329834070885], "target_pos": [0.5, 0.0, 0.2], "class_id": 1}