{"cam_eye": [0.3139537375814296, 0.03680378812324205, 0.42983221821639916], "target_pos": [0.5, 0.0, 0.2], "class_id": 1}