{"cam_eye": [0.5014074217285267, -0.2918564850305722, 0.4019503368354441], "target_pos": [0.5, 0.0, 0.2], "class_id": 1}