{"cam_eye": [0.572010981891329, -0.24881604585945846, 0.5847854607896243], "target_pos": [0.5, 0.0, 0.2], "class_id": 1}