{"cam_eye": [0.3287912536033113, -0.2404214266039589, 0.28557736294537706], "target_pos": [0.5, 0.0, 0.2], "class_id": 1}