{"cam_eye": [0.5417367611119163, -6.743720604412038e-05, 0.4916657399769221], "target_pos": [0.5, 0.0, 0.2], "class_id": 1}