{"cam_eye": [0.08957397186801724, 0.2172407602130573, 0.3453481370337609], "target_pos": [0.5, 0.0, 0.2], "class_id": 1}