{"cam_eye": [0.4743746362857201, -0.07201011575059008, 0.4240290931753675], "target_pos": [0.5, 0.0, 0.2], "class_id": 1}