{"cam_eye": [0.49522307472204735, 0.15522089649315138, 0.3911938456991954], "target_pos": [0.5, 0.0, 0.2], "class_id": 1}