{"cam_eye": [0.38532356084662, -0.13375210626787898, 0.3960830085805753], "target_pos": [0.5, 0.0, 0.2], "class_id": 1}