{"cam_eye": [0.6126829925300554, 0.4016089309348787, 0.27732902169492535], "target_pos": [0.5, 0.0, 0.2], "class_id": 1}