{"cam_eye": [0.2591014868273782, 0.10445744224317711, 0.4559206208200432], "target_pos": [0.5, 0.0, 0.2], "class_id": 1}