{"cam_eye": [0.15852745061487244, 0.1386849757477204, 0.43528606310496987], "target_pos": [0.5, 0.0, 0.2], "class_id": 1}