{"cam_eye": [0.5062900101209691, -0.09743769136144287, 0.4105342570040196], "target_pos": [0.5, 0.0, 0.2], "class_id": 1}