{"cam_eye": [0.27457721067613317, 0.10745830832153751, 0.36473505811540563], "target_pos": [0.5, 0.0, 0.2], "class_id": 1}