{"cam_eye": [0.5116092990853058, -0.06598493714697284, 0.5260895971967302], "target_pos": [0.5, 0.0, 0.2], "class_id": 1}