{"cam_eye": [0.41822151623916587, -0.2452015716725555, 0.23565581029517943], "target_pos": [0.5, 0.0, 0.2], "class_id": 1}