{"cam_eye": [0.7910261431640802, -0.1712918370278545, 0.4388234791166945], "target_pos": [0.5, 0.0, 0.2], "class_id": 1}