{"cam_eye": [0.49586389543380677, 0.17734139922666348, 0.44476820675322915], "target_pos": [0.5, 0.0, 0.2], "class_id": 1}