{"cam_eye": [0.32979369792677704, -0.2619213339081831, 0.41454966605287014], "target_pos": [0.5, 0.0, 0.2], "class_id": 1}