{"cam_eye": [0.8589041082650729, -0.13784258842620092, 0.4804034900251395], "target_pos": [0.5, 0.0, 0.2], "class_id": 1}