{"cam_eye": [0.4299952221109911, -0.03364144180206458, 0.4518381756191308], "target_pos": [0.5, 0.0, 0.2], "class_id": 1}