{"cam_eye": [0.42443819226370927, 0.10659305519103833, 0.4124168735653537], "target_pos": [0.5, 0.0, 0.2], "class_id": 1}