{"cam_eye": [0.43175061003659704, -0.02830032687161903, 0.6057428409777066], "target_pos": [0.5, 0.0, 0.2], "class_id": 1}