{"cam_eye": [0.36328072612350015, -0.21259564140202422, 0.3804059508310148], "target_pos": [0.5, 0.0, 0.2], "class_id": 1}