{"cam_eye": [0.5276174532521579, 0.04589349148776498, 0.627158927142822], "target_pos": [0.5, 0.0, 0.2], "class_id": 1}