{"cam_eye": [0.29996613265386934, 0.020541291474978383, 0.49981317306304934], "target_pos": [0.5, 0.0, 0.2], "class_id": 1}