{"cam_eye": [0.7221095921645717, -0.18156622886976567, 0.35089725063796456], "target_pos": [0.5, 0.0, 0.2], "class_id": 1}