{"cam_eye": [0.6590564981543227, 0.014224372455078118, 0.6520473109539934], "target_pos": [0.5, 0.0, 0.2], "class_id": 1}