{"cam_eye": [0.40009980942509593, 0.09801418210169063, 0.6764250871226275], "target_pos": [0.5, 0.0, 0.2], "class_id": 1}