{"cam_eye": [0.3852540391847958, 0.24943556215216384, 0.36431249540299415], "target_pos": [0.5, 0.0, 0.2], "class_id": 1}