{"cam_eye": [0.22899590022232352, -0.024630162777089487, 0.3013904256063553], "target_pos": [0.5, 0.0, 0.2], "class_id": 1}