{"cam_eye": [0.6158036553127167, 0.024470247038557186, 0.42942145535512644], "target_pos": [0.5, 0.0, 0.2], "class_id": 1}