{"cam_eye": [0.1712314592768044, 0.1374229840066569, 0.47443672349126303], "target_pos": [0.5, 0.0, 0.2], "class_id": 1}