{"cam_eye": [0.8913327158942541, -0.14892986230711838, 0.24210691653657027], "target_pos": [0.5, 0.0, 0.2], "class_id": 1}