{"cam_eye": [0.9042302630840168, 0.0996577367173784, 0.2624599760494657], "target_pos": [0.5, 0.0, 0.2], "class_id": 1}