{"cam_eye": [0.2730375751784919, 0.17424839666619463, 0.3565363572153559], "target_pos": [0.5, 0.0, 0.2], "class_id": 1}