{"cam_eye": [0.4347011164098239, 0.0015209648790324975, 0.4960794266317525], "target_pos": [0.5, 0.0, 0.2], "class_id": 1}