{"cam_eye": [0.39141445950820875, -0.05409311043886453, 0.4964923957580381], "target_pos": [0.5, 0.0, 0.2], "class_id": 1}