{"cam_eye": [0.6963073782933411, 0.10143428906934851, 0.23761625735313993], "target_pos": [0.5, 0.0, 0.2], "class_id": 1}