{"cam_eye": [0.7318182847933127, -0.17322779261778756, 0.31440979056124174], "target_pos": [0.5, 0.0, 0.2], "class_id": 1}