{"cam_eye": [0.6187929809463044, -0.029748315795802113, 0.4618570384132481], "target_pos": [0.5, 0.0, 0.2], "class_id": 1}