{"cam_eye": [0.3063024753733002, -0.2921304825787319, 0.511417290052129], "target_pos": [0.5, 0.0, 0.2], "class_id": 1}