{"cam_eye": [0.09258915432270864, 0.11958309675643909, 0.24293995959857437], "target_pos": [0.5, 0.0, 0.2], "class_id": 1}