{"cam_eye": [0.2632402060886308, 0.08423338587583602, 0.33659511017051347], "target_pos": [0.5, 0.0, 0.2], "class_id": 1}