{"cam_eye": [0.1794585615459982, -0.03526699350029318, 0.3588663679929074], "target_pos": [0.5, 0.0, 0.2], "class_id": 1}