{"cam_eye": [0.2810908448961128, 0.26812498868221224, 0.2739779175932504], "target_pos": [0.5, 0.0, 0.2], "class_id": 1}