{"cam_eye": [0.6101270062203356, 0.08974816853106893, 0.43658462102558704], "target_pos": [0.5, 0.0, 0.2], "class_id": 1}