{"cam_eye": [0.3442873288940377, -0.16825019202627806, 0.46089994190974004], "target_pos": [0.5, 0.0, 0.2], "class_id": 1}