{"cam_eye": [0.6564968842651784, 0.11216924324829368, 0.6154206721081933], "target_pos": [0.5, 0.0, 0.2], "class_id": 1}