{"cam_eye": [0.6623264092111092, -0.22218545215652521, 0.5941940037049945], "target_pos": [0.5, 0.0, 0.2], "class_id": 1}