{"cam_eye": [0.766473133900194, -0.05487760470402068, 0.2548503814003427], "target_pos": [0.5, 0.0, 0.2], "class_id": 1}