{"cam_eye": [0.9234770472034722, 0.045987948391029376, 0.4407710267082765], "target_pos": [0.5, 0.0, 0.2], "class_id": 1}