{"cam_eye": [0.554199600789538, -0.08075919188424817, 0.474937085469546], "target_pos": [0.5, 0.0, 0.2], "class_id": 1}