{"cam_eye": [0.36868932831107365, 0.3838056966309848, 0.3898104064787872], "target_pos": [0.5, 0.0, 0.2], "class_id": 1}