{"cam_eye": [0.5296239814944832, 0.03390669521196976, 0.43011409124682737], "target_pos": [0.5, 0.0, 0.2], "class_id": 16}