{"cam_eye": [0.5606788816001868, -0.4359135543770728, 0.4089871378210256], "target_pos": [0.5, 0.0, 0.2], "class_id": 16}