{"cam_eye": [0.20938875337175789, -0.07531440421090049, 0.41292099213339944], "target_pos": [0.5, 0.0, 0.2], "class_id": 16}