{"cam_eye": [0.5500403454872572, 0.008523657276458195, 0.6288286709764135], "target_pos": [0.5, 0.0, 0.2], "class_id": 16}