{"cam_eye": [0.7484685885322319, 0.10085336756078848, 0.5906354632495731], "target_pos": [0.5, 0.0, 0.2], "class_id": 16}