{"cam_eye": [0.793241789786482, 0.1798998761652837, 0.38557650995713283], "target_pos": [0.5, 0.0, 0.2], "class_id": 16}