{"cam_eye": [0.5071105415045796, -0.04542629022421726, 0.45315142829674054], "target_pos": [0.5, 0.0, 0.2], "class_id": 16}