{"cam_eye": [0.6279468759880924, 0.09764940934802445, 0.32152460924897863], "target_pos": [0.5, 0.0, 0.2], "class_id": 16}