{"cam_eye": [0.6583631212196317, 0.06160965928230383, 0.3318992751895176], "target_pos": [0.5, 0.0, 0.2], "class_id": 16}