{"cam_eye": [0.4102016662407828, 0.13153785493053724, 0.35461595754907216], "target_pos": [0.5, 0.0, 0.2], "class_id": 16}