{"cam_eye": [0.3308694634525209, 0.30451565798064884, 0.32330937075659594], "target_pos": [0.5, 0.0, 0.2], "class_id": 16}