{"cam_eye": [0.6675529323852257, -0.030366211567666383, 0.5650695222406], "target_pos": [0.5, 0.0, 0.2], "class_id": 16}