{"cam_eye": [0.8129088073530701, 0.03772487956110654, 0.27242273381049265], "target_pos": [0.5, 0.0, 0.2], "class_id": 16}