{"cam_eye": [0.42852809017234356, 0.09912153873687003, 0.6708643614011333], "target_pos": [0.5, 0.0, 0.2], "class_id": 16}