{"cam_eye": [0.07798995790751506, 0.19952638601702574, 0.3782984716844564], "target_pos": [0.5, 0.0, 0.2], "class_id": 16}