{"cam_eye": [0.540369322190783, 0.0298668164478282, 0.404176348754692], "target_pos": [0.5, 0.0, 0.2], "class_id": 16}