{"cam_eye": [0.6077933937630006, 0.04633123157125676, 0.3863796410388144], "target_pos": [0.5, 0.0, 0.2], "class_id": 16}