{"cam_eye": [0.6100847896711196, 0.046395310229646235, 0.4627774970305043], "target_pos": [0.5, 0.0, 0.2], "class_id": 16}