{"cam_eye": [0.548254163762021, -0.021017090921916767, 0.644813650680881], "target_pos": [0.5, 0.0, 0.2], "class_id": 16}