{"cam_eye": [0.5558329158964361, -0.15309282947608988, 0.3167705198833017], "target_pos": [0.5, 0.0, 0.2], "class_id": 16}