{"cam_eye": [0.4530317799691759, 0.08463802981259112, 0.4628028547045373], "target_pos": [0.5, 0.0, 0.2], "class_id": 16}