{"cam_eye": [0.4481819813007792, 0.009545681091788442, 0.6375918982728291], "target_pos": [0.5, 0.0, 0.2], "class_id": 16}