{"cam_eye": [0.28821921233672165, 0.10503772754472186, 0.6022875901366322], "target_pos": [0.5, 0.0, 0.2], "class_id": 16}