{"cam_eye": [0.3827734451437776, -0.15896166243502827, 0.24223789350644864], "target_pos": [0.5, 0.0, 0.2], "class_id": 16}