{"cam_eye": [0.6868402743732406, -0.06253476073136441, 0.3378314857117537], "target_pos": [0.5, 0.0, 0.2], "class_id": 16}