{"cam_eye": [0.5554265481819175, -0.24081249439310648, 0.3562752614495486], "target_pos": [0.5, 0.0, 0.2], "class_id": 16}