{"cam_eye": [0.958459768089118, 0.04355328700873989, 0.28424270695751347], "target_pos": [0.5, 0.0, 0.2], "class_id": 16}