{"cam_eye": [0.377482245055026, 0.17512587739151306, 0.24364295742650832], "target_pos": [0.5, 0.0, 0.2], "class_id": 16}