{"cam_eye": [0.6618823127792772, 0.1437750252399218, 0.5675086261735327], "target_pos": [0.5, 0.0, 0.2], "class_id": 16}