{"cam_eye": [0.7738863548604757, -0.33956069076311524, 0.35208178446338606], "target_pos": [0.5, 0.0, 0.2], "class_id": 16}