{"cam_eye": [0.4446644245623729, 0.14120798128413248, 0.3328268875685153], "target_pos": [0.5, 0.0, 0.2], "class_id": 16}