{"cam_eye": [0.6648482798214808, -0.27401399013155364, 0.39127178676791396], "target_pos": [0.5, 0.0, 0.2], "class_id": 16}