{"cam_eye": [0.5574611788040074, -0.05822051690691073, 0.6649930406359345], "target_pos": [0.5, 0.0, 0.2], "class_id": 16}