{"cam_eye": [0.42646193985943115, -0.1574119957192742, 0.38753904169132514], "target_pos": [0.5, 0.0, 0.2], "class_id": 16}