{"cam_eye": [0.3277895780531771, 0.033619766470103424, 0.4801756098740234], "target_pos": [0.5, 0.0, 0.2], "class_id": 16}