{"cam_eye": [0.5684061999423398, -0.2190040055916979, 0.26365763793957553], "target_pos": [0.5, 0.0, 0.2], "class_id": 16}