{"cam_eye": [0.5015990928065868, -0.08174266891183789, 0.5144353499274996], "target_pos": [0.5, 0.0, 0.2], "class_id": 16}