{"cam_eye": [0.243274396322902, -0.01935149474198517, 0.49658022711125743], "target_pos": [0.5, 0.0, 0.2], "class_id": 16}