{"cam_eye": [0.5983895940422891, -0.07851664006333074, 0.49384336699419407], "target_pos": [0.5, 0.0, 0.2], "class_id": 16}