{"cam_eye": [0.2478385472395569, 0.18018692689444746, 0.3198736592531927], "target_pos": [0.5, 0.0, 0.2], "class_id": 16}