{"cam_eye": [0.579915037252295, -0.0720353541739416, 0.38540543358917345], "target_pos": [0.5, 0.0, 0.2], "class_id": 16}