{"cam_eye": [0.656033762200912, 0.12971839163437432, 0.5097522877049252], "target_pos": [0.5, 0.0, 0.2], "class_id": 16}