{"cam_eye": [0.2576479184816882, 0.0027055919777646273, 0.24945843097156423], "target_pos": [0.5, 0.0, 0.2], "class_id": 16}