{"cam_eye": [0.5019576952933661, 0.1958496986947384, 0.6209746198842057], "target_pos": [0.5, 0.0, 0.2], "class_id": 16}