{"cam_eye": [0.47168439379786375, -0.2523460878561276, 0.5510004608449022], "target_pos": [0.5, 0.0, 0.2], "class_id": 16}