{"cam_eye": [0.434512939484857, 0.08270987486364609, 0.4476047192659064], "target_pos": [0.5, 0.0, 0.2], "class_id": 16}