{"cam_eye": [0.587611560195271, -0.20646539592371238, 0.42523906165144265], "target_pos": [0.5, 0.0, 0.2], "class_id": 16}