{"cam_eye": [0.7254717130994277, -0.3999627751561623, 0.28022152524210214], "target_pos": [0.5, 0.0, 0.2], "class_id": 16}