{"cam_eye": [0.561602653166146, -0.12917596749319826, 0.572692358237727], "target_pos": [0.5, 0.0, 0.2], "class_id": 16}