{"cam_eye": [0.4549646971422482, -0.01481379187852148, 0.5453654190700166], "target_pos": [0.5, 0.0, 0.2], "class_id": 16}