{"cam_eye": [0.49789605942025844, -0.058546556681462136, 0.5911428037974287], "target_pos": [0.5, 0.0, 0.2], "class_id": 16}