{"cam_eye": [0.7590604948453068, -0.19337317556674322, 0.37560967573508397], "target_pos": [0.5, 0.0, 0.2], "class_id": 16}