{"cam_eye": [0.6818552302937306, -0.17973463896489653, 0.5691924406420178], "target_pos": [0.5, 0.0, 0.2], "class_id": 16}