{"cam_eye": [0.251284460761646, 0.05655461467545187, 0.3660085693151854], "target_pos": [0.5, 0.0, 0.2], "class_id": 16}