{"cam_eye": [0.6989669326886899, 0.05284593366344614, 0.3652888326848236], "target_pos": [0.5, 0.0, 0.2], "class_id": 16}