{"cam_eye": [0.750510406986167, 0.3572154408334586, 0.271931987360779], "target_pos": [0.5, 0.0, 0.2], "class_id": 16}