{"cam_eye": [0.4622668776820032, 0.03176003841712072, 0.6477602351939875], "target_pos": [0.5, 0.0, 0.2], "class_id": 16}