{"cam_eye": [0.09731501409124571, 0.04045803542293376, 0.37443744304072857], "target_pos": [0.5, 0.0, 0.2], "class_id": 16}