{"cam_eye": [0.7166772899021789, -0.03588309612518455, 0.3119406018415032], "target_pos": [0.5, 0.0, 0.2], "class_id": 16}