{"cam_eye": [0.1578623527998732, -0.2608172074949459, 0.4499951473775896], "target_pos": [0.5, 0.0, 0.2], "class_id": 16}