{"cam_eye": [0.5277585996834303, -0.01406979735001129, 0.4032073601405143], "target_pos": [0.5, 0.0, 0.2], "class_id": 16}