{"cam_eye": [0.6514692435682936, 0.16292270906294826, 0.5743359446106597], "target_pos": [0.5, 0.0, 0.2], "class_id": 16}