{"cam_eye": [0.5285767072497314, 0.10791324926871276, 0.3741715409952547], "target_pos": [0.5, 0.0, 0.2], "class_id": 16}