{"cam_eye": [0.4579403124521949, 0.06860780191647456, 0.4975280138368212], "target_pos": [0.5, 0.0, 0.2], "class_id": 16}