{"cam_eye": [0.6015061264105976, -0.2796983492985344, 0.33173514336324944], "target_pos": [0.5, 0.0, 0.2], "class_id": 16}