{"cam_eye": [0.4859114184542053, -0.2224641226231029, 0.5377495737158319], "target_pos": [0.5, 0.0, 0.2], "class_id": 16}