{"cam_eye": [0.5637678944919269, 0.19216248748344, 0.46893913005913995], "target_pos": [0.5, 0.0, 0.2], "class_id": 16}