{"cam_eye": [0.2925701607574378, -0.3724034170868041, 0.2948845296939057], "target_pos": [0.5, 0.0, 0.2], "class_id": 16}