{"cam_eye": [0.3578362198065993, -0.15261775830438068, 0.4719170224468839], "target_pos": [0.5, 0.0, 0.2], "class_id": 16}