{"cam_eye": [0.5053560795406866, 0.05064265976502912, 0.4187127572852589], "target_pos": [0.5, 0.0, 0.2], "class_id": 16}