{"cam_eye": [0.2985559135992508, 0.056214021970553814, 0.290916802719744], "target_pos": [0.5, 0.0, 0.2], "class_id": 16}