{"cam_eye": [0.761301787042469, -0.2521545049740513, 0.3312297290491702], "target_pos": [0.5, 0.0, 0.2], "class_id": 16}