{"cam_eye": [0.6187748610013898, -0.05706736346040894, 0.6430412773910043], "target_pos": [0.5, 0.0, 0.2], "class_id": 16}