{"cam_eye": [0.2896603928169137, -0.1609104533176772, 0.620624559746902], "target_pos": [0.5, 0.0, 0.2], "class_id": 16}