{"cam_eye": [0.44060837883889803, -0.0411991264854098, 0.6680365328664679], "target_pos": [0.5, 0.0, 0.2], "class_id": 16}