{"cam_eye": [0.42248795846470805, -0.04559485976958244, 0.5269218977522919], "target_pos": [0.5, 0.0, 0.2], "class_id": 16}