{"cam_eye": [0.8975692719823103, 0.20033903532078481, 0.40345674832770045], "target_pos": [0.5, 0.0, 0.2], "class_id": 16}