{"cam_eye": [0.552555702708638, 0.24531515604718038, 0.5243225516408847], "target_pos": [0.5, 0.0, 0.2], "class_id": 16}