{"cam_eye": [0.2340977182703286, -0.13587629459794193, 0.5286317146328133], "target_pos": [0.5, 0.0, 0.2], "class_id": 16}