{"cam_eye": [0.5490336849493832, 0.19821358101299813, 0.4927025691068416], "target_pos": [0.5, 0.0, 0.2], "class_id": 16}