{"cam_eye": [0.4981716004002702, -0.09944476419639561, 0.410253126611804], "target_pos": [0.5, 0.0, 0.2], "class_id": 16}