{"cam_eye": [0.378075172075569, -0.08180959652534936, 0.3985430514580468], "target_pos": [0.5, 0.0, 0.2], "class_id": 16}