{"cam_eye": [0.43066366222221913, 0.27835898563899597, 0.3556931959693826], "target_pos": [0.5, 0.0, 0.2], "class_id": 16}