{"cam_eye": [0.5299248659461218, 0.05741566742204801, 0.5853250095919328], "target_pos": [0.5, 0.0, 0.2], "class_id": 16}