{"cam_eye": [0.4545745942435747, 0.3638440646949374, 0.24046252097550724], "target_pos": [0.5, 0.0, 0.2], "class_id": 16}