{"cam_eye": [0.33589099880673823, 0.2385133042710471, 0.2666663889211648], "target_pos": [0.5, 0.0, 0.2], "class_id": 16}