{"cam_eye": [0.7670799625199034, -0.04891325433530196, 0.4421556542789745], "target_pos": [0.5, 0.0, 0.2], "class_id": 16}