{"cam_eye": [0.2318373118112983, -0.020321429021037396, 0.42956967010587166], "target_pos": [0.5, 0.0, 0.2], "class_id": 16}