{"cam_eye": [0.4391266143728598, 0.11954183338340305, 0.36569518324661265], "target_pos": [0.5, 0.0, 0.2], "class_id": 16}