{"cam_eye": [0.7057610560306632, -0.001555709608540072, 0.4196548784393027], "target_pos": [0.5, 0.0, 0.2], "class_id": 16}