{"cam_eye": [0.6171024488887221, -0.16097628601860392, 0.31905843166964587], "target_pos": [0.5, 0.0, 0.2], "class_id": 16}