{"cam_eye": [0.6999100760043746, -0.06388452336825474, 0.5084872466620971], "target_pos": [0.5, 0.0, 0.2], "class_id": 16}