{"cam_eye": [0.4598902509638648, -0.06678868358361278, 0.3891281333323171], "target_pos": [0.5, 0.0, 0.2], "class_id": 16}