{"cam_eye": [0.5833904171186967, 0.03179011732320685, 0.4983236646267467], "target_pos": [0.5, 0.0, 0.2], "class_id": 16}