{"cam_eye": [0.44510447505154155, 0.0511085902306323, 0.4525623515728311], "target_pos": [0.5, 0.0, 0.2], "class_id": 16}