{"cam_eye": [0.5459565806893835, 0.0360699323687692, 0.6329182417987509], "target_pos": [0.5, 0.0, 0.2], "class_id": 16}