{"cam_eye": [0.5058454578454368, 0.07113269888780817, 0.5164525034398803], "target_pos": [0.5, 0.0, 0.2], "class_id": 16}