{"cam_eye": [0.6035493675921979, 0.26594301417183935, 0.389858364832643], "target_pos": [0.5, 0.0, 0.2], "class_id": 16}