{"cam_eye": [0.28440883066697, 0.03636555565379202, 0.5957616790203754], "target_pos": [0.5, 0.0, 0.2], "class_id": 16}