{"cam_eye": [0.5348541313271341, -0.05967826744975451, 0.4530945869862786], "target_pos": [0.5, 0.0, 0.2], "class_id": 16}