{"cam_eye": [0.7238244213614905, 0.17240168819066332, 0.2707284649744891], "target_pos": [0.5, 0.0, 0.2], "class_id": 14}