{"cam_eye": [0.7558439259195716, -0.12740114610796163, 0.3137983335002674], "target_pos": [0.5, 0.0, 0.2], "class_id": 14}