{"cam_eye": [0.4508585508338773, -0.026460155751409486, 0.46380737803591854], "target_pos": [0.5, 0.0, 0.2], "class_id": 14}