{"cam_eye": [0.3879662068831586, 0.08906018158709025, 0.3841848368012223], "target_pos": [0.5, 0.0, 0.2], "class_id": 14}