{"cam_eye": [0.47749073774067874, 0.18648305382652158, 0.521747603219139], "target_pos": [0.5, 0.0, 0.2], "class_id": 14}