{"cam_eye": [0.6570078033715954, -0.03455529960983606, 0.4195068162224834], "target_pos": [0.5, 0.0, 0.2], "class_id": 14}