{"cam_eye": [0.4750320504266566, 0.13441955759890445, 0.5920492211452307], "target_pos": [0.5, 0.0, 0.2], "class_id": 14}