{"cam_eye": [0.9476468534448852, 0.13772396133660958, 0.319735929347477], "target_pos": [0.5, 0.0, 0.2], "class_id": 14}