{"cam_eye": [0.5018166299622836, -0.028649313547161197, 0.43812480529666536], "target_pos": [0.5, 0.0, 0.2], "class_id": 14}