{"cam_eye": [0.600247841861515, -0.14985472635411345, 0.29277327720754637], "target_pos": [0.5, 0.0, 0.2], "class_id": 14}