{"cam_eye": [0.4335738845516653, 0.22985757163584825, 0.2684737661914993], "target_pos": [0.5, 0.0, 0.2], "class_id": 14}