{"cam_eye": [0.5516854077478864, -0.03527431016554033, 0.49562121274828896], "target_pos": [0.5, 0.0, 0.2], "class_id": 14}