{"cam_eye": [0.5979033224742114, 0.22304005143743233, 0.2675523439651122], "target_pos": [0.5, 0.0, 0.2], "class_id": 14}