{"cam_eye": [0.2846549554981641, -0.22828833189794798, 0.2687593746146346], "target_pos": [0.5, 0.0, 0.2], "class_id": 14}