{"cam_eye": [0.4874402707937052, -0.024828128879548397, 0.4220523921330944], "target_pos": [0.5, 0.0, 0.2], "class_id": 14}