{"cam_eye": [0.2546167185790632, 0.2368813014696991, 0.5620503611139536], "target_pos": [0.5, 0.0, 0.2], "class_id": 14}