{"cam_eye": [0.29495916563011115, -0.09303116218528026, 0.5373649195746653], "target_pos": [0.5, 0.0, 0.2], "class_id": 14}