{"cam_eye": [0.6641034488230553, 0.18931066228057689, 0.600190119555576], "target_pos": [0.5, 0.0, 0.2], "class_id": 14}