{"cam_eye": [0.31992923217206665, 0.06716810778908928, 0.537567168851997], "target_pos": [0.5, 0.0, 0.2], "class_id": 14}