{"cam_eye": [0.29058867893297774, 0.06800957689227057, 0.5525475080021864], "target_pos": [0.5, 0.0, 0.2], "class_id": 14}