{"cam_eye": [0.6418219283390992, 0.03742296237684672, 0.46332368069954516], "target_pos": [0.5, 0.0, 0.2], "class_id": 14}