{"cam_eye": [0.5225815179543287, 0.07843533898629636, 0.5096139642659129], "target_pos": [0.5, 0.0, 0.2], "class_id": 14}