{"cam_eye": [0.5460150040015311, 0.01786188059263536, 0.41510773365000403], "target_pos": [0.5, 0.0, 0.2], "class_id": 14}