{"cam_eye": [0.5114858222539895, 0.06652623581747398, 0.44111228322419926], "target_pos": [0.5, 0.0, 0.2], "class_id": 14}