{"cam_eye": [0.5862156920594013, 0.05145829269942601, 0.43154927117278385], "target_pos": [0.5, 0.0, 0.2], "class_id": 14}