{"cam_eye": [0.0517448214747514, 0.0734164225915058, 0.3660285622736466], "target_pos": [0.5, 0.0, 0.2], "class_id": 14}