{"cam_eye": [0.6086979043398203, 0.034430882778471165, 0.5102363266115824], "target_pos": [0.5, 0.0, 0.2], "class_id": 14}