{"cam_eye": [0.5541354711526276, -0.038475363015020365, 0.39993786550251], "target_pos": [0.5, 0.0, 0.2], "class_id": 14}