{"cam_eye": [0.11265764506579751, 0.21908182741507423, 0.2679951343352285], "target_pos": [0.5, 0.0, 0.2], "class_id": 14}