{"cam_eye": [0.19219621102611634, 0.05625381322991263, 0.23169149718096815], "target_pos": [0.5, 0.0, 0.2], "class_id": 14}