{"cam_eye": [0.4105876913253141, 0.4270062905624311, 0.41242385324185915], "target_pos": [0.5, 0.0, 0.2], "class_id": 14}