{"cam_eye": [0.5081573431012683, -0.12010524065720414, 0.5366429705725337], "target_pos": [0.5, 0.0, 0.2], "class_id": 14}