{"cam_eye": [0.7033064372496435, 0.02150391699760723, 0.6562477887994678], "target_pos": [0.5, 0.0, 0.2], "class_id": 14}