{"cam_eye": [0.3688212075626278, -0.32509740205179616, 0.4473319292746897], "target_pos": [0.5, 0.0, 0.2], "class_id": 14}