{"cam_eye": [0.46798831664107704, -0.16835801477258408, 0.3747306208458405], "target_pos": [0.5, 0.0, 0.2], "class_id": 14}