{"cam_eye": [0.7653661166270673, -0.09183129107767507, 0.5888561853193277], "target_pos": [0.5, 0.0, 0.2], "class_id": 14}