{"cam_eye": [0.5213403651874572, -0.21292553657868396, 0.6444226230470416], "target_pos": [0.5, 0.0, 0.2], "class_id": 14}