{"cam_eye": [0.4241295463649636, -0.042301428483206484, 0.5766121727617752], "target_pos": [0.5, 0.0, 0.2], "class_id": 14}