{"cam_eye": [0.4931995159642406, -0.2921066970404594, 0.5153133331775022], "target_pos": [0.5, 0.0, 0.2], "class_id": 14}