{"cam_eye": [0.5524273769949671, 0.025409937752201146, 0.541414514316062], "target_pos": [0.5, 0.0, 0.2], "class_id": 14}