{"cam_eye": [0.6918794155872833, -0.08627744135395796, 0.5816198946464868], "target_pos": [0.5, 0.0, 0.2], "class_id": 14}