{"cam_eye": [0.2180792065259045, 0.0866634371398968, 0.30884245435414504], "target_pos": [0.5, 0.0, 0.2], "class_id": 14}