{"cam_eye": [0.41173028609273715, 0.290360892407012, 0.2766386452198546], "target_pos": [0.5, 0.0, 0.2], "class_id": 14}