{"cam_eye": [0.6161510101759549, -0.2159561005907165, 0.620602640079019], "target_pos": [0.5, 0.0, 0.2], "class_id": 14}