{"cam_eye": [0.7839528652966268, 0.1975454457331495, 0.5598434221639985], "target_pos": [0.5, 0.0, 0.2], "class_id": 14}