{"cam_eye": [0.6526056757105942, 0.26454955817252584, 0.45659047599306324], "target_pos": [0.5, 0.0, 0.2], "class_id": 14}