{"cam_eye": [0.7359343296099969, -0.30408354341276594, 0.4392145297980537], "target_pos": [0.5, 0.0, 0.2], "class_id": 14}