{"cam_eye": [0.4438067216156974, -0.20661639754133265, 0.4475205272115138], "target_pos": [0.5, 0.0, 0.2], "class_id": 14}