{"cam_eye": [0.9143988276519004, 0.07867568781583877, 0.2819168346762278], "target_pos": [0.5, 0.0, 0.2], "class_id": 14}