{"cam_eye": [0.35843102317982617, -0.09505997771131297, 0.43087545279388684], "target_pos": [0.5, 0.0, 0.2], "class_id": 14}