{"cam_eye": [0.577042990589922, -0.21536094587695498, 0.3708043934956361], "target_pos": [0.5, 0.0, 0.2], "class_id": 14}