{"cam_eye": [0.27237146729222916, -0.16374303722509959, 0.41849706270313475], "target_pos": [0.5, 0.0, 0.2], "class_id": 14}