{"cam_eye": [0.6756248495577035, 0.11222555897291757, 0.46131813690410783], "target_pos": [0.5, 0.0, 0.2], "class_id": 14}