{"cam_eye": [0.7903202629822228, 0.3440230709983738, 0.41741291606969766], "target_pos": [0.5, 0.0, 0.2], "class_id": 14}