{"cam_eye": [0.44658718549722737, 0.36706469851834705, 0.46724142028733995], "target_pos": [0.5, 0.0, 0.2], "class_id": 14}