{"cam_eye": [0.5027444761824479, -0.23809723787013928, 0.3313188182626372], "target_pos": [0.5, 0.0, 0.2], "class_id": 14}