{"cam_eye": [0.6011023613604853, -0.32267538702985255, 0.543399603265695], "target_pos": [0.5, 0.0, 0.2], "class_id": 14}