{"cam_eye": [0.283699304309845, 0.1584343939276813, 0.2933691166156204], "target_pos": [0.5, 0.0, 0.2], "class_id": 14}