{"cam_eye": [0.5615120595841581, -0.19098734271362477, 0.3534551999471972], "target_pos": [0.5, 0.0, 0.2], "class_id": 14}