{"cam_eye": [0.6719371653202351, -0.07292935362351793, 0.5496558179044607], "target_pos": [0.5, 0.0, 0.2], "class_id": 14}