{"cam_eye": [0.7064393715932691, 0.05177001102242219, 0.2759712229327287], "target_pos": [0.5, 0.0, 0.2], "class_id": 14}