{"cam_eye": [0.8066718496912092, -0.13375238785418786, 0.283652074129511], "target_pos": [0.5, 0.0, 0.2], "class_id": 14}