{"cam_eye": [0.5429557821917942, 0.03894706921813045, 0.4381720269897421], "target_pos": [0.5, 0.0, 0.2], "class_id": 14}