{"cam_eye": [0.28320334735672825, -0.10595434604140855, 0.36863955075490523], "target_pos": [0.5, 0.0, 0.2], "class_id": 14}