{"cam_eye": [0.7667633159582276, 0.2424881857004152, 0.3950812815962289], "target_pos": [0.5, 0.0, 0.2], "class_id": 14}