{"cam_eye": [0.5602919486840113, 0.1905246157457053, 0.5602075609827448], "target_pos": [0.5, 0.0, 0.2], "class_id": 14}