{"cam_eye": [0.43700085391849774, -0.02185976090181051, 0.5418231764639889], "target_pos": [0.5, 0.0, 0.2], "class_id": 14}