{"cam_eye": [0.3315845408281226, -0.004349102234301469, 0.4175191912967474], "target_pos": [0.5, 0.0, 0.2], "class_id": 14}