{"cam_eye": [0.40258795728667035, -0.14724483442791322, 0.46824764888870096], "target_pos": [0.5, 0.0, 0.2], "class_id": 14}