{"cam_eye": [0.4756402912726943, -0.23680998374972034, 0.5425189617913566], "target_pos": [0.5, 0.0, 0.2], "class_id": 14}