{"cam_eye": [0.11858182906618575, 0.2975021840857173, 0.30793849527223977], "target_pos": [0.5, 0.0, 0.2], "class_id": 14}