{"cam_eye": [0.6962790735659383, -0.05608441661986232, 0.39715147094041237], "target_pos": [0.5, 0.0, 0.2], "class_id": 14}