{"cam_eye": [0.5027873034968161, -0.10973380815844862, 0.639434876145925], "target_pos": [0.5, 0.0, 0.2], "class_id": 14}