{"cam_eye": [0.28499525996164976, -0.2890307900118538, 0.36904073422893435], "target_pos": [0.5, 0.0, 0.2], "class_id": 14}