{"cam_eye": [0.7235007670898506, 0.0986380011568794, 0.5175907256953094], "target_pos": [0.5, 0.0, 0.2], "class_id": 14}