{"cam_eye": [0.4407583028254201, 0.12221523761561556, 0.3841239401727774], "target_pos": [0.5, 0.0, 0.2], "class_id": 14}