{"cam_eye": [0.8346665656850172, 0.07690015909309665, 0.2940707960134579], "target_pos": [0.5, 0.0, 0.2], "class_id": 14}