{"cam_eye": [0.5414865995718731, -0.021920970373466884, 0.4271754836024513], "target_pos": [0.5, 0.0, 0.2], "class_id": 14}