{"cam_eye": [0.5298536073200781, 0.09468554662068436, 0.49178844186969317], "target_pos": [0.5, 0.0, 0.2], "class_id": 14}