{"cam_eye": [0.6004717895312894, -0.1403338481779726, 0.44999837548362553], "target_pos": [0.5, 0.0, 0.2], "class_id": 14}