{"cam_eye": [0.5392553157415073, 0.006073548592925963, 0.4595174316440946], "target_pos": [0.5, 0.0, 0.2], "class_id": 14}