{"cam_eye": [0.6031207378052414, -0.18714299866387676, 0.5636421003806142], "target_pos": [0.5, 0.0, 0.2], "class_id": 14}