{"cam_eye": [0.21129988556061696, 0.3227559077112788, 0.28227447279194373], "target_pos": [0.5, 0.0, 0.2], "class_id": 14}