{"cam_eye": [0.5721705218107548, -0.04866094353896373, 0.41339798311778664], "target_pos": [0.5, 0.0, 0.2], "class_id": 14}