{"cam_eye": [0.3700949770039021, 0.05128852243613293, 0.3772557715381744], "target_pos": [0.5, 0.0, 0.2], "class_id": 14}