{"cam_eye": [0.37824683110636476, -0.2585084417960451, 0.3936931924060142], "target_pos": [0.5, 0.0, 0.2], "class_id": 14}