{"cam_eye": [0.46646534575860144, 0.0473954369598121, 0.3981786296928488], "target_pos": [0.5, 0.0, 0.2], "class_id": 14}