{"cam_eye": [0.5204551587160756, -0.17921800285477155, 0.2928848676643803], "target_pos": [0.5, 0.0, 0.2], "class_id": 14}