{"cam_eye": [0.582148421302698, -0.3717483034151478, 0.2642333562824284], "target_pos": [0.5, 0.0, 0.2], "class_id": 14}