{"cam_eye": [0.7551893157840611, -0.007142529815790387, 0.4645823667073371], "target_pos": [0.5, 0.0, 0.2], "class_id": 14}