{"cam_eye": [0.7769339544493584, 0.12418237125724771, 0.5186636787995343], "target_pos": [0.5, 0.0, 0.2], "class_id": 14}