{"cam_eye": [0.4022266298591788, -0.14818253552094177, 0.5271838341568198], "target_pos": [0.5, 0.0, 0.2], "class_id": 14}