{"cam_eye": [0.3123719219079386, -0.09388944367113342, 0.35054269710417224], "target_pos": [0.5, 0.0, 0.2], "class_id": 14}