{"cam_eye": [0.2666056896645235, -0.14063497310830553, 0.37625660370385117], "target_pos": [0.5, 0.0, 0.2], "class_id": 14}