{"cam_eye": [0.546317237574966, 0.2528502790363271, 0.2663223683169818], "target_pos": [0.5, 0.0, 0.2], "class_id": 14}