{"cam_eye": [0.4322578334120906, 0.0641086537752291, 0.5726933758128105], "target_pos": [0.5, 0.0, 0.2], "class_id": 14}