{"cam_eye": [0.4470952949592849, -0.026864824431359315, 0.6016825649617927], "target_pos": [0.5, 0.0, 0.2], "class_id": 14}