{"cam_eye": [0.3134528376680451, 0.13123245568102584, 0.3342237766124775], "target_pos": [0.5, 0.0, 0.2], "class_id": 14}