{"cam_eye": [0.7317953727694495, 0.0751105871800901, 0.3998195212978096], "target_pos": [0.5, 0.0, 0.2], "class_id": 14}