{"cam_eye": [0.46166044470353806, -0.13757724539211127, 0.6596365874831553], "target_pos": [0.5, 0.0, 0.2], "class_id": 14}