{"cam_eye": [0.5196045770474804, -0.09377718068369022, 0.3794329168503695], "target_pos": [0.5, 0.0, 0.2], "class_id": 9}