{"cam_eye": [0.32284243588872996, -0.09407275114002549, 0.40028474290914584], "target_pos": [0.5, 0.0, 0.2], "class_id": 9}