{"cam_eye": [0.5015778889039425, 0.1770913875407868, 0.6542168228525507], "target_pos": [0.5, 0.0, 0.2], "class_id": 9}