{"cam_eye": [0.5659983346565145, -0.029255660741405197, 0.4285282189171637], "target_pos": [0.5, 0.0, 0.2], "class_id": 9}