{"cam_eye": [0.23989696178781023, 0.030856585219005778, 0.543660996388954], "target_pos": [0.5, 0.0, 0.2], "class_id": 9}