{"cam_eye": [0.5355107007421258, -0.184435519029812, 0.5460439340673144], "target_pos": [0.5, 0.0, 0.2], "class_id": 9}