{"cam_eye": [0.4228208953885827, 0.10249170610218138, 0.3767405436807471], "target_pos": [0.5, 0.0, 0.2], "class_id": 9}