{"cam_eye": [0.45813957566379604, 0.04670612280269151, 0.6821180200722923], "target_pos": [0.5, 0.0, 0.2], "class_id": 9}