{"cam_eye": [0.8790697580608424, 0.16906768206288536, 0.3878506730008424], "target_pos": [0.5, 0.0, 0.2], "class_id": 9}