{"cam_eye": [0.35888480482160023, -0.07944255209366823, 0.3886884322884502], "target_pos": [0.5, 0.0, 0.2], "class_id": 9}