{"cam_eye": [0.5327540684603002, 0.028097292232673158, 0.39899607683706534], "target_pos": [0.5, 0.0, 0.2], "class_id": 9}