{"cam_eye": [0.4898586503873942, 0.06511628116968318, 0.39851429534755844], "target_pos": [0.5, 0.0, 0.2], "class_id": 9}