{"cam_eye": [0.2410189385743387, 0.1776223411357058, 0.3894641204136243], "target_pos": [0.5, 0.0, 0.2], "class_id": 9}