{"cam_eye": [0.5142225734489028, 0.1144421431562523, 0.3670123516055109], "target_pos": [0.5, 0.0, 0.2], "class_id": 9}