{"cam_eye": [0.5891858435179412, -0.4359750866026222, 0.2813446378325927], "target_pos": [0.5, 0.0, 0.2], "class_id": 9}