{"cam_eye": [0.7592003376967056, 0.08181429508001935, 0.505231546575461], "target_pos": [0.5, 0.0, 0.2], "class_id": 9}