{"cam_eye": [0.774082413600014, 0.06251418042148284, 0.2670277111329483], "target_pos": [0.5, 0.0, 0.2], "class_id": 9}