{"cam_eye": [0.7833391173347736, -0.03765754245432823, 0.24403397077429112], "target_pos": [0.5, 0.0, 0.2], "class_id": 9}