{"cam_eye": [0.39609482539313134, 0.12457307484275836, 0.455265778352777], "target_pos": [0.5, 0.0, 0.2], "class_id": 9}