{"cam_eye": [0.6663818108348205, -0.18113163564147247, 0.2679944654022696], "target_pos": [0.5, 0.0, 0.2], "class_id": 9}