{"cam_eye": [0.6124027351358603, -0.13038075434577376, 0.49411198419854757], "target_pos": [0.5, 0.0, 0.2], "class_id": 9}