{"cam_eye": [0.305001651303321, -0.21934238371481043, 0.26693479969037004], "target_pos": [0.5, 0.0, 0.2], "class_id": 9}