{"cam_eye": [0.2165637993539235, 0.22552585365961678, 0.4609715155306207], "target_pos": [0.5, 0.0, 0.2], "class_id": 9}