{"cam_eye": [0.499944253908889, 0.14419433639579668, 0.37360611898842977], "target_pos": [0.5, 0.0, 0.2], "class_id": 9}