{"cam_eye": [0.47972918863596575, -0.1562062997049761, 0.4551954351840332], "target_pos": [0.5, 0.0, 0.2], "class_id": 9}