{"cam_eye": [0.5971185899892832, -0.01263999580819898, 0.46980794150143484], "target_pos": [0.5, 0.0, 0.2], "class_id": 9}