{"cam_eye": [0.31446208005732923, 0.04964420437522913, 0.36044728527161574], "target_pos": [0.5, 0.0, 0.2], "class_id": 9}