{"cam_eye": [0.4711557100122278, -0.31868312473341215, 0.5193147825725134], "target_pos": [0.5, 0.0, 0.2], "class_id": 9}