{"cam_eye": [0.5579961350717685, 0.08745658918863414, 0.44883340896079965], "target_pos": [0.5, 0.0, 0.2], "class_id": 9}