{"cam_eye": [0.8379460874717269, -0.15184059154114235, 0.28700630603436095], "target_pos": [0.5, 0.0, 0.2], "class_id": 9}