{"cam_eye": [0.46259556436234606, -0.18913404194058328, 0.6209701813947262], "target_pos": [0.5, 0.0, 0.2], "class_id": 9}