{"cam_eye": [0.12143994330615515, 0.2686560682119857, 0.3755835679146246], "target_pos": [0.5, 0.0, 0.2], "class_id": 9}