{"cam_eye": [0.3115324972320915, 0.13090704160946634, 0.30928697976634184], "target_pos": [0.5, 0.0, 0.2], "class_id": 9}