{"cam_eye": [0.4684133602951926, 0.013339465402145822, 0.5118479826227511], "target_pos": [0.5, 0.0, 0.2], "class_id": 9}