{"cam_eye": [0.32240085488701775, -0.1787692603927796, 0.25518377803089876], "target_pos": [0.5, 0.0, 0.2], "class_id": 9}