{"cam_eye": [0.478373356103814, -0.04402056935459148, 0.4485438672464549], "target_pos": [0.5, 0.0, 0.2], "class_id": 9}