{"cam_eye": [0.6636427969785135, -0.04829964367850763, 0.3597421067737029], "target_pos": [0.5, 0.0, 0.2], "class_id": 9}