{"cam_eye": [0.8924198530902617, -0.09171220681193867, 0.2949246262524966], "target_pos": [0.5, 0.0, 0.2], "class_id": 9}