{"cam_eye": [0.6772599845284146, -0.218209745338095, 0.31257938558653653], "target_pos": [0.5, 0.0, 0.2], "class_id": 9}