{"cam_eye": [0.5713664339219494, -0.05714982958953454, 0.48670204153274726], "target_pos": [0.5, 0.0, 0.2], "class_id": 9}