{"cam_eye": [0.9244316306546427, 0.11494600247704759, 0.37891387840102986], "target_pos": [0.5, 0.0, 0.2], "class_id": 9}