{"cam_eye": [0.38909261770704795, -0.26591668421871906, 0.4078637111467883], "target_pos": [0.5, 0.0, 0.2], "class_id": 9}