{"cam_eye": [0.5525196415985135, -0.16620761836200534, 0.5643308406873987], "target_pos": [0.5, 0.0, 0.2], "class_id": 9}