{"cam_eye": [0.8048402363809493, 0.034434177500733174, 0.35346249954621245], "target_pos": [0.5, 0.0, 0.2], "class_id": 9}