{"cam_eye": [0.6681550638438649, -0.11365775802268475, 0.2955517069000415], "target_pos": [0.5, 0.0, 0.2], "class_id": 9}