{"cam_eye": [0.6726205981507831, 0.09137312175387952, 0.4257137821931505], "target_pos": [0.5, 0.0, 0.2], "class_id": 9}