{"cam_eye": [0.5527316176392255, 0.06751951042117273, 0.4315218936322912], "target_pos": [0.5, 0.0, 0.2], "class_id": 9}