{"cam_eye": [0.34386394509482066, 0.10154680609121998, 0.2777495858505873], "target_pos": [0.5, 0.0, 0.2], "class_id": 9}