{"cam_eye": [0.39871338438155035, -0.3504357608561079, 0.2684047371674252], "target_pos": [0.5, 0.0, 0.2], "class_id": 9}