{"cam_eye": [0.5218528754533444, 0.3638840044601431, 0.41485681401959557], "target_pos": [0.5, 0.0, 0.2], "class_id": 9}