{"cam_eye": [0.21492674344643814, -0.17660618328651606, 0.5444660512509296], "target_pos": [0.5, 0.0, 0.2], "class_id": 9}