{"cam_eye": [0.24270818220362123, 0.15901817462599854, 0.43582142547759506], "target_pos": [0.5, 0.0, 0.2], "class_id": 9}