{"cam_eye": [0.3773871274070207, 0.03308322323341426, 0.5183806543871633], "target_pos": [0.5, 0.0, 0.2], "class_id": 9}