{"cam_eye": [0.6231866581267016, -0.10297448287262574, 0.4941476166509649], "target_pos": [0.5, 0.0, 0.2], "class_id": 9}