{"cam_eye": [0.6670982287149512, -0.143889642694872, 0.490203442443066], "target_pos": [0.5, 0.0, 0.2], "class_id": 9}