{"cam_eye": [0.6682681043739431, -0.005896521773629211, 0.46356854517170126], "target_pos": [0.5, 0.0, 0.2], "class_id": 9}