{"cam_eye": [0.5526616953897152, 0.10695393401658924, 0.6262594317653691], "target_pos": [0.5, 0.0, 0.2], "class_id": 9}