{"cam_eye": [0.22741483808485902, 0.05503618469388649, 0.31796242709897765], "target_pos": [0.5, 0.0, 0.2], "class_id": 9}