{"cam_eye": [0.7596829511142353, 0.056178051865424086, 0.2472740621998626], "target_pos": [0.5, 0.0, 0.2], "class_id": 9}