{"cam_eye": [0.7207591104161506, -0.0327186882373873, 0.26261614904377445], "target_pos": [0.5, 0.0, 0.2], "class_id": 9}