{"cam_eye": [0.575694174288376, 0.017445842098251053, 0.4607461372777575], "target_pos": [0.5, 0.0, 0.2], "class_id": 9}