{"cam_eye": [0.5624202540031911, -0.019626564459391226, 0.46606812667858566], "target_pos": [0.5, 0.0, 0.2], "class_id": 9}