{"cam_eye": [0.6016841659901646, 0.0026345570412851784, 0.5649157985130369], "target_pos": [0.5, 0.0, 0.2], "class_id": 9}