{"cam_eye": [0.31987303500767883, -0.13649885816163077, 0.34310290247358366], "target_pos": [0.5, 0.0, 0.2], "class_id": 9}