{"cam_eye": [0.1374765870104917, 0.21909882498332164, 0.24742402893028181], "target_pos": [0.5, 0.0, 0.2], "class_id": 9}