{"cam_eye": [0.33379896128516695, -0.19159727950408212, 0.5120743257311823], "target_pos": [0.5, 0.0, 0.2], "class_id": 9}