{"cam_eye": [0.29045308419443616, 0.021572816290586206, 0.6439928182276278], "target_pos": [0.5, 0.0, 0.2], "class_id": 9}