{"cam_eye": [0.7070942553722213, -0.06092422552906928, 0.3571756266315153], "target_pos": [0.5, 0.0, 0.2], "class_id": 9}