{"cam_eye": [0.7323927686509124, 0.012242509538083002, 0.4262851023177075], "target_pos": [0.5, 0.0, 0.2], "class_id": 9}