{"cam_eye": [0.10826316442983486, 0.22273848176732838, 0.33928987722403925], "target_pos": [0.5, 0.0, 0.2], "class_id": 9}