{"cam_eye": [0.5394062728560532, 0.11732259254563185, 0.6331109892989337], "target_pos": [0.5, 0.0, 0.2], "class_id": 9}