{"cam_eye": [0.5216146360609663, 0.2882021554226532, 0.4757302780872652], "target_pos": [0.5, 0.0, 0.2], "class_id": 9}