{"cam_eye": [0.5503455348071472, -0.14710665301416717, 0.4542221220634841], "target_pos": [0.5, 0.0, 0.2], "class_id": 9}