{"cam_eye": [0.3268779631612696, -0.24403462411839352, 0.3397720838703313], "target_pos": [0.5, 0.0, 0.2], "class_id": 9}