{"cam_eye": [0.8573300307104863, 0.11797432984498524, 0.3634259861246114], "target_pos": [0.5, 0.0, 0.2], "class_id": 9}