{"cam_eye": [0.37778612305316733, 0.11332386963320784, 0.3249704225353863], "target_pos": [0.5, 0.0, 0.2], "class_id": 9}