{"cam_eye": [0.2939546171360431, 0.0912324422213471, 0.22276615354715631], "target_pos": [0.5, 0.0, 0.2], "class_id": 9}