{"cam_eye": [0.35291227293129807, -0.29445615444765366, 0.27560349473023654], "target_pos": [0.5, 0.0, 0.2], "class_id": 9}