{"cam_eye": [0.4607458939849958, -0.14057682621301765, 0.4794547086715315], "target_pos": [0.5, 0.0, 0.2], "class_id": 9}