{"cam_eye": [0.6410589629791843, -0.08476550501659738, 0.497470008779261], "target_pos": [0.5, 0.0, 0.2], "class_id": 9}