{"cam_eye": [0.7484004652779014, -0.06931828365814326, 0.5896247513984997], "target_pos": [0.5, 0.0, 0.2], "class_id": 9}