{"cam_eye": [0.7245297792029444, -0.1329709323531998, 0.371108581976862], "target_pos": [0.5, 0.0, 0.2], "class_id": 9}