{"cam_eye": [0.3609356242215708, 0.16183735889071582, 0.3655847936959986], "target_pos": [0.5, 0.0, 0.2], "class_id": 9}