{"cam_eye": [0.5759415742900147, 0.33212542454426297, 0.24997474855195348], "target_pos": [0.5, 0.0, 0.2], "class_id": 9}