{"cam_eye": [0.3503292357644962, -0.08221197627348306, 0.3696586742013735], "target_pos": [0.5, 0.0, 0.2], "class_id": 9}