{"cam_eye": [0.4445650895723602, 0.12212167797371899, 0.40496494305454567], "target_pos": [0.5, 0.0, 0.2], "class_id": 9}