{"cam_eye": [0.4214466736033099, 0.07132796460840064, 0.4729118167337204], "target_pos": [0.5, 0.0, 0.2], "class_id": 9}