{"cam_eye": [0.47197275672861716, -0.017093810753209766, 0.4823973735834679], "target_pos": [0.5, 0.0, 0.2], "class_id": 9}