{"cam_eye": [0.6129810708778968, -0.0007213156040680325, 0.36846747401082736], "target_pos": [0.5, 0.0, 0.2], "class_id": 9}