{"cam_eye": [0.6784281288925399, 0.06755338691857127, 0.3933967858246552], "target_pos": [0.5, 0.0, 0.2], "class_id": 9}