{"cam_eye": [0.37767965825848193, 0.09646378202659894, 0.6258103874544483], "target_pos": [0.5, 0.0, 0.2], "class_id": 9}