{"cam_eye": [0.7338322307929095, 0.14339227957603276, 0.3871715246749666], "target_pos": [0.5, 0.0, 0.2], "class_id": 9}