{"cam_eye": [0.1408209115938424, 0.12768315724374918, 0.37169423356209574], "target_pos": [0.5, 0.0, 0.2], "class_id": 9}