{"cam_eye": [0.6939608000094353, -0.11480269700822325, 0.5520910653474032], "target_pos": [0.5, 0.0, 0.2], "class_id": 9}