{"cam_eye": [0.36095921434831313, 0.19455140005461857, 0.3356611792378305], "target_pos": [0.5, 0.0, 0.2], "class_id": 9}