{"cam_eye": [0.4171024954058596, -0.23860647444531405, 0.2665703708637087], "target_pos": [0.5, 0.0, 0.2], "class_id": 9}