{"cam_eye": [0.3111837087393903, 0.2530878946759953, 0.4483678232489], "target_pos": [0.5, 0.0, 0.2], "class_id": 9}