{"cam_eye": [0.5567042996390156, -0.014034377933468697, 0.5715934032640448], "target_pos": [0.5, 0.0, 0.2], "class_id": 9}