{"cam_eye": [0.49054110731766404, 0.13788679128446066, 0.3904607501099015], "target_pos": [0.5, 0.0, 0.2], "class_id": 9}