{"cam_eye": [0.2666305297431103, 0.41226566002623616, 0.2784564819093721], "target_pos": [0.5, 0.0, 0.2], "class_id": 9}