{"vertices": [[0, 0, 1.0], [0.9807852804032304, 0.19509032201612825, -1.0], [1.0, 0.0, -1.0], [0, 0, -1.0], [0.9238795325112867, 0.3826834323650898, -1.0], [0.8314696123025452, 0.5555702330196022, -1.0], [0.7071067811865476, 0.7071067811865476, -1.0], [0.5555702330196023, 0.8314696123025452, -1.0], [0.38268343236508984, 0.9238795325112867, -1.0], [0.19509032201612833, 0.9807852804032304, -1.0], [6.123233995736766e-17, 1.0, -1.0], [-0.1950903220161282, 0.9807852804032304, -1.0], [-0.3826834323650897, 0.9238795325112867, -1.0], [-0.555570233019602, 0.8314696123025453, -1.0], [-0.7071067811865475, 0.7071067811865476, -1.0], [-0.8314696123025453, 0.5555702330196022, -1.0], [-0.9238795325112867, 0.3826834323650899, -1.0], [-0.9807852804032304, 0.1950903220161286, -1.0], [-1.0, 1.2246467991473532e-16, -1.0], [-0.9807852804032304, -0.19509032201612836, -1.0], [-0.9238795325112868, -0.38268343236508967, -1.0], [-0.8314696123025455, -0.555570233019602, -1.0], [-0.7071067811865477, -0.7071067811865475, -1.0], [-0.5555702330196022, -0.8314696123025452, -1.0], [-0.38268343236509034, -0.9238795325112865, -1.0], [-0.19509032201612866, -0.9807852804032303, -1.0], [-1.8369701987210297e-16, -1.0, -1.0], [0.1950903220161283, -0.9807852804032304, -1.0], [0.38268343236509, -0.9238795325112866, -1.0], [0.5555702330196018, -0.8314696123025455, -1.0], [0.7071067811865474, -0.7071067811865477, -1.0], [0.8314696123025452, -0.5555702330196022, -1.0], [0.9238795325112865, -0.3826834323650904, -1.0], [0.9807852804032303, -0.19509032201612872, -1.0]], "indices": [0, 1, 2, 3, 2, 1, 0, 4, 1, 3, 1, 4, 0, 5, 4, 3, 4, 5, 0, 6, 5, 3, 5, 6, 0, 7, 6, 3, 6, 7, 0, 8, 7, 3, 7, 8, 0, 9, 8, 3, 8, 9, 0, 10, 9, 3, 9, 10, 0, 11, 10, 3, 10, 11, 0, 12, 11, 3, 11, 12, 0, 13, 12, 3, 12, 13, 0, 14, 13, 3, 13, 14, 0, 15, 14, 3, 14, 15, 0, 16, 15, 3, 15, 16, 0, 17, 16, 3, 16, 17, 0, 18, 17, 3, 17, 18, 0, 19, 18, 3, 18, 19, 0, 20, 19, 3, 19, 20, 0, 21, 20, 3, 20, 21, 0, 22, 21, 3, 21, 22, 0, 23, 22, 3, 22, 23, 0, 24, 23, 3, 23, 24, 0, 25, 24, 3, 24, 25, 0, 26, 25, 3, 25, 26, 0, 27, 26, 3, 26, 27, 0, 28, 27, 3, 27, 28, 0, 29, 28, 3, 28, 29, 0, 30, 29, 3, 29, 30, 0, 31, 30, 3, 30, 31, 0, 32, 31, 3, 31, 32, 0, 33, 32, 3, 32, 33, 0, 2, 33, 3, 33, 2]}