{"cam_eye": [0.011949596375281979, -0.04167897633497692, 0.262309191500277], "target_pos": [0.5, 0.0, 0.2], "class_id": 7}