{"cam_eye": [0.12202388920758345, 0.0929265452093757, 0.31096140441792164], "target_pos": [0.5, 0.0, 0.2], "class_id": 7}