{"cam_eye": [0.6550891395306773, 0.3037979876803691, 0.33437428548371007], "target_pos": [0.5, 0.0, 0.2], "class_id": 7}