{"cam_eye": [0.922187864548909, 0.10392706584666996, 0.29370667717711263], "target_pos": [0.5, 0.0, 0.2], "class_id": 7}