{"cam_eye": [0.5143219877637829, 0.2539063679868256, 0.49842087761521014], "target_pos": [0.5, 0.0, 0.2], "class_id": 7}