{"cam_eye": [0.7583128113579485, 0.17423692349272274, 0.45997111497598536], "target_pos": [0.5, 0.0, 0.2], "class_id": 7}