{"cam_eye": [0.18750900217916028, 0.09020490069376917, 0.418890528032359], "target_pos": [0.5, 0.0, 0.2], "class_id": 7}