{"cam_eye": [0.549963112542171, 0.37041329222939956, 0.25377516282835705], "target_pos": [0.5, 0.0, 0.2], "class_id": 7}