{"cam_eye": [0.7714544262002405, 0.01686248401639925, 0.28568466773827045], "target_pos": [0.5, 0.0, 0.2], "class_id": 7}