{"cam_eye": [0.8095205268630647, -0.09746383362351113, 0.30168719855738024], "target_pos": [0.5, 0.0, 0.2], "class_id": 7}