{"cam_eye": [0.6353425499014448, -0.36645610685990415, 0.2731473542702769], "target_pos": [0.5, 0.0, 0.2], "class_id": 7}