{"cam_eye": [0.20988916001707786, 0.0798853949987771, 0.394652877108278], "target_pos": [0.5, 0.0, 0.2], "class_id": 7}