{"cam_eye": [0.540365191294876, 0.2507891386640942, 0.24295413493347162], "target_pos": [0.5, 0.0, 0.2], "class_id": 7}