{"cam_eye": [0.45591471966980907, -0.0022215363313614505, 0.5886067853983705], "target_pos": [0.5, 0.0, 0.2], "class_id": 7}