{"cam_eye": [0.4530230289406682, 0.04908282850159529, 0.44055352151375704], "target_pos": [0.5, 0.0, 0.2], "class_id": 7}