{"cam_eye": [0.6855639994218468, 0.0024811689113323943, 0.32966286860484106], "target_pos": [0.5, 0.0, 0.2], "class_id": 7}