{"cam_eye": [0.5392460227678063, -0.23984922297644418, 0.37913922631636354], "target_pos": [0.5, 0.0, 0.2], "class_id": 7}