{"cam_eye": [0.674382728200019, 0.25356498607799555, 0.3157252934607422], "target_pos": [0.5, 0.0, 0.2], "class_id": 7}