{"cam_eye": [0.35428792945359266, -0.18926151956063975, 0.22742210659105114], "target_pos": [0.5, 0.0, 0.2], "class_id": 7}