{"cam_eye": [0.408531407294173, -0.22594882894368448, 0.35580607144166326], "target_pos": [0.5, 0.0, 0.2], "class_id": 7}