{"cam_eye": [0.7469203936980882, -0.3214007818578503, 0.49183956011786295], "target_pos": [0.5, 0.0, 0.2], "class_id": 7}