{"cam_eye": [0.3841998734366801, 0.041500021048864966, 0.4488237085796214], "target_pos": [0.5, 0.0, 0.2], "class_id": 7}