{"cam_eye": [0.4014848152285443, 0.15466446051270175, 0.4055181252930872], "target_pos": [0.5, 0.0, 0.2], "class_id": 7}