{"cam_eye": [0.4920263525149792, -0.15400375390183638, 0.6194779180080159], "target_pos": [0.5, 0.0, 0.2], "class_id": 7}