{"cam_eye": [0.2772175395250682, -0.26598587468845114, 0.4865535870774635], "target_pos": [0.5, 0.0, 0.2], "class_id": 7}