{"cam_eye": [0.5183923281068922, -0.036406417827160226, 0.5040459373393513], "target_pos": [0.5, 0.0, 0.2], "class_id": 7}