{"cam_eye": [0.49900763917161334, 0.04568982489605352, 0.5433865911967591], "target_pos": [0.5, 0.0, 0.2], "class_id": 7}