{"cam_eye": [0.7880186430848506, 0.3072961656981019, 0.44027479157669047], "target_pos": [0.5, 0.0, 0.2], "class_id": 7}