{"cam_eye": [0.2111235516308676, 0.23771317406481834, 0.3489879475734289], "target_pos": [0.5, 0.0, 0.2], "class_id": 7}