{"cam_eye": [0.28901051644240905, 0.2825366295131177, 0.345436053866449], "target_pos": [0.5, 0.0, 0.2], "class_id": 7}