{"cam_eye": [0.5394023004687218, -0.004853490138092122, 0.4697274047869438], "target_pos": [0.5, 0.0, 0.2], "class_id": 7}