{"cam_eye": [0.3122907682858539, 0.0513046297859471, 0.31842319198415237], "target_pos": [0.5, 0.0, 0.2], "class_id": 7}