{"cam_eye": [0.5739289155455026, -0.20100538618254046, 0.2684363828961238], "target_pos": [0.5, 0.0, 0.2], "class_id": 7}