{"cam_eye": [0.07966752459676035, 0.09107071770419034, 0.36442324739083426], "target_pos": [0.5, 0.0, 0.2], "class_id": 7}