{"cam_eye": [0.5307009253295236, -0.12546699408139786, 0.5031339173438769], "target_pos": [0.5, 0.0, 0.2], "class_id": 7}