{"cam_eye": [0.43289891178957507, -0.1288943644858853, 0.5549787243236372], "target_pos": [0.5, 0.0, 0.2], "class_id": 7}