{"cam_eye": [0.49473958724633355, 0.048166239562883226, 0.6612374953439446], "target_pos": [0.5, 0.0, 0.2], "class_id": 7}