{"cam_eye": [0.17415372346411567, 0.16230794294640125, 0.4368644456135956], "target_pos": [0.5, 0.0, 0.2], "class_id": 7}