{"cam_eye": [0.7709016010705885, 0.24316472268831377, 0.44493098575102574], "target_pos": [0.5, 0.0, 0.2], "class_id": 7}