{"cam_eye": [0.5559507647949925, 0.12900753670363183, 0.38693665052718296], "target_pos": [0.5, 0.0, 0.2], "class_id": 7}