{"cam_eye": [0.5034910231982165, -0.2065321800813746, 0.3858722221939702], "target_pos": [0.5, 0.0, 0.2], "class_id": 7}