{"cam_eye": [0.5358678980862416, 0.02954069880013515, 0.5568451631813939], "target_pos": [0.5, 0.0, 0.2], "class_id": 7}