{"cam_eye": [0.4677443801006373, -0.06601296857536103, 0.39093415756905037], "target_pos": [0.5, 0.0, 0.2], "class_id": 7}