{"cam_eye": [0.2347000092207837, 0.20786347417178544, 0.5531809683541871], "target_pos": [0.5, 0.0, 0.2], "class_id": 7}