{"cam_eye": [0.821865121085519, -0.11757038146023134, 0.4354040163713776], "target_pos": [0.5, 0.0, 0.2], "class_id": 7}