{"cam_eye": [0.43810378611341955, 0.015664685468764514, 0.41686353009575194], "target_pos": [0.5, 0.0, 0.2], "class_id": 7}