{"cam_eye": [0.4194836242253102, 0.0320309086987495, 0.3811844655375416], "target_pos": [0.5, 0.0, 0.2], "class_id": 7}