{"cam_eye": [0.5244413268630768, 0.03521493412331308, 0.43744620955007996], "target_pos": [0.5, 0.0, 0.2], "class_id": 7}