{"cam_eye": [0.6894558984619745, 0.07716357258681823, 0.2836838017649649], "target_pos": [0.5, 0.0, 0.2], "class_id": 7}