{"cam_eye": [0.4174702204186765, 0.017338928204943586, 0.4841874865621783], "target_pos": [0.5, 0.0, 0.2], "class_id": 7}