{"cam_eye": [0.36381709676021445, 0.123847456816048, 0.5553819279046608], "target_pos": [0.5, 0.0, 0.2], "class_id": 7}