{"cam_eye": [0.5630706022285141, -0.014419499982123569, 0.4212944400360108], "target_pos": [0.5, 0.0, 0.2], "class_id": 7}