{"cam_eye": [0.47322127463863517, 0.017989224635495224, 0.4041505380403129], "target_pos": [0.5, 0.0, 0.2], "class_id": 7}