{"cam_eye": [0.7155845463919028, 0.3292927845544681, 0.39490012538122277], "target_pos": [0.5, 0.0, 0.2], "class_id": 7}