{"cam_eye": [0.8215382043417845, -0.27766066350384283, 0.28336950142849204], "target_pos": [0.5, 0.0, 0.2], "class_id": 7}