{"cam_eye": [0.5632122789642633, -0.10215615472858189, 0.41292534129844516], "target_pos": [0.5, 0.0, 0.2], "class_id": 7}