{"cam_eye": [0.6728288473423328, -0.14659731016764885, 0.3848782550938627], "target_pos": [0.5, 0.0, 0.2], "class_id": 7}