{"cam_eye": [0.6231897031060428, 0.19719940215028353, 0.2334228924943012], "target_pos": [0.5, 0.0, 0.2], "class_id": 7}