{"cam_eye": [0.7574989481771692, 0.05265145742345762, 0.34185245827338195], "target_pos": [0.5, 0.0, 0.2], "class_id": 7}