{"cam_eye": [0.7044034204409549, -0.2363998822103141, 0.2703515711093807], "target_pos": [0.5, 0.0, 0.2], "class_id": 7}