{"cam_eye": [0.6960440264698503, 0.1380491495608731, 0.26203966883473057], "target_pos": [0.5, 0.0, 0.2], "class_id": 7}