{"cam_eye": [0.6456881528062268, -0.21754607188399147, 0.272158322352704], "target_pos": [0.5, 0.0, 0.2], "class_id": 7}