{"cam_eye": [0.675141518519504, -0.01817577903477998, 0.3957886080690712], "target_pos": [0.5, 0.0, 0.2], "class_id": 7}