{"cam_eye": [0.5479419684564817, -0.09232364944556148, 0.49403957003083376], "target_pos": [0.5, 0.0, 0.2], "class_id": 7}