{"cam_eye": [0.3620483191266618, 0.3752727345874609, 0.3065682451378627], "target_pos": [0.5, 0.0, 0.2], "class_id": 7}