{"cam_eye": [0.5922132631075425, -0.10873499462794944, 0.3587119054460447], "target_pos": [0.5, 0.0, 0.2], "class_id": 7}