{"cam_eye": [0.5873605024977736, 0.207325239329532, 0.5414596442719224], "target_pos": [0.5, 0.0, 0.2], "class_id": 7}