{"cam_eye": [0.4381760977617163, 0.15061353662356303, 0.33332146298714027], "target_pos": [0.5, 0.0, 0.2], "class_id": 7}