{"cam_eye": [0.6242858199773919, -0.34115338466241024, 0.5264897659276158], "target_pos": [0.5, 0.0, 0.2], "class_id": 7}