{"cam_eye": [0.2859513457781892, -0.16160807861979534, 0.4482473150051467], "target_pos": [0.5, 0.0, 0.2], "class_id": 7}