{"cam_eye": [0.5812345094420858, 0.07435736902278016, 0.5274477875427814], "target_pos": [0.5, 0.0, 0.2], "class_id": 7}