{"cam_eye": [0.28551893668033934, 0.1308557715385245, 0.25897708257391416], "target_pos": [0.5, 0.0, 0.2], "class_id": 7}