{"cam_eye": [0.3202287945823369, 0.11923763870211596, 0.6471635133142462], "target_pos": [0.5, 0.0, 0.2], "class_id": 7}