{"cam_eye": [0.5214649026060204, 0.07037669092730757, 0.6188203476387406], "target_pos": [0.5, 0.0, 0.2], "class_id": 7}