{"cam_eye": [0.39135268472270596, -0.011792373280333333, 0.6792539418372092], "target_pos": [0.5, 0.0, 0.2], "class_id": 7}