{"cam_eye": [0.4062534561430351, -0.10192002644462447, 0.5035156739144158], "target_pos": [0.5, 0.0, 0.2], "class_id": 7}