{"cam_eye": [0.6575616107005275, -0.11955322268267563, 0.5786167673345961], "target_pos": [0.5, 0.0, 0.2], "class_id": 7}