{"cam_eye": [0.570716274122812, -0.0014453250337880532, 0.520782976278777], "target_pos": [0.5, 0.0, 0.2], "class_id": 7}