{"cam_eye": [0.7836372856675415, -0.03055334887811263, 0.4505535253081062], "target_pos": [0.5, 0.0, 0.2], "class_id": 7}