{"cam_eye": [0.6841285601683668, 0.04301187885875051, 0.494206854327898], "target_pos": [0.5, 0.0, 0.2], "class_id": 7}