{"cam_eye": [0.35572055670384084, -0.34505085570595756, 0.5060154003615231], "target_pos": [0.5, 0.0, 0.2], "class_id": 7}