{"cam_eye": [0.3672474029598919, 0.279356208663311, 0.3764129428449663], "target_pos": [0.5, 0.0, 0.2], "class_id": 7}