{"cam_eye": [0.9090264888469359, -0.1836131439495905, 0.37272938953546975], "target_pos": [0.5, 0.0, 0.2], "class_id": 7}