{"cam_eye": [0.4406256347377463, 0.017546547858930818, 0.4458844573267], "target_pos": [0.5, 0.0, 0.2], "class_id": 7}