{"cam_eye": [0.07788902192371328, -0.15507852189321714, 0.30545572365738727], "target_pos": [0.5, 0.0, 0.2], "class_id": 7}