{"cam_eye": [0.8630588342374452, -0.22107567207576276, 0.4270094739460755], "target_pos": [0.5, 0.0, 0.2], "class_id": 7}