{"cam_eye": [0.6542282602183296, 0.3872269189168363, 0.3151642210982325], "target_pos": [0.5, 0.0, 0.2], "class_id": 7}