{"cam_eye": [0.6889610427929528, -0.0693249584267172, 0.2736496210587528], "target_pos": [0.5, 0.0, 0.2], "class_id": 7}