{"cam_eye": [0.5129647978248587, -0.1479447244879012, 0.6185390154544554], "target_pos": [0.5, 0.0, 0.2], "class_id": 7}