{"cam_eye": [0.6418430134493247, 0.113697197853459, 0.6084563962417766], "target_pos": [0.5, 0.0, 0.2], "class_id": 7}