{"cam_eye": [0.6043380891028786, -0.026519373870570385, 0.4085067597917509], "target_pos": [0.5, 0.0, 0.2], "class_id": 7}