{"cam_eye": [0.637037912122734, 0.024918457637494427, 0.3612610202606452], "target_pos": [0.5, 0.0, 0.2], "class_id": 7}