{"cam_eye": [0.9080707439319701, -0.03457847126534405, 0.43337206964229424], "target_pos": [0.5, 0.0, 0.2], "class_id": 7}