{"cam_eye": [0.7470230917049135, 0.22695768877733907, 0.46909654585108607], "target_pos": [0.5, 0.0, 0.2], "class_id": 7}