{"cam_eye": [0.46358423325734816, 0.04332520328342175, 0.5145160101902898], "target_pos": [0.5, 0.0, 0.2], "class_id": 7}