{"cam_eye": [0.1976578317276096, 0.132038637408937, 0.23879809630352486], "target_pos": [0.5, 0.0, 0.2], "class_id": 7}