{"cam_eye": [0.4031387277969469, 0.0848017879667524, 0.4801254071722316], "target_pos": [0.5, 0.0, 0.2], "class_id": 7}