{"cam_eye": [0.6752227392170427, -0.24642185939090683, 0.3451291656035367], "target_pos": [0.5, 0.0, 0.2], "class_id": 7}