{"cam_eye": [0.48689044491438155, -0.11105714795780734, 0.45872604322483956], "target_pos": [0.5, 0.0, 0.2], "class_id": 7}