{"cam_eye": [0.3801531844246531, -0.3849194302331528, 0.4926280407994576], "target_pos": [0.5, 0.0, 0.2], "class_id": 7}