{"cam_eye": [0.4064947924076405, -0.04031725876437408, 0.41818070387820216], "target_pos": [0.5, 0.0, 0.2], "class_id": 17}