{"cam_eye": [0.3651157298630803, -0.20975702531377977, 0.3329270967986126], "target_pos": [0.5, 0.0, 0.2], "class_id": 17}