{"cam_eye": [0.3549862962725271, 0.01164222646949002, 0.5559311030681837], "target_pos": [0.5, 0.0, 0.2], "class_id": 17}