{"cam_eye": [0.5797289168121014, -0.12631935734184407, 0.6568638535757545], "target_pos": [0.5, 0.0, 0.2], "class_id": 17}