{"cam_eye": [0.5410704450806022, 0.03473723417243522, 0.6190234956846594], "target_pos": [0.5, 0.0, 0.2], "class_id": 17}