{"cam_eye": [0.41945085864057896, 0.03465454254842287, 0.3831529658668794], "target_pos": [0.5, 0.0, 0.2], "class_id": 17}