{"cam_eye": [0.5058848252648867, 0.2669974730064192, 0.3266257154082072], "target_pos": [0.5, 0.0, 0.2], "class_id": 17}