{"cam_eye": [0.6945648390972193, 0.07372749444391834, 0.28820721963711116], "target_pos": [0.5, 0.0, 0.2], "class_id": 17}