{"cam_eye": [0.4960755884610286, -0.1439181472555791, 0.44980748453971575], "target_pos": [0.5, 0.0, 0.2], "class_id": 17}