{"cam_eye": [0.8586102497786774, 0.0918118556594463, 0.28908689113741254], "target_pos": [0.5, 0.0, 0.2], "class_id": 17}