{"cam_eye": [0.4499810177221497, 0.00040175173371832454, 0.5418870147941809], "target_pos": [0.5, 0.0, 0.2], "class_id": 17}