{"cam_eye": [0.6275770956062848, 0.02377453023460707, 0.6743140766992028], "target_pos": [0.5, 0.0, 0.2], "class_id": 17}