{"cam_eye": [0.058696321077947144, 0.1510145720510921, 0.3345815852141372], "target_pos": [0.5, 0.0, 0.2], "class_id": 17}