{"cam_eye": [0.7711108961953533, 0.21743528591358816, 0.4920829700072178], "target_pos": [0.5, 0.0, 0.2], "class_id": 17}