{"cam_eye": [0.24782246809706, 0.10903547101134747, 0.2595333368894313], "target_pos": [0.5, 0.0, 0.2], "class_id": 17}