{"cam_eye": [0.6547652814912275, -0.05659085262675047, 0.38616508184917187], "target_pos": [0.5, 0.0, 0.2], "class_id": 17}