{"cam_eye": [0.39603439273315855, -0.30663266816782797, 0.34095444631309907], "target_pos": [0.5, 0.0, 0.2], "class_id": 17}