{"cam_eye": [0.6309076137723659, -0.20270707759111775, 0.23148966997318765], "target_pos": [0.5, 0.0, 0.2], "class_id": 17}