{"cam_eye": [0.7470832778659724, 0.23874992386996668, 0.5114719075076668], "target_pos": [0.5, 0.0, 0.2], "class_id": 17}