{"cam_eye": [0.23307773080160465, 0.10717414667148689, 0.32208445062396895], "target_pos": [0.5, 0.0, 0.2], "class_id": 17}