{"cam_eye": [0.5608600982146, -0.2106915563129737, 0.22785013790384304], "target_pos": [0.5, 0.0, 0.2], "class_id": 17}