{"cam_eye": [0.357514261445896, -0.11560420988128574, 0.45556030828703986], "target_pos": [0.5, 0.0, 0.2], "class_id": 17}