{"cam_eye": [0.4633006350741382, -0.12089973934690545, 0.6738448336516213], "target_pos": [0.5, 0.0, 0.2], "class_id": 17}