{"cam_eye": [0.5395420760858026, 0.04931744700945189, 0.46222590299352295], "target_pos": [0.5, 0.0, 0.2], "class_id": 17}