{"cam_eye": [0.5248119220511556, -0.21457114480863299, 0.381341565385224], "target_pos": [0.5, 0.0, 0.2], "class_id": 17}