{"cam_eye": [0.46758452912797016, 0.28021540583333043, 0.30498315785461527], "target_pos": [0.5, 0.0, 0.2], "class_id": 17}