{"cam_eye": [0.7654246925178877, 0.2403726974441045, 0.5068819360525685], "target_pos": [0.5, 0.0, 0.2], "class_id": 17}