{"cam_eye": [0.4704308969363697, -0.14418625575908062, 0.4747852074819568], "target_pos": [0.5, 0.0, 0.2], "class_id": 17}