{"cam_eye": [0.5796033463467016, 0.048851766799334485, 0.5978453627979128], "target_pos": [0.5, 0.0, 0.2], "class_id": 17}