{"cam_eye": [0.6274371974175983, 0.10168511741651388, 0.4608162732068324], "target_pos": [0.5, 0.0, 0.2], "class_id": 17}