{"cam_eye": [0.3930840483952014, 0.006794642874949416, 0.6882792904226182], "target_pos": [0.5, 0.0, 0.2], "class_id": 17}