{"cam_eye": [0.6788981720864502, 0.12072403364672744, 0.27443444877845247], "target_pos": [0.5, 0.0, 0.2], "class_id": 17}