{"cam_eye": [0.42633400927390397, 0.14102488921546502, 0.5510881854659713], "target_pos": [0.5, 0.0, 0.2], "class_id": 17}