{"cam_eye": [0.4849007972130333, -0.036989269064932474, 0.4998640731588954], "target_pos": [0.5, 0.0, 0.2], "class_id": 17}