{"cam_eye": [0.7910779727325744, 0.05950503347339463, 0.3043274056336361], "target_pos": [0.5, 0.0, 0.2], "class_id": 17}