{"cam_eye": [0.675459791301604, 0.2777165353367151, 0.5445800600555215], "target_pos": [0.5, 0.0, 0.2], "class_id": 17}