{"cam_eye": [0.4261108529907085, 0.11622072372552338, 0.5598285501168839], "target_pos": [0.5, 0.0, 0.2], "class_id": 17}