{"cam_eye": [0.4526704784416609, -0.03682701932666626, 0.5487531759663067], "target_pos": [0.5, 0.0, 0.2], "class_id": 17}