{"cam_eye": [0.1279618774106348, -0.24627358741942112, 0.30140725219949427], "target_pos": [0.5, 0.0, 0.2], "class_id": 17}