{"cam_eye": [0.63053470496494, -0.28036545748492564, 0.4788921215519655], "target_pos": [0.5, 0.0, 0.2], "class_id": 17}