{"cam_eye": [0.3020276873923772, 0.03262654479705683, 0.3294182620223848], "target_pos": [0.5, 0.0, 0.2], "class_id": 17}