{"cam_eye": [0.5393873571222682, 0.2515040577967728, 0.4404697030476445], "target_pos": [0.5, 0.0, 0.2], "class_id": 17}