{"cam_eye": [0.34878818383109456, -0.155392354820851, 0.22419585181482124], "target_pos": [0.5, 0.0, 0.2], "class_id": 17}