{"cam_eye": [0.46231321187682023, 0.2537159792753139, 0.24174152744118166], "target_pos": [0.5, 0.0, 0.2], "class_id": 17}