{"cam_eye": [0.6099856020054655, 0.09743097114685043, 0.4453822180865986], "target_pos": [0.5, 0.0, 0.2], "class_id": 17}