{"cam_eye": [0.6798391832677653, 0.06219039718502133, 0.3288919463307297], "target_pos": [0.5, 0.0, 0.2], "class_id": 17}