{"cam_eye": [0.6815321792315376, 0.0780011009525309, 0.6442232851892304], "target_pos": [0.5, 0.0, 0.2], "class_id": 17}