{"cam_eye": [0.846757753514562, -0.10144206525748135, 0.5254081718442742], "target_pos": [0.5, 0.0, 0.2], "class_id": 17}