{"cam_eye": [0.42979395621723326, 0.15069157208868725, 0.43715018097277425], "target_pos": [0.5, 0.0, 0.2], "class_id": 17}