{"cam_eye": [0.970728426238828, -0.006530537616229483, 0.33353820284225416], "target_pos": [0.5, 0.0, 0.2], "class_id": 17}