{"cam_eye": [0.6100071482599474, -0.3420117495740722, 0.40464884592285805], "target_pos": [0.5, 0.0, 0.2], "class_id": 17}