{"cam_eye": [0.40020986009391724, -0.2846123193323506, 0.31500256644853364], "target_pos": [0.5, 0.0, 0.2], "class_id": 17}