{"cam_eye": [0.6422483547957709, -0.005744069100570234, 0.512535784584111], "target_pos": [0.5, 0.0, 0.2], "class_id": 17}