{"cam_eye": [0.538368433800805, -0.04165517769368285, 0.43837281378555404], "target_pos": [0.5, 0.0, 0.2], "class_id": 17}