{"cam_eye": [0.5652183250995734, -0.09550833154971822, 0.3806622105055631], "target_pos": [0.5, 0.0, 0.2], "class_id": 17}