{"cam_eye": [0.6024213556521802, -0.26241440193540244, 0.4904021709060275], "target_pos": [0.5, 0.0, 0.2], "class_id": 17}