{"cam_eye": [0.6367817552372979, 0.09926880829183556, 0.5331524013338895], "target_pos": [0.5, 0.0, 0.2], "class_id": 17}