{"cam_eye": [0.38840796843677255, 0.033152092589609085, 0.3872475025400755], "target_pos": [0.5, 0.0, 0.2], "class_id": 17}