{"cam_eye": [0.5420864129007434, 0.06492525627885225, 0.6388573691671244], "target_pos": [0.5, 0.0, 0.2], "class_id": 17}