{"cam_eye": [0.47368743021181486, -0.37769328040700195, 0.3126177638114609], "target_pos": [0.5, 0.0, 0.2], "class_id": 17}