{"cam_eye": [0.4007079846067527, 0.1620734279076024, 0.36602280481203275], "target_pos": [0.5, 0.0, 0.2], "class_id": 17}