{"cam_eye": [0.3085766522271329, 0.04523829565204433, 0.28061550432210275], "target_pos": [0.5, 0.0, 0.2], "class_id": 17}