{"cam_eye": [0.46697175185721107, -0.16275613135017805, 0.46376825661981863], "target_pos": [0.5, 0.0, 0.2], "class_id": 17}