{"cam_eye": [0.49816282578060417, -0.428319853857407, 0.34318492840462067], "target_pos": [0.5, 0.0, 0.2], "class_id": 17}