{"cam_eye": [0.2653442587863828, -0.0740235269153194, 0.6175812496099963], "target_pos": [0.5, 0.0, 0.2], "class_id": 17}