{"cam_eye": [0.8022335845520561, 0.01768040814554604, 0.3726790289885128], "target_pos": [0.5, 0.0, 0.2], "class_id": 17}