{"cam_eye": [0.9612267488788648, -0.034398087000196455, 0.3279172045583628], "target_pos": [0.5, 0.0, 0.2], "class_id": 17}