{"cam_eye": [0.5773781705810943, 0.38591121616049684, 0.28015807440064977], "target_pos": [0.5, 0.0, 0.2], "class_id": 17}