{"cam_eye": [0.3061545942860992, 0.11592885171150621, 0.3551449171851453], "target_pos": [0.5, 0.0, 0.2], "class_id": 17}