{"cam_eye": [0.5468139260085878, 0.3460508666747946, 0.5047895620520337], "target_pos": [0.5, 0.0, 0.2], "class_id": 17}