{"cam_eye": [0.2979682154746917, -0.2244191504295852, 0.4237746241172561], "target_pos": [0.5, 0.0, 0.2], "class_id": 17}