{"cam_eye": [0.18916261613381996, -0.1659101739671284, 0.5150477368887487], "target_pos": [0.5, 0.0, 0.2], "class_id": 17}