{"cam_eye": [0.7073150515697236, -0.09580499621153458, 0.3099462888085897], "target_pos": [0.5, 0.0, 0.2], "class_id": 17}