{"cam_eye": [0.5118653968236352, -0.20746475344870088, 0.3128590491975657], "target_pos": [0.5, 0.0, 0.2], "class_id": 17}