{"cam_eye": [0.756057108389375, -0.3488233726505705, 0.3837757718088346], "target_pos": [0.5, 0.0, 0.2], "class_id": 17}