{"cam_eye": [0.7109623688190648, -0.3035920000760185, 0.35333981738154663], "target_pos": [0.5, 0.0, 0.2], "class_id": 17}