{"cam_eye": [0.3626515000583156, 0.011026910952276394, 0.5131630831542515], "target_pos": [0.5, 0.0, 0.2], "class_id": 17}