{"cam_eye": [0.6249405230109057, 0.008783752158477733, 0.5515754063648849], "target_pos": [0.5, 0.0, 0.2], "class_id": 17}