{"cam_eye": [0.5573856949737628, -0.0734422628879507, 0.38787070448211614], "target_pos": [0.5, 0.0, 0.2], "class_id": 17}