{"cam_eye": [0.497912966758241, -0.03707205384029448, 0.42059490939600386], "target_pos": [0.5, 0.0, 0.2], "class_id": 17}