{"cam_eye": [0.4507513389588955, 0.011410214595456058, 0.6682430295245557], "target_pos": [0.5, 0.0, 0.2], "class_id": 17}