{"cam_eye": [0.14704065824426482, 0.24037133011346457, 0.27138437469488275], "target_pos": [0.5, 0.0, 0.2], "class_id": 17}