{"cam_eye": [0.45488688097012064, 0.12402029988326123, 0.6314681692588717], "target_pos": [0.5, 0.0, 0.2], "class_id": 17}