{"cam_eye": [0.6559941231131661, 0.24289781202761265, 0.2485946227472741], "target_pos": [0.5, 0.0, 0.2], "class_id": 17}