{"cam_eye": [0.5675254836692829, -0.07344495017158222, 0.4893922810206379], "target_pos": [0.5, 0.0, 0.2], "class_id": 17}