{"cam_eye": [0.4004377328717462, -0.13683278577385494, 0.6103386469336183], "target_pos": [0.5, 0.0, 0.2], "class_id": 17}