{"cam_eye": [0.5891507358205165, -0.19514816145418484, 0.2732633508322265], "target_pos": [0.5, 0.0, 0.2], "class_id": 17}