{"cam_eye": [0.7697009294500994, 0.13514789842407401, 0.2718165871362483], "target_pos": [0.5, 0.0, 0.2], "class_id": 17}