{"cam_eye": [0.6101125647803932, 0.009831098150380354, 0.4592770037569502], "target_pos": [0.5, 0.0, 0.2], "class_id": 17}