{"cam_eye": [0.6669352377409061, -0.07568855801441494, 0.5466033970962697], "target_pos": [0.5, 0.0, 0.2], "class_id": 17}