{"cam_eye": [0.22884389288352547, 0.1036783835286493, 0.411085523973057], "target_pos": [0.5, 0.0, 0.2], "class_id": 17}