{"cam_eye": [0.6002257552163666, 0.05079761368108078, 0.5266362455028711], "target_pos": [0.5, 0.0, 0.2], "class_id": 17}