{"cam_eye": [0.538452607934022, 0.036966680490158, 0.63381394962689], "target_pos": [0.5, 0.0, 0.2], "class_id": 17}