{"cam_eye": [0.7751545190347651, -0.07658765208021258, 0.5009477459719935], "target_pos": [0.5, 0.0, 0.2], "class_id": 17}