{"cam_eye": [0.33266960990180217, -0.1808016495949948, 0.3871290759667836], "target_pos": [0.5, 0.0, 0.2], "class_id": 17}