{"cam_eye": [0.3811163052107873, -0.16005208180611954, 0.3840835504616931], "target_pos": [0.5, 0.0, 0.2], "class_id": 17}