{"cam_eye": [0.44831886874840804, 0.05147698817556253, 0.6221555985954319], "target_pos": [0.5, 0.0, 0.2], "class_id": 17}