{"cam_eye": [0.5223828171590453, -0.010986754511993685, 0.4121666393349523], "target_pos": [0.5, 0.0, 0.2], "class_id": 17}