{"cam_eye": [0.5727144681435582, 0.05802398331850488, 0.418253898648545], "target_pos": [0.5, 0.0, 0.2], "class_id": 17}