{"cam_eye": [0.39285608689645224, 0.1422235541031504, 0.3031077899399369], "target_pos": [0.5, 0.0, 0.2], "class_id": 17}