{"cam_eye": [0.24485803296160913, -0.14658622984125125, 0.49940588498475835], "target_pos": [0.5, 0.0, 0.2], "class_id": 0}