{"cam_eye": [0.3313169071664012, -0.10716883147712872, 0.34573547457840204], "target_pos": [0.5, 0.0, 0.2], "class_id": 0}