{"cam_eye": [0.4076482118621872, -0.31218515586888623, 0.2630847692175981], "target_pos": [0.5, 0.0, 0.2], "class_id": 0}