{"cam_eye": [0.4405411601027848, -0.06609818579787761, 0.6369617461258525], "target_pos": [0.5, 0.0, 0.2], "class_id": 0}