{"cam_eye": [0.5930795468766155, -0.31964118603407743, 0.5298857543254318], "target_pos": [0.5, 0.0, 0.2], "class_id": 0}