{"cam_eye": [0.5240537454710216, 0.29293133902772156, 0.3194105799440575], "target_pos": [0.5, 0.0, 0.2], "class_id": 0}