{"cam_eye": [0.6658746431291236, -0.1874184324781756, 0.27118850430641084], "target_pos": [0.5, 0.0, 0.2], "class_id": 0}