{"cam_eye": [0.4483574588666506, 0.06314829779375461, 0.5160975874577634], "target_pos": [0.5, 0.0, 0.2], "class_id": 0}