{"cam_eye": [0.6364499511539501, 0.10463185806616758, 0.3731317411733789], "target_pos": [0.5, 0.0, 0.2], "class_id": 0}