{"cam_eye": [0.4775593987286128, 0.03641294610928804, 0.6254250195898852], "target_pos": [0.5, 0.0, 0.2], "class_id": 0}