{"cam_eye": [0.46838497344280616, 0.010743865914638094, 0.4804471510553946], "target_pos": [0.5, 0.0, 0.2], "class_id": 0}