{"cam_eye": [0.7781048492956965, 0.08829970052680018, 0.43198283424506023], "target_pos": [0.5, 0.0, 0.2], "class_id": 0}