{"cam_eye": [0.4515406116429686, -0.009313663871543679, 0.4502825561731502], "target_pos": [0.5, 0.0, 0.2], "class_id": 0}