{"cam_eye": [0.6694060417481654, 0.20186064810814977, 0.2611724674481346], "target_pos": [0.5, 0.0, 0.2], "class_id": 0}