{"cam_eye": [0.29558339764799124, 0.2578652873462521, 0.3538809394959906], "target_pos": [0.5, 0.0, 0.2], "class_id": 0}