{"cam_eye": [0.64676300792336, 0.1703797382876862, 0.33715463393122413], "target_pos": [0.5, 0.0, 0.2], "class_id": 0}