{"cam_eye": [0.3960255379507248, -0.03541373433175639, 0.6579679928029039], "target_pos": [0.5, 0.0, 0.2], "class_id": 0}