{"cam_eye": [0.4681717658348476, -0.2007303199189297, 0.41704514639806806], "target_pos": [0.5, 0.0, 0.2], "class_id": 0}