{"cam_eye": [0.6610539567658371, -0.22952465369903913, 0.4116006744747821], "target_pos": [0.5, 0.0, 0.2], "class_id": 0}