{"cam_eye": [0.7617229568778392, -0.254477197925572, 0.5215198464514241], "target_pos": [0.5, 0.0, 0.2], "class_id": 0}