{"cam_eye": [0.4849890982732548, -0.09577235207451762, 0.40641175903728294], "target_pos": [0.5, 0.0, 0.2], "class_id": 0}