{"cam_eye": [0.5590055274618643, -0.016020243636718168, 0.41052539618597483], "target_pos": [0.5, 0.0, 0.2], "class_id": 0}