{"cam_eye": [0.3519690751309231, -0.09715293968320426, 0.4960863539112477], "target_pos": [0.5, 0.0, 0.2], "class_id": 0}