{"cam_eye": [0.22096357348217222, -0.17706511534186423, 0.41214173888648625], "target_pos": [0.5, 0.0, 0.2], "class_id": 0}