{"cam_eye": [0.35020783568748337, 0.2686496885367912, 0.5091612210220029], "target_pos": [0.5, 0.0, 0.2], "class_id": 0}