{"cam_eye": [0.5230367271293795, 0.03313227442588915, 0.414920259643138], "target_pos": [0.5, 0.0, 0.2], "class_id": 0}