{"cam_eye": [0.5063024797060662, 0.13206532020645806, 0.36818273957963404], "target_pos": [0.5, 0.0, 0.2], "class_id": 0}