{"cam_eye": [0.7504666301569425, 0.10847316794061088, 0.28838441862272257], "target_pos": [0.5, 0.0, 0.2], "class_id": 0}