{"cam_eye": [0.227322166993161, -0.0011030170808361205, 0.5179270487728277], "target_pos": [0.5, 0.0, 0.2], "class_id": 0}