{"cam_eye": [0.432496536412856, -0.21936123832746324, 0.26774510147494474], "target_pos": [0.5, 0.0, 0.2], "class_id": 0}