{"cam_eye": [0.671161093189051, 0.2563577968847837, 0.40912416741840996], "target_pos": [0.5, 0.0, 0.2], "class_id": 0}