{"cam_eye": [0.2830244230530344, 0.016070668719409636, 0.36239492340081286], "target_pos": [0.5, 0.0, 0.2], "class_id": 0}