{"cam_eye": [0.28506304567938046, 0.41254524453485353, 0.3145179884830116], "target_pos": [0.5, 0.0, 0.2], "class_id": 0}