{"cam_eye": [0.5450817435612717, -0.05122906944082671, 0.41590113112623633], "target_pos": [0.5, 0.0, 0.2], "class_id": 0}