{"cam_eye": [0.19817554195937048, -0.18855894629534398, 0.4737522533411629], "target_pos": [0.5, 0.0, 0.2], "class_id": 0}