{"cam_eye": [0.6267670829519112, 0.13635968901031723, 0.3176237102941865], "target_pos": [0.5, 0.0, 0.2], "class_id": 0}