{"cam_eye": [0.4202237589264374, -0.2056899907627959, 0.3785533536171526], "target_pos": [0.5, 0.0, 0.2], "class_id": 0}