{"cam_eye": [0.11427422651137831, 0.04389482691163945, 0.2622664553998548], "target_pos": [0.5, 0.0, 0.2], "class_id": 0}