{"cam_eye": [0.46607647033484295, 0.011456525084856034, 0.44715568277595813], "target_pos": [0.5, 0.0, 0.2], "class_id": 0}