{"cam_eye": [0.460611781587606, 0.28863143722611745, 0.26104120955028637], "target_pos": [0.5, 0.0, 0.2], "class_id": 0}