{"cam_eye": [0.623863352915499, -0.03037048236728483, 0.42700523177103733], "target_pos": [0.5, 0.0, 0.2], "class_id": 0}