{"cam_eye": [0.4129886572848894, -0.12947580770090056, 0.5947651707545395], "target_pos": [0.5, 0.0, 0.2], "class_id": 0}