{"cam_eye": [0.1915770918106522, -0.05946790906676354, 0.44076911546153086], "target_pos": [0.5, 0.0, 0.2], "class_id": 0}