{"cam_eye": [0.2891056926774225, -0.2073670544858474, 0.26558574938375823], "target_pos": [0.5, 0.0, 0.2], "class_id": 0}