{"cam_eye": [0.4231231318749476, 0.056465565563276345, 0.45857566123531396], "target_pos": [0.5, 0.0, 0.2], "class_id": 0}