{"cam_eye": [0.4607557494768348, 0.4493226289697838, 0.3614429162341769], "target_pos": [0.5, 0.0, 0.2], "class_id": 0}