{"cam_eye": [0.4788005833861908, -0.014430131750392297, 0.4077784346807812], "target_pos": [0.5, 0.0, 0.2], "class_id": 0}