{"cam_eye": [0.6967188810315745, -0.40140684768466384, 0.34197873088662467], "target_pos": [0.5, 0.0, 0.2], "class_id": 0}