{"cam_eye": [0.41857175783938216, -0.11057141236038567, 0.4998705206439596], "target_pos": [0.5, 0.0, 0.2], "class_id": 0}