{"cam_eye": [0.4056703083655636, -0.09293696659328195, 0.3927543771823717], "target_pos": [0.5, 0.0, 0.2], "class_id": 0}