{"cam_eye": [0.8022930491234659, 0.20019859554399672, 0.4319789382743908], "target_pos": [0.5, 0.0, 0.2], "class_id": 0}