{"cam_eye": [0.5356366523194249, 0.21863774785817058, 0.5122932719318097], "target_pos": [0.5, 0.0, 0.2], "class_id": 0}