{"cam_eye": [0.5637296287794846, 0.22492970115792432, 0.3594021509063004], "target_pos": [0.5, 0.0, 0.2], "class_id": 0}