{"cam_eye": [0.21803163171797713, 0.16952310049598396, 0.2885707831188691], "target_pos": [0.5, 0.0, 0.2], "class_id": 0}