{"cam_eye": [0.34860823933782287, 0.02584987354247491, 0.46853866503653047], "target_pos": [0.5, 0.0, 0.2], "class_id": 0}