{"cam_eye": [0.6226368218865231, -0.045414814024900656, 0.606749392916711], "target_pos": [0.5, 0.0, 0.2], "class_id": 0}