{"cam_eye": [0.443379691204668, -0.012149795781200812, 0.6495734853043662], "target_pos": [0.5, 0.0, 0.2], "class_id": 0}