{"cam_eye": [0.64117108639774, -0.28445070102243925, 0.512014171946808], "target_pos": [0.5, 0.0, 0.2], "class_id": 0}