{"cam_eye": [0.7642305876033523, -0.1538939915223709, 0.46343891196632975], "target_pos": [0.5, 0.0, 0.2], "class_id": 0}