{"cam_eye": [0.4140031784572029, -0.07879328791950634, 0.5855283720341038], "target_pos": [0.5, 0.0, 0.2], "class_id": 0}