{"cam_eye": [0.37311104750211055, -0.05048031356643088, 0.38949444209668527], "target_pos": [0.5, 0.0, 0.2], "class_id": 0}