{"cam_eye": [0.32056598368706957, -0.09579956110962047, 0.632745079876363], "target_pos": [0.5, 0.0, 0.2], "class_id": 0}