{"cam_eye": [0.41367725182661935, 0.13917277191010433, 0.5050267601665709], "target_pos": [0.5, 0.0, 0.2], "class_id": 0}