{"cam_eye": [0.5572135519092348, 0.031769426551489933, 0.46004855112157905], "target_pos": [0.5, 0.0, 0.2], "class_id": 0}