{"cam_eye": [0.532919620503282, -0.12913859297046462, 0.42599604292066306], "target_pos": [0.5, 0.0, 0.2], "class_id": 0}