{"cam_eye": [0.6455334110908616, 0.20032072210889004, 0.48244787992866095], "target_pos": [0.5, 0.0, 0.2], "class_id": 0}