{"cam_eye": [0.16416694028660728, 0.09720384333204371, 0.45559114529201217], "target_pos": [0.5, 0.0, 0.2], "class_id": 0}