{"cam_eye": [0.417941419342024, -0.047440566873173634, 0.4378805599804714], "target_pos": [0.5, 0.0, 0.2], "class_id": 0}