{"cam_eye": [0.759533491072256, -0.1343479853776201, 0.34831648371349977], "target_pos": [0.5, 0.0, 0.2], "class_id": 0}