{"cam_eye": [0.7648596909706529, -0.04341780052969639, 0.23661837490859], "target_pos": [0.5, 0.0, 0.2], "class_id": 0}