{"cam_eye": [0.5535850841245145, 0.08914697796894769, 0.5013559100807954], "target_pos": [0.5, 0.0, 0.2], "class_id": 0}