{"cam_eye": [0.2838466236335132, -0.09804764154183764, 0.4243293475146708], "target_pos": [0.5, 0.0, 0.2], "class_id": 0}