{"cam_eye": [0.423002741916258, 0.21790777275014026, 0.5422030212933389], "target_pos": [0.5, 0.0, 0.2], "class_id": 0}