{"cam_eye": [0.5142126603078546, 0.041307698391901265, 0.5205519571009192], "target_pos": [0.5, 0.0, 0.2], "class_id": 0}