{"cam_eye": [0.36659800128213876, 0.10687048291385405, 0.4045235494260873], "target_pos": [0.5, 0.0, 0.2], "class_id": 0}