{"cam_eye": [0.7848203169556784, 0.13604011980136027, 0.38088910235232165], "target_pos": [0.5, 0.0, 0.2], "class_id": 0}