{"cam_eye": [0.7492340714934924, 0.19753641512934614, 0.3390579173457688], "target_pos": [0.5, 0.0, 0.2], "class_id": 0}