{"cam_eye": [0.3385457847667234, -0.05261214788019281, 0.5720654035441931], "target_pos": [0.5, 0.0, 0.2], "class_id": 0}