{"cam_eye": [0.4438047716395972, 0.11015214077417217, 0.6742001952207026], "target_pos": [0.5, 0.0, 0.2], "class_id": 0}