{"cam_eye": [0.6289135410996731, -0.002175089242518751, 0.4686064190703554], "target_pos": [0.5, 0.0, 0.2], "class_id": 0}