{"cam_eye": [0.3753252639670709, 0.2790383404693645, 0.430528670486265], "target_pos": [0.5, 0.0, 0.2], "class_id": 0}