{"cam_eye": [0.33036435403159786, -0.24187852277688354, 0.4915067595845639], "target_pos": [0.5, 0.0, 0.2], "class_id": 0}