{"cam_eye": [0.4672151440714035, -0.30893436262004204, 0.39863151947185704], "target_pos": [0.5, 0.0, 0.2], "class_id": 0}