{"cam_eye": [0.4596426725941998, -0.2916133622734511, 0.4315353984577093], "target_pos": [0.5, 0.0, 0.2], "class_id": 0}