{"cam_eye": [0.2171033789333935, 0.04636700505003701, 0.5600436339729796], "target_pos": [0.5, 0.0, 0.2], "class_id": 0}