{"cam_eye": [0.6454559966375671, -0.08660367836369774, 0.584043424204246], "target_pos": [0.5, 0.0, 0.2], "class_id": 0}