{"cam_eye": [0.6478107384481085, -0.16304136475011646, 0.2530865254891995], "target_pos": [0.5, 0.0, 0.2], "class_id": 0}