{"cam_eye": [0.5784903481217, 0.02810841484556758, 0.4114878133744417], "target_pos": [0.5, 0.0, 0.2], "class_id": 0}