{"cam_eye": [0.5797200728941515, -0.2857615208667669, 0.5136853607129688], "target_pos": [0.5, 0.0, 0.2], "class_id": 0}