{"cam_eye": [0.44681919158825334, -0.04525987328057522, 0.537165158843254], "target_pos": [0.5, 0.0, 0.2], "class_id": 0}