{"cam_eye": [0.40872837618900465, -0.18851552260428078, 0.5161218892172128], "target_pos": [0.5, 0.0, 0.2], "class_id": 0}