{"cam_eye": [0.5855121585307067, 0.17279583071144575, 0.5178976442346854], "target_pos": [0.5, 0.0, 0.2], "class_id": 0}