{"cam_eye": [0.7401353306229302, 0.34863840695261583, 0.3625931876555164], "target_pos": [0.5, 0.0, 0.2], "class_id": 0}