{"cam_eye": [0.3691851739754618, -0.044070965732331296, 0.5832123113157961], "target_pos": [0.5, 0.0, 0.2], "class_id": 0}