{"cam_eye": [0.8391053690068295, -0.02722267761996622, 0.3309083454692877], "target_pos": [0.5, 0.0, 0.2], "class_id": 0}