{"cam_eye": [0.4758737203372091, -0.047550532904004954, 0.4610303946729919], "target_pos": [0.5, 0.0, 0.2], "class_id": 0}