{"cam_eye": [0.2693930363937639, -0.2552309251337434, 0.36446792092905556], "target_pos": [0.5, 0.0, 0.2], "class_id": 0}