{"cam_eye": [0.5448905106724478, 0.34066288219061963, 0.48029391870907623], "target_pos": [0.5, 0.0, 0.2], "class_id": 0}