{"cam_eye": [0.7866096098997938, 0.14658955712109376, 0.45169782455667046], "target_pos": [0.5, 0.0, 0.2], "class_id": 0}