{"cam_eye": [0.3878144801863205, -0.15504615429118523, 0.3479499769814533], "target_pos": [0.5, 0.0, 0.2], "class_id": 0}